{"type": "FeatureCollection", "features": [{"type": "Feature", "geometry": {"type": "Polygon", "coordinates": [[[1798.3, 5081.0], [1798.3, 5077.1], [1796.3, 5077.1], [1796.3, 5075.1], [1794.3, 5075.1], [1794.3, 5073.1], [1792.3, 5073.1], [1792.3, 5071.1], [1794.3, 5071.1], [1794.3, 5069.1], [1796.3, 5069.1], [1796.3, 5065.1], [1812.3, 5065.1], [1812.3, 5067.1], [1814.3, 5067.1], [1814.3, 5071.1], [1816.3, 5071.1], [1816.3, 5075.1], [1814.3, 5075.1], [1814.3, 5079.0], [1804.3, 5079.0], [1804.3, 5081.0], [1798.3, 5081.0]]]}, "properties": {"cell_id": 1}}, {"type": "Feature", "geometry": {"type": "Polygon", "coordinates": [[[2488.2, 5168.7], [2488.2, 5166.7], [2484.2, 5166.7], [2484.2, 5164.7], [2482.2, 5164.7], [2482.2, 5162.7], [2480.2, 5162.7], [2480.2, 5158.7], [2478.2, 5158.7], [2478.2, 5152.7], [2480.2, 5152.7], [2480.2, 5148.7], [2482.2, 5148.7], [2482.2, 5146.7], [2484.2, 5146.7], [2484.2, 5144.7], [2486.2, 5144.7], [2486.2, 5142.7], [2488.2, 5142.7], [2488.2, 5144.7], [2496.2, 5144.7], [2496.2, 5150.7], [2498.2, 5150.7], [2498.2, 5154.7], [2500.1, 5154.7], [2500.1, 5158.7], [2502.1, 5158.7], [2502.1, 5162.7], [2500.1, 5162.7], [2500.1, 5164.7], [2498.2, 5164.7], [2498.2, 5166.7], [2494.2, 5166.7], [2494.2, 5168.7], [2488.2, 5168.7]]]}, "properties": {"cell_id": 2}}, {"type": "Feature", "geometry": {"type": "Polygon", "coordinates": [[[2298.8, 5063.0], [2298.8, 5061.0], [2294.8, 5061.0], [2294.8, 5059.0], [2290.8, 5059.0], [2290.8, 5057.0], [2288.8, 5057.0], [2288.8, 5053.1], [2286.8, 5053.1], [2286.8, 5049.1], [2284.8, 5049.1], [2284.8, 5045.1], [2286.8, 5045.1], [2286.8, 5041.1], [2288.8, 5041.1], [2288.8, 5039.1], [2290.8, 5039.1], [2290.8, 5037.1], [2294.8, 5037.1], [2294.8, 5035.1], [2300.7, 5035.1], [2300.7, 5037.1], [2304.7, 5037.1], [2304.7, 5039.1], [2306.7, 5039.1], [2306.7, 5041.1], [2308.7, 5041.1], [2308.7, 5043.1], [2310.7, 5043.1], [2310.7, 5047.1], [2312.7, 5047.1], [2312.7, 5053.0], [2310.7, 5053.0], [2310.7, 5057.0], [2308.7, 5057.0], [2308.7, 5059.0], [2306.7, 5059.0], [2306.7, 5061.0], [2302.7, 5061.0], [2302.7, 5063.0], [2298.8, 5063.0]]]}, "properties": {"cell_id": 3}}, {"type": "Feature", "geometry": {"type": "Polygon", "coordinates": [[[1547.1, 4867.8], [1547.1, 4865.8], [1543.1, 4865.8], [1543.1, 4863.8], [1541.1, 4863.8], [1541.1, 4861.8], [1539.1, 4861.8], [1539.1, 4857.8], [1537.1, 4857.8], [1537.1, 4849.8], [1539.1, 4849.8], [1539.1, 4845.8], [1545.1, 4845.8], [1545.1, 4847.8], [1549.1, 4847.8], [1549.1, 4845.8], [1557.0, 4845.8], [1557.0, 4847.8], [1559.0, 4847.8], [1559.0, 4851.8], [1561.0, 4851.8], [1561.0, 4857.8], [1559.0, 4857.8], [1559.0, 4859.8], [1557.0, 4859.8], [1557.0, 4861.8], [1555.0, 4861.8], [1555.0, 4863.8], [1553.0, 4863.8], [1553.0, 4865.8], [1551.1, 4865.8], [1551.1, 4867.8], [1547.1, 4867.8]]]}, "properties": {"cell_id": 4}}, {"type": "Feature", "geometry": {"type": "Polygon", "coordinates": [[[1451.3, 4508.9], [1451.3, 4506.9], [1447.3, 4506.9], [1447.3, 4504.9], [1445.3, 4504.9], [1445.3, 4502.9], [1439.3, 4502.9], [1439.3, 4498.9], [1443.3, 4498.9], [1443.3, 4496.9], [1445.3, 4496.9], [1445.3, 4494.9], [1447.3, 4494.9], [1447.3, 4491.0], [1449.3, 4491.0], [1449.3, 4489.0], [1455.3, 4489.0], [1455.3, 4491.0], [1457.3, 4491.0], [1457.3, 4493.0], [1459.3, 4493.0], [1459.3, 4494.9], [1461.3, 4494.9], [1461.3, 4498.9], [1463.3, 4498.9], [1463.3, 4502.9], [1461.3, 4502.9], [1461.3, 4506.9], [1459.3, 4506.9], [1459.3, 4508.9], [1451.3, 4508.9]]]}, "properties": {"cell_id": 5}}, {"type": "Feature", "geometry": {"type": "Polygon", "coordinates": [[[1734.5, 5116.9], [1734.5, 5114.9], [1730.5, 5114.9], [1730.5, 5113.0], [1726.5, 5113.0], [1726.5, 5109.0], [1728.5, 5109.0], [1728.5, 5105.0], [1730.5, 5105.0], [1730.5, 5095.0], [1738.5, 5095.0], [1738.5, 5097.0], [1740.5, 5097.0], [1740.5, 5099.0], [1742.5, 5099.0], [1742.5, 5103.0], [1744.5, 5103.0], [1744.5, 5107.0], [1746.5, 5107.0], [1746.5, 5113.0], [1744.5, 5113.0], [1744.5, 5114.9], [1740.5, 5114.9], [1740.5, 5116.9], [1734.5, 5116.9]]]}, "properties": {"cell_id": 6}}, {"type": "Feature", "geometry": {"type": "Polygon", "coordinates": [[[2231.0, 5031.1], [2231.0, 5029.1], [2229.0, 5029.1], [2229.0, 5027.1], [2225.0, 5027.1], [2225.0, 5021.2], [2223.0, 5021.2], [2223.0, 5017.2], [2225.0, 5017.2], [2225.0, 5015.2], [2227.0, 5015.2], [2227.0, 5013.2], [2231.0, 5013.2], [2231.0, 5011.2], [2234.9, 5011.2], [2234.9, 5009.2], [2236.9, 5009.2], [2236.9, 5023.2], [2238.9, 5023.2], [2238.9, 5027.1], [2236.9, 5027.1], [2236.9, 5029.1], [2234.9, 5029.1], [2234.9, 5031.1], [2231.0, 5031.1]]]}, "properties": {"cell_id": 7}}, {"type": "Feature", "geometry": {"type": "Polygon", "coordinates": [[[1790.3, 5114.9], [1790.3, 5112.9], [1788.4, 5112.9], [1788.4, 5111.0], [1786.4, 5111.0], [1786.4, 5109.0], [1780.4, 5109.0], [1780.4, 5103.0], [1778.4, 5103.0], [1778.4, 5097.0], [1790.3, 5097.0], [1790.3, 5099.0], [1794.3, 5099.0], [1794.3, 5107.0], [1792.3, 5107.0], [1792.3, 5114.9], [1790.3, 5114.9]]]}, "properties": {"cell_id": 8}}, {"type": "Feature", "geometry": {"type": "Polygon", "coordinates": [[[1598.9, 4957.5], [1598.9, 4945.5], [1602.9, 4945.5], [1602.9, 4943.5], [1610.9, 4943.5], [1610.9, 4949.5], [1612.9, 4949.5], [1612.9, 4955.5], [1614.9, 4955.5], [1614.9, 4957.5], [1598.9, 4957.5]]]}, "properties": {"cell_id": 9}}, {"type": "Feature", "geometry": {"type": "Polygon", "coordinates": [[[1794.3, 5099.0], [1794.3, 5095.0], [1792.3, 5095.0], [1792.3, 5089.0], [1790.3, 5089.0], [1790.3, 5087.0], [1794.3, 5087.0], [1794.3, 5085.0], [1796.3, 5085.0], [1796.3, 5083.0], [1798.3, 5083.0], [1798.3, 5081.0], [1804.3, 5081.0], [1804.3, 5079.0], [1812.3, 5079.0], [1812.3, 5083.0], [1814.3, 5083.0], [1814.3, 5085.0], [1810.3, 5085.0], [1810.3, 5087.0], [1808.3, 5087.0], [1808.3, 5089.0], [1804.3, 5089.0], [1804.3, 5091.0], [1802.3, 5091.0], [1802.3, 5095.0], [1800.3, 5095.0], [1800.3, 5097.0], [1796.3, 5097.0], [1796.3, 5099.0], [1794.3, 5099.0]]]}, "properties": {"cell_id": 10}}, {"type": "Feature", "geometry": {"type": "Polygon", "coordinates": [[[65.7, 5195.0], [65.7, 5193.0], [61.7, 5193.0], [61.7, 5191.0], [59.8, 5191.0], [59.8, 5187.0], [57.8, 5187.0], [57.8, 5177.0], [59.8, 5177.0], [59.7, 5173.0], [61.7, 5173.0], [61.7, 5169.1], [63.7, 5169.1], [63.7, 5167.1], [65.7, 5167.1], [65.7, 5165.1], [69.7, 5165.1], [69.7, 5163.1], [73.7, 5163.1], [73.7, 5165.1], [77.7, 5165.1], [77.7, 5167.1], [79.7, 5167.1], [79.7, 5169.1], [81.7, 5169.1], [81.7, 5173.0], [83.7, 5173.0], [83.7, 5177.0], [85.7, 5177.0], [85.7, 5179.0], [83.7, 5179.0], [83.7, 5183.0], [81.7, 5183.0], [81.7, 5187.0], [79.7, 5187.0], [79.7, 5189.0], [77.7, 5189.0], [77.7, 5191.0], [75.7, 5191.0], [75.7, 5193.0], [71.7, 5193.0], [71.7, 5195.0], [65.7, 5195.0]]]}, "properties": {"cell_id": 11}}, {"type": "Feature", "geometry": {"type": "Polygon", "coordinates": [[[1796.3, 5065.1], [1796.3, 5063.1], [1794.3, 5063.1], [1794.3, 5049.1], [1798.3, 5049.1], [1798.3, 5047.2], [1800.3, 5047.2], [1800.3, 5045.2], [1804.3, 5045.2], [1804.3, 5047.2], [1808.3, 5047.1], [1808.3, 5049.1], [1810.3, 5049.1], [1810.3, 5053.1], [1812.3, 5053.1], [1812.3, 5057.1], [1814.3, 5057.1], [1814.3, 5059.1], [1812.3, 5059.1], [1812.3, 5063.1], [1810.3, 5063.1], [1810.3, 5065.1], [1796.3, 5065.1]]]}, "properties": {"cell_id": 12}}, {"type": "Feature", "geometry": {"type": "Polygon", "coordinates": [[[1234.1, 5055.2], [1234.1, 5053.2], [1232.1, 5053.2], [1232.1, 5035.3], [1236.1, 5035.3], [1236.1, 5033.3], [1244.0, 5033.3], [1244.0, 5035.3], [1246.0, 5035.3], [1246.0, 5037.3], [1248.0, 5037.3], [1248.0, 5043.3], [1246.0, 5043.3], [1246.0, 5051.2], [1244.0, 5051.2], [1244.0, 5053.2], [1242.0, 5053.2], [1242.0, 5055.2], [1234.1, 5055.2]]]}, "properties": {"cell_id": 13}}, {"type": "Feature", "geometry": {"type": "Polygon", "coordinates": [[[1794.3, 5116.9], [1794.3, 5114.9], [1792.3, 5114.9], [1792.3, 5107.0], [1794.3, 5107.0], [1794.3, 5099.0], [1796.3, 5099.0], [1796.3, 5097.0], [1802.3, 5097.0], [1802.3, 5101.0], [1804.3, 5101.0], [1804.3, 5103.0], [1806.3, 5103.0], [1806.3, 5105.0], [1808.3, 5105.0], [1808.3, 5110.9], [1806.3, 5110.9], [1806.3, 5112.9], [1804.3, 5112.9], [1804.3, 5114.9], [1800.3, 5114.9], [1800.3, 5116.9], [1794.3, 5116.9]]]}, "properties": {"cell_id": 14}}, {"type": "Feature", "geometry": {"type": "Polygon", "coordinates": [[[1746.5, 5111.0], [1746.5, 5107.0], [1744.5, 5107.0], [1744.5, 5103.0], [1742.5, 5103.0], [1742.5, 5099.0], [1740.5, 5099.0], [1740.5, 5097.0], [1738.5, 5097.0], [1738.5, 5093.0], [1740.5, 5093.0], [1740.5, 5091.0], [1744.5, 5091.0], [1744.5, 5089.0], [1750.5, 5089.0], [1750.5, 5095.0], [1752.5, 5095.0], [1752.5, 5103.0], [1754.5, 5103.0], [1754.5, 5107.0], [1752.5, 5107.0], [1752.5, 5109.0], [1748.5, 5109.0], [1748.5, 5111.0], [1746.5, 5111.0]]]}, "properties": {"cell_id": 15}}, {"type": "Feature", "geometry": {"type": "Polygon", "coordinates": [[[2442.3, 5162.7], [2442.3, 5158.7], [2440.3, 5158.7], [2440.3, 5148.7], [2438.3, 5148.7], [2438.3, 5144.7], [2440.3, 5144.7], [2440.3, 5142.7], [2444.3, 5142.7], [2444.3, 5140.7], [2448.3, 5140.7], [2448.3, 5142.7], [2452.3, 5142.7], [2452.3, 5144.7], [2458.3, 5144.7], [2458.3, 5146.7], [2462.3, 5146.7], [2462.3, 5150.7], [2464.3, 5150.7], [2464.3, 5156.7], [2462.3, 5156.7], [2462.3, 5158.7], [2452.3, 5158.7], [2452.3, 5160.7], [2448.3, 5160.7], [2448.3, 5162.7], [2442.3, 5162.7]]]}, "properties": {"cell_id": 16}}, {"type": "Feature", "geometry": {"type": "Polygon", "coordinates": [[[422.6, 4879.9], [422.6, 4877.9], [412.6, 4877.9], [412.6, 4875.9], [410.6, 4875.9], [410.6, 4862.0], [414.6, 4862.0], [414.6, 4860.0], [416.6, 4860.0], [416.6, 4862.0], [420.6, 4862.0], [420.6, 4864.0], [422.6, 4864.0], [422.6, 4866.0], [424.6, 4866.0], [424.6, 4867.9], [426.6, 4867.9], [426.6, 4871.9], [428.5, 4871.9], [428.5, 4875.9], [426.6, 4875.9], [426.6, 4879.9], [422.6, 4879.9]]]}, "properties": {"cell_id": 17}}, {"type": "Feature", "geometry": {"type": "Polygon", "coordinates": [[[2492.2, 5120.8], [2492.2, 5118.8], [2488.2, 5118.8], [2488.2, 5116.8], [2486.2, 5116.8], [2486.2, 5112.8], [2484.2, 5112.8], [2484.2, 5100.9], [2488.2, 5100.9], [2488.2, 5098.9], [2492.2, 5098.9], [2492.2, 5096.9], [2498.1, 5096.9], [2498.1, 5094.9], [2500.1, 5094.9], [2500.1, 5092.9], [2502.1, 5092.9], [2502.1, 5094.9], [2506.1, 5094.9], [2506.1, 5096.9], [2508.1, 5096.9], [2508.1, 5100.9], [2510.1, 5100.9], [2510.1, 5104.9], [2508.1, 5104.9], [2508.1, 5106.8], [2504.1, 5106.8], [2504.1, 5108.8], [2502.1, 5108.8], [2502.1, 5110.8], [2500.1, 5110.8], [2500.1, 5112.8], [2498.1, 5112.8], [2498.1, 5114.8], [2496.2, 5114.8], [2496.2, 5116.8], [2494.2, 5116.8], [2494.2, 5120.8], [2492.2, 5120.8]]]}, "properties": {"cell_id": 18}}, {"type": "Feature", "geometry": {"type": "Polygon", "coordinates": [[[701.6, 4566.8], [701.6, 4564.9], [697.7, 4564.9], [697.7, 4562.9], [695.7, 4562.9], [695.7, 4560.9], [693.7, 4560.9], [693.7, 4556.9], [691.7, 4556.9], [691.7, 4546.9], [693.7, 4546.9], [693.7, 4542.9], [695.7, 4542.9], [695.7, 4540.9], [703.6, 4540.9], [703.6, 4542.9], [707.6, 4542.9], [707.6, 4544.9], [711.6, 4544.9], [711.6, 4546.9], [715.6, 4546.9], [715.6, 4550.9], [717.6, 4550.9], [717.6, 4558.9], [715.6, 4558.9], [715.6, 4562.9], [713.6, 4562.9], [713.6, 4564.9], [709.6, 4564.9], [709.6, 4566.8], [701.6, 4566.8]]]}, "properties": {"cell_id": 19}}, {"type": "Feature", "geometry": {"type": "Polygon", "coordinates": [[[452.5, 4921.8], [452.5, 4919.8], [448.5, 4919.8], [448.5, 4917.8], [446.5, 4917.8], [446.5, 4915.8], [444.5, 4915.8], [444.5, 4913.8], [442.5, 4913.8], [442.5, 4909.8], [440.5, 4909.8], [440.5, 4903.8], [442.5, 4903.8], [442.5, 4899.8], [444.5, 4899.8], [444.5, 4897.8], [448.5, 4897.8], [448.5, 4895.9], [454.5, 4895.9], [454.5, 4897.8], [458.5, 4897.8], [458.5, 4899.8], [462.4, 4899.8], [462.4, 4901.8], [464.4, 4901.8], [464.4, 4903.8], [466.4, 4903.8], [466.4, 4907.8], [468.4, 4907.8], [468.4, 4911.8], [466.4, 4911.8], [466.4, 4915.8], [464.4, 4915.8], [464.4, 4917.8], [462.4, 4917.8], [462.4, 4919.8], [458.5, 4919.8], [458.5, 4921.8], [452.5, 4921.8]]]}, "properties": {"cell_id": 20}}, {"type": "Feature", "geometry": {"type": "Polygon", "coordinates": [[[1573.0, 4863.8], [1573.0, 4861.8], [1571.0, 4861.8], [1571.0, 4849.8], [1573.0, 4849.8], [1573.0, 4837.8], [1575.0, 4837.8], [1575.0, 4835.9], [1579.0, 4835.9], [1579.0, 4837.8], [1582.9, 4837.8], [1582.9, 4839.8], [1584.9, 4839.8], [1584.9, 4841.8], [1586.9, 4841.8], [1586.9, 4845.8], [1588.9, 4845.8], [1588.9, 4853.8], [1586.9, 4853.8], [1586.9, 4857.8], [1584.9, 4857.8], [1584.9, 4859.8], [1582.9, 4859.8], [1583.0, 4861.8], [1575.0, 4861.8], [1575.0, 4863.8], [1573.0, 4863.8]]]}, "properties": {"cell_id": 21}}, {"type": "Feature", "geometry": {"type": "Polygon", "coordinates": [[[1449.3, 4528.8], [1449.3, 4526.8], [1451.3, 4526.8], [1451.3, 4514.9], [1453.3, 4514.9], [1453.3, 4510.9], [1455.3, 4510.9], [1455.3, 4508.9], [1463.3, 4508.9], [1463.3, 4510.9], [1465.3, 4510.9], [1465.3, 4512.9], [1467.2, 4512.9], [1467.2, 4514.9], [1469.2, 4514.9], [1469.2, 4518.9], [1467.3, 4518.9], [1467.3, 4520.9], [1465.3, 4520.9], [1465.3, 4522.9], [1463.3, 4522.9], [1463.3, 4524.9], [1461.3, 4524.9], [1461.3, 4526.8], [1457.3, 4526.8], [1457.3, 4528.8], [1449.3, 4528.8]]]}, "properties": {"cell_id": 22}}, {"type": "Feature", "geometry": {"type": "Polygon", "coordinates": [[[2320.7, 5023.1], [2320.7, 5021.1], [2316.7, 5021.1], [2316.7, 5019.2], [2314.7, 5019.2], [2314.7, 5017.2], [2316.7, 5017.2], [2316.7, 5013.2], [2318.7, 5013.2], [2318.7, 5009.2], [2320.7, 5009.2], [2320.7, 5001.2], [2322.7, 5001.2], [2322.7, 4997.2], [2326.7, 4997.2], [2326.7, 4999.2], [2328.7, 4999.2], [2328.7, 5003.2], [2330.6, 5003.2], [2330.6, 5005.2], [2332.6, 5005.2], [2332.6, 5007.2], [2336.6, 5007.2], [2336.6, 5015.2], [2334.6, 5015.2], [2334.6, 5017.2], [2332.6, 5017.2], [2332.6, 5019.2], [2330.6, 5019.2], [2330.6, 5021.1], [2326.7, 5021.1], [2326.7, 5023.1], [2320.7, 5023.1]]]}, "properties": {"cell_id": 23}}, {"type": "Feature", "geometry": {"type": "Polygon", "coordinates": [[[492.4, 4941.7], [492.4, 4939.7], [488.4, 4939.7], [488.4, 4937.7], [486.4, 4937.7], [486.4, 4935.7], [484.4, 4935.7], [484.4, 4931.7], [482.4, 4931.7], [482.4, 4925.8], [484.4, 4925.8], [484.4, 4921.8], [486.4, 4921.8], [486.4, 4919.8], [488.4, 4919.8], [488.4, 4917.8], [492.4, 4917.8], [492.4, 4915.8], [494.3, 4915.8], [494.3, 4917.8], [498.3, 4917.8], [498.3, 4919.8], [502.3, 4919.8], [502.3, 4921.8], [504.3, 4921.8], [504.3, 4923.8], [506.3, 4923.8], [506.3, 4927.7], [508.3, 4927.7], [508.3, 4933.7], [506.3, 4933.7], [506.3, 4937.7], [504.3, 4937.7], [504.3, 4939.7], [500.3, 4939.7], [500.3, 4941.7], [492.4, 4941.7]]]}, "properties": {"cell_id": 24}}, {"type": "Feature", "geometry": {"type": "Polygon", "coordinates": [[[203.2, 4634.7], [203.2, 4632.7], [199.2, 4632.7], [199.2, 4630.7], [197.2, 4630.7], [197.2, 4628.7], [195.2, 4628.7], [195.2, 4616.8], [197.2, 4616.8], [197.2, 4612.8], [201.2, 4612.8], [201.2, 4610.8], [209.2, 4610.8], [209.2, 4612.8], [213.2, 4612.8], [213.2, 4614.8], [215.2, 4614.8], [215.2, 4616.8], [217.2, 4616.8], [217.2, 4624.7], [215.2, 4624.7], [215.2, 4626.7], [213.2, 4626.7], [213.2, 4628.7], [211.2, 4628.7], [211.2, 4630.7], [209.2, 4630.7], [209.2, 4632.7], [207.2, 4632.7], [207.2, 4634.7], [203.2, 4634.7]]]}, "properties": {"cell_id": 25}}, {"type": "Feature", "geometry": {"type": "Polygon", "coordinates": [[[1565.0, 4859.8], [1565.0, 4857.8], [1561.0, 4857.8], [1561.0, 4851.8], [1559.0, 4851.8], [1559.0, 4847.8], [1557.0, 4847.8], [1557.0, 4843.8], [1559.0, 4843.8], [1559.0, 4839.8], [1561.0, 4839.8], [1561.0, 4835.9], [1563.0, 4835.9], [1563.0, 4833.9], [1569.0, 4833.9], [1569.0, 4835.9], [1573.0, 4835.9], [1573.0, 4849.8], [1571.0, 4849.8], [1571.0, 4859.8], [1565.0, 4859.8]]]}, "properties": {"cell_id": 26}}, {"type": "Feature", "geometry": {"type": "Polygon", "coordinates": [[[2430.3, 4953.3], [2430.3, 4951.3], [2428.3, 4951.3], [2428.3, 4949.4], [2426.3, 4949.4], [2426.3, 4947.4], [2424.3, 4947.4], [2424.3, 4945.4], [2420.4, 4945.4], [2420.4, 4943.4], [2418.4, 4943.4], [2418.4, 4941.4], [2416.4, 4941.4], [2416.4, 4939.4], [2418.4, 4939.4], [2418.4, 4935.4], [2420.4, 4935.4], [2420.4, 4931.4], [2422.3, 4931.4], [2422.3, 4929.4], [2426.3, 4929.4], [2426.3, 4927.4], [2430.3, 4927.4], [2430.3, 4929.4], [2436.3, 4929.4], [2436.3, 4931.4], [2440.3, 4931.4], [2440.3, 4933.4], [2442.3, 4933.4], [2442.3, 4937.4], [2444.3, 4937.4], [2444.3, 4943.4], [2442.3, 4943.4], [2442.3, 4947.4], [2440.3, 4947.4], [2440.3, 4949.4], [2438.3, 4949.4], [2438.3, 4951.3], [2434.3, 4951.3], [2434.3, 4953.3], [2430.3, 4953.3]]]}, "properties": {"cell_id": 27}}, {"type": "Feature", "geometry": {"type": "Polygon", "coordinates": [[[2418.4, 5154.7], [2418.4, 5150.7], [2416.4, 5150.7], [2416.4, 5146.7], [2418.4, 5146.7], [2418.4, 5140.8], [2420.4, 5140.8], [2420.4, 5134.8], [2424.4, 5134.8], [2424.4, 5132.8], [2432.4, 5132.8], [2432.4, 5134.8], [2436.3, 5134.8], [2436.3, 5136.8], [2438.3, 5136.8], [2438.3, 5140.7], [2440.3, 5140.7], [2440.3, 5144.7], [2438.3, 5144.7], [2438.3, 5146.7], [2436.3, 5146.7], [2436.3, 5148.7], [2434.3, 5148.7], [2434.3, 5150.7], [2428.4, 5150.7], [2428.4, 5152.7], [2424.4, 5152.7], [2424.4, 5154.7], [2418.4, 5154.7]]]}, "properties": {"cell_id": 28}}, {"type": "Feature", "geometry": {"type": "Polygon", "coordinates": [[[1435.3, 4516.9], [1435.3, 4510.9], [1433.4, 4510.9], [1433.4, 4502.9], [1435.3, 4502.9], [1435.3, 4500.9], [1439.3, 4500.9], [1439.3, 4502.9], [1445.3, 4502.9], [1445.3, 4504.9], [1447.3, 4504.9], [1447.3, 4506.9], [1451.3, 4506.9], [1451.3, 4508.9], [1455.3, 4508.9], [1455.3, 4510.9], [1453.3, 4510.9], [1453.3, 4514.9], [1439.3, 4514.9], [1439.3, 4516.9], [1435.3, 4516.9]]]}, "properties": {"cell_id": 29}}, {"type": "Feature", "geometry": {"type": "Polygon", "coordinates": [[[2462.2, 4945.4], [2462.2, 4943.4], [2460.2, 4943.4], [2460.2, 4941.4], [2458.2, 4941.4], [2458.2, 4939.4], [2456.2, 4939.4], [2456.2, 4935.4], [2454.3, 4935.4], [2454.2, 4931.4], [2452.3, 4931.4], [2452.3, 4929.4], [2454.2, 4929.4], [2454.2, 4927.4], [2456.2, 4927.4], [2456.2, 4925.4], [2458.2, 4925.4], [2458.2, 4927.4], [2462.2, 4927.4], [2462.2, 4931.4], [2464.2, 4931.4], [2464.2, 4933.4], [2466.2, 4933.4], [2466.2, 4935.4], [2468.2, 4935.4], [2468.2, 4937.4], [2470.2, 4937.4], [2470.2, 4939.4], [2472.2, 4939.4], [2472.2, 4943.4], [2470.2, 4943.4], [2470.2, 4945.4], [2462.2, 4945.4]]]}, "properties": {"cell_id": 30}}, {"type": "Feature", "geometry": {"type": "Polygon", "coordinates": [[[1774.4, 5053.1], [1774.4, 5047.2], [1776.4, 5047.2], [1776.4, 5045.2], [1778.4, 5045.2], [1778.4, 5043.2], [1780.4, 5043.2], [1780.4, 5039.2], [1782.4, 5039.2], [1782.4, 5037.2], [1786.3, 5037.2], [1786.3, 5039.2], [1788.3, 5039.2], [1788.3, 5041.2], [1792.3, 5041.2], [1792.3, 5043.2], [1798.3, 5043.2], [1798.3, 5045.2], [1800.3, 5045.2], [1800.3, 5047.2], [1798.3, 5047.2], [1798.3, 5049.1], [1794.3, 5049.1], [1794.3, 5051.1], [1782.4, 5051.1], [1782.4, 5053.1], [1774.4, 5053.1]]]}, "properties": {"cell_id": 31}}, {"type": "Feature", "geometry": {"type": "Polygon", "coordinates": [[[570.1, 4836.0], [570.1, 4834.0], [568.1, 4834.0], [568.1, 4832.0], [566.1, 4832.0], [566.1, 4826.1], [568.1, 4826.1], [568.1, 4822.1], [570.1, 4822.1], [570.1, 4818.1], [572.1, 4818.1], [572.1, 4816.1], [574.1, 4816.1], [574.1, 4814.1], [578.1, 4814.1], [578.1, 4816.1], [584.1, 4816.1], [584.1, 4818.1], [588.0, 4818.1], [588.0, 4820.1], [590.0, 4820.1], [590.0, 4824.1], [592.0, 4824.1], [592.0, 4828.0], [586.0, 4828.0], [586.0, 4830.0], [582.1, 4830.0], [582.1, 4832.0], [578.1, 4832.0], [578.1, 4834.0], [574.1, 4834.0], [574.1, 4836.0], [570.1, 4836.0]]]}, "properties": {"cell_id": 32}}, {"type": "Feature", "geometry": {"type": "Polygon", "coordinates": [[[1664.7, 5117.0], [1664.7, 5115.0], [1660.8, 5115.0], [1660.8, 5113.0], [1658.8, 5113.0], [1658.8, 5111.0], [1656.8, 5111.0], [1656.8, 5107.0], [1654.8, 5107.0], [1654.8, 5103.0], [1652.8, 5103.0], [1652.8, 5099.0], [1654.8, 5099.0], [1654.8, 5093.0], [1656.8, 5093.0], [1656.8, 5089.0], [1658.8, 5089.0], [1658.8, 5087.0], [1662.7, 5087.0], [1662.7, 5085.1], [1666.7, 5085.1], [1666.7, 5087.0], [1670.7, 5087.0], [1670.7, 5089.0], [1672.7, 5089.0], [1672.7, 5091.0], [1674.7, 5091.0], [1674.7, 5093.0], [1676.7, 5093.0], [1676.7, 5097.0], [1678.7, 5097.0], [1678.7, 5101.0], [1680.7, 5101.0], [1680.7, 5107.0], [1678.7, 5107.0], [1678.7, 5111.0], [1676.7, 5111.0], [1676.7, 5113.0], [1674.7, 5113.0], [1674.7, 5115.0], [1670.7, 5115.0], [1670.7, 5117.0], [1664.7, 5117.0]]]}, "properties": {"cell_id": 33}}, {"type": "Feature", "geometry": {"type": "Polygon", "coordinates": [[[1579.0, 4901.6], [1579.0, 4899.7], [1577.0, 4899.7], [1577.0, 4895.7], [1575.0, 4895.7], [1575.0, 4891.7], [1577.0, 4891.7], [1577.0, 4887.7], [1579.0, 4887.7], [1579.0, 4885.7], [1581.0, 4885.7], [1581.0, 4883.7], [1583.0, 4883.7], [1583.0, 4881.7], [1586.9, 4881.7], [1586.9, 4879.7], [1590.9, 4879.7], [1590.9, 4881.7], [1592.9, 4881.7], [1592.9, 4885.7], [1594.9, 4885.7], [1594.9, 4889.7], [1596.9, 4889.7], [1596.9, 4891.7], [1598.9, 4891.7], [1598.9, 4893.7], [1600.9, 4893.7], [1600.9, 4895.7], [1598.9, 4895.7], [1598.9, 4897.7], [1596.9, 4897.7], [1596.9, 4899.6], [1594.9, 4899.6], [1594.9, 4901.6], [1579.0, 4901.6]]]}, "properties": {"cell_id": 34}}, {"type": "Feature", "geometry": {"type": "Polygon", "coordinates": [[[673.7, 4576.8], [673.7, 4574.8], [671.7, 4574.8], [671.7, 4572.8], [669.7, 4572.8], [669.7, 4562.9], [667.7, 4562.9], [667.7, 4556.9], [669.7, 4556.9], [669.7, 4554.9], [671.7, 4554.9], [671.7, 4552.9], [675.7, 4552.9], [675.7, 4550.9], [683.7, 4550.9], [683.7, 4552.9], [687.7, 4552.9], [687.7, 4554.9], [689.7, 4554.9], [689.7, 4556.9], [691.7, 4556.9], [691.7, 4560.9], [693.7, 4560.9], [693.7, 4566.8], [691.7, 4566.8], [691.7, 4570.8], [689.7, 4570.8], [689.7, 4572.8], [687.7, 4572.8], [687.7, 4574.8], [683.7, 4574.8], [683.7, 4576.8], [673.7, 4576.8]]]}, "properties": {"cell_id": 35}}, {"type": "Feature", "geometry": {"type": "Polygon", "coordinates": [[[2428.4, 5168.7], [2428.4, 5166.7], [2424.4, 5166.7], [2424.4, 5164.7], [2422.4, 5164.7], [2422.4, 5162.7], [2420.4, 5162.7], [2420.4, 5158.7], [2418.4, 5158.7], [2418.4, 5156.7], [2420.4, 5156.7], [2420.4, 5154.7], [2424.4, 5154.7], [2424.4, 5152.7], [2428.4, 5152.7], [2428.4, 5150.7], [2434.3, 5150.7], [2434.3, 5148.7], [2436.3, 5148.7], [2436.3, 5146.7], [2438.3, 5146.7], [2438.3, 5148.7], [2440.3, 5148.7], [2440.3, 5158.7], [2442.3, 5158.7], [2442.3, 5164.7], [2438.3, 5164.7], [2438.3, 5166.7], [2434.4, 5166.7], [2434.4, 5168.7], [2428.4, 5168.7]]]}, "properties": {"cell_id": 36}}, {"type": "Feature", "geometry": {"type": "Polygon", "coordinates": [[[1152.3, 5031.3], [1152.3, 5023.3], [1150.3, 5023.3], [1150.3, 5019.3], [1148.3, 5019.3], [1148.3, 5017.4], [1146.3, 5017.4], [1146.3, 5013.4], [1148.3, 5013.4], [1148.3, 5011.4], [1152.3, 5011.4], [1152.3, 5009.4], [1160.3, 5009.4], [1160.3, 5011.4], [1164.3, 5011.4], [1164.3, 5013.4], [1166.3, 5013.4], [1166.3, 5017.4], [1168.3, 5017.4], [1168.3, 5029.3], [1164.3, 5029.3], [1164.3, 5031.3], [1152.3, 5031.3]]]}, "properties": {"cell_id": 37}}, {"type": "Feature", "geometry": {"type": "Polygon", "coordinates": [[[2494.1, 4891.5], [2494.1, 4889.5], [2490.1, 4889.5], [2490.1, 4887.5], [2486.1, 4887.5], [2486.1, 4885.5], [2484.1, 4885.5], [2484.1, 4881.6], [2482.2, 4881.6], [2482.2, 4875.6], [2484.1, 4875.6], [2484.1, 4873.6], [2486.1, 4873.6], [2486.1, 4871.6], [2492.1, 4871.6], [2492.1, 4869.6], [2496.1, 4869.6], [2496.1, 4867.6], [2498.1, 4867.6], [2498.1, 4875.6], [2500.1, 4875.6], [2500.1, 4889.5], [2496.1, 4889.5], [2496.1, 4891.5], [2494.1, 4891.5]]]}, "properties": {"cell_id": 38}}, {"type": "Feature", "geometry": {"type": "Polygon", "coordinates": [[[2175.1, 5065.0], [2175.1, 5063.0], [2171.2, 5063.0], [2171.2, 5061.0], [2167.2, 5061.0], [2167.2, 5059.1], [2165.2, 5059.1], [2165.2, 5055.1], [2163.2, 5055.1], [2163.2, 5049.1], [2165.2, 5049.1], [2165.2, 5047.1], [2169.2, 5047.1], [2169.2, 5045.1], [2171.2, 5045.1], [2171.2, 5043.1], [2173.1, 5043.1], [2173.1, 5045.1], [2181.1, 5045.1], [2181.1, 5043.1], [2185.1, 5043.1], [2185.1, 5045.1], [2187.1, 5045.1], [2187.1, 5047.1], [2191.1, 5047.1], [2191.1, 5055.1], [2189.1, 5055.1], [2189.1, 5059.0], [2187.1, 5059.0], [2187.1, 5061.0], [2183.1, 5061.0], [2183.1, 5063.0], [2179.1, 5063.0], [2179.1, 5065.0], [2175.1, 5065.0]]]}, "properties": {"cell_id": 39}}, {"type": "Feature", "geometry": {"type": "Polygon", "coordinates": [[[2480.2, 4949.3], [2480.2, 4947.4], [2476.2, 4947.4], [2476.2, 4945.4], [2474.2, 4945.4], [2474.2, 4943.4], [2472.2, 4943.4], [2472.2, 4939.4], [2474.2, 4939.4], [2474.2, 4937.4], [2476.2, 4937.4], [2476.2, 4933.4], [2488.1, 4933.4], [2488.1, 4935.4], [2494.1, 4935.4], [2494.1, 4937.4], [2492.1, 4937.4], [2492.1, 4943.4], [2490.1, 4943.4], [2490.1, 4949.3], [2480.2, 4949.3]]]}, "properties": {"cell_id": 40}}, {"type": "Feature", "geometry": {"type": "Polygon", "coordinates": [[[1551.1, 4887.7], [1551.1, 4885.7], [1549.1, 4885.7], [1549.1, 4881.7], [1547.1, 4881.7], [1547.1, 4879.7], [1549.1, 4879.7], [1549.1, 4875.7], [1551.1, 4875.7], [1551.1, 4871.7], [1567.0, 4871.7], [1567.0, 4869.7], [1571.0, 4869.7], [1571.0, 4877.7], [1573.0, 4877.7], [1573.0, 4885.7], [1555.0, 4885.7], [1555.0, 4887.7], [1551.1, 4887.7]]]}, "properties": {"cell_id": 41}}, {"type": "Feature", "geometry": {"type": "Polygon", "coordinates": [[[1581.0, 4961.5], [1581.0, 4959.5], [1579.0, 4959.5], [1579.0, 4951.5], [1581.0, 4951.5], [1581.0, 4943.5], [1585.0, 4943.5], [1585.0, 4941.5], [1588.9, 4941.5], [1588.9, 4943.5], [1590.9, 4943.5], [1590.9, 4945.5], [1596.9, 4945.5], [1596.9, 4947.5], [1598.9, 4947.5], [1598.9, 4959.5], [1596.9, 4959.5], [1596.9, 4961.5], [1581.0, 4961.5]]]}, "properties": {"cell_id": 42}}, {"type": "Feature", "geometry": {"type": "Polygon", "coordinates": [[[1361.7, 5061.2], [1361.7, 5059.2], [1357.7, 5059.2], [1357.7, 5057.2], [1355.7, 5057.2], [1355.7, 5043.2], [1357.7, 5043.2], [1357.7, 5041.2], [1359.7, 5041.2], [1359.7, 5039.2], [1363.7, 5039.2], [1363.7, 5037.3], [1369.6, 5037.3], [1369.6, 5039.2], [1373.6, 5039.2], [1373.6, 5041.2], [1375.6, 5041.2], [1375.6, 5043.2], [1377.6, 5043.2], [1377.6, 5045.2], [1379.6, 5045.2], [1379.6, 5049.2], [1381.6, 5049.2], [1381.6, 5051.2], [1379.6, 5051.2], [1379.6, 5055.2], [1377.6, 5055.2], [1377.6, 5057.2], [1375.6, 5057.2], [1375.6, 5059.2], [1371.6, 5059.2], [1371.6, 5061.2], [1361.7, 5061.2]]]}, "properties": {"cell_id": 43}}, {"type": "Feature", "geometry": {"type": "Polygon", "coordinates": [[[279.0, 4800.2], [279.0, 4798.2], [277.0, 4798.2], [277.0, 4796.2], [275.0, 4796.2], [275.0, 4792.2], [273.0, 4792.2], [273.0, 4788.2], [271.0, 4788.2], [271.0, 4784.2], [273.0, 4784.2], [273.0, 4780.2], [275.0, 4780.2], [275.0, 4778.3], [277.0, 4778.3], [277.0, 4776.3], [281.0, 4776.3], [281.0, 4774.3], [287.0, 4774.3], [287.0, 4776.3], [291.0, 4776.3], [291.0, 4778.2], [293.0, 4778.2], [293.0, 4780.2], [294.9, 4780.2], [294.9, 4784.2], [293.0, 4784.2], [293.0, 4788.2], [291.0, 4788.2], [291.0, 4792.2], [289.0, 4792.2], [289.0, 4794.2], [287.0, 4794.2], [287.0, 4796.2], [285.0, 4796.2], [285.0, 4798.2], [283.0, 4798.2], [283.0, 4800.2], [279.0, 4800.2]]]}, "properties": {"cell_id": 44}}, {"type": "Feature", "geometry": {"type": "Polygon", "coordinates": [[[2488.2, 5144.7], [2488.2, 5138.7], [2486.2, 5138.7], [2486.2, 5122.8], [2490.2, 5122.8], [2490.2, 5120.8], [2494.2, 5120.8], [2494.2, 5122.8], [2498.1, 5122.8], [2498.1, 5124.8], [2500.1, 5124.8], [2500.1, 5126.8], [2502.1, 5126.8], [2502.1, 5128.8], [2504.1, 5128.8], [2504.1, 5130.8], [2506.1, 5130.8], [2506.1, 5134.8], [2508.1, 5134.8], [2508.1, 5138.7], [2504.1, 5138.7], [2504.1, 5140.7], [2502.1, 5140.7], [2502.1, 5142.7], [2498.1, 5142.7], [2498.1, 5144.7], [2488.2, 5144.7]]]}, "properties": {"cell_id": 45}}, {"type": "Feature", "geometry": {"type": "Polygon", "coordinates": [[[1798.3, 5025.2], [1798.3, 5023.2], [1794.3, 5023.2], [1794.3, 5019.2], [1792.3, 5019.2], [1792.3, 5003.3], [1800.3, 5003.3], [1800.3, 5005.3], [1804.3, 5005.3], [1804.3, 5007.3], [1806.3, 5007.3], [1806.3, 5011.3], [1808.3, 5011.3], [1808.3, 5013.3], [1810.3, 5013.3], [1810.3, 5017.2], [1808.3, 5017.2], [1808.3, 5021.2], [1806.3, 5021.2], [1806.3, 5023.2], [1804.3, 5023.2], [1804.3, 5025.2], [1798.3, 5025.2]]]}, "properties": {"cell_id": 46}}, {"type": "Feature", "geometry": {"type": "Polygon", "coordinates": [[[2406.4, 5152.7], [2406.4, 5150.7], [2402.4, 5150.7], [2402.4, 5148.7], [2400.5, 5148.7], [2400.5, 5146.7], [2398.5, 5146.7], [2398.5, 5142.7], [2396.5, 5142.8], [2396.5, 5136.8], [2398.5, 5136.8], [2398.5, 5132.8], [2400.5, 5132.8], [2400.5, 5130.8], [2402.4, 5130.8], [2402.4, 5128.8], [2404.4, 5128.8], [2404.4, 5130.8], [2414.4, 5130.8], [2414.4, 5128.8], [2418.4, 5128.8], [2418.4, 5130.8], [2420.4, 5130.8], [2420.4, 5140.8], [2418.4, 5140.8], [2418.4, 5146.7], [2416.4, 5146.7], [2416.4, 5148.7], [2412.4, 5148.7], [2412.4, 5150.7], [2408.4, 5150.7], [2408.4, 5152.7], [2406.4, 5152.7]]]}, "properties": {"cell_id": 47}}, {"type": "Feature", "geometry": {"type": "Polygon", "coordinates": [[[486.3, 4766.3], [486.3, 4764.3], [482.4, 4764.3], [482.4, 4762.3], [480.4, 4762.3], [480.4, 4760.3], [478.4, 4760.3], [478.4, 4758.3], [476.4, 4758.3], [476.4, 4756.3], [474.4, 4756.3], [474.4, 4754.3], [472.4, 4754.3], [472.4, 4748.3], [474.4, 4748.3], [474.4, 4746.3], [476.4, 4746.3], [476.4, 4744.3], [480.4, 4744.3], [480.4, 4742.3], [488.3, 4742.3], [488.3, 4744.3], [492.3, 4744.3], [492.3, 4746.3], [494.3, 4746.3], [494.3, 4750.3], [496.3, 4750.3], [496.3, 4754.3], [498.3, 4754.3], [498.3, 4758.3], [496.3, 4758.3], [496.3, 4762.3], [494.3, 4762.3], [494.3, 4764.3], [492.3, 4764.3], [492.3, 4766.3], [486.3, 4766.3]]]}, "properties": {"cell_id": 48}}, {"type": "Feature", "geometry": {"type": "Polygon", "coordinates": [[[1730.5, 5095.0], [1730.5, 5093.0], [1726.5, 5093.0], [1726.5, 5091.0], [1724.5, 5091.0], [1724.5, 5089.0], [1722.6, 5089.0], [1722.6, 5087.0], [1724.5, 5087.0], [1724.5, 5083.1], [1726.5, 5083.1], [1726.5, 5077.1], [1728.5, 5077.1], [1728.5, 5075.1], [1736.5, 5075.1], [1736.5, 5079.1], [1738.5, 5079.1], [1738.5, 5081.1], [1740.5, 5081.1], [1740.5, 5083.0], [1742.5, 5083.0], [1742.5, 5085.0], [1746.5, 5085.0], [1746.5, 5087.0], [1748.5, 5087.0], [1748.5, 5089.0], [1744.5, 5089.0], [1744.5, 5091.0], [1740.5, 5091.0], [1740.5, 5093.0], [1738.5, 5093.0], [1738.5, 5095.0], [1730.5, 5095.0]]]}, "properties": {"cell_id": 49}}, {"type": "Feature", "geometry": {"type": "Polygon", "coordinates": [[[2502.1, 5162.7], [2502.1, 5158.7], [2500.1, 5158.7], [2500.1, 5154.7], [2498.2, 5154.7], [2498.2, 5150.7], [2496.2, 5150.7], [2496.2, 5144.7], [2498.1, 5144.7], [2498.1, 5142.7], [2502.1, 5142.7], [2502.1, 5140.7], [2504.1, 5140.7], [2504.1, 5138.7], [2510.1, 5138.7], [2510.1, 5140.7], [2512.1, 5140.7], [2512.1, 5142.7], [2514.1, 5142.7], [2514.1, 5146.7], [2516.1, 5146.7], [2516.1, 5152.7], [2514.1, 5152.7], [2514.1, 5156.7], [2512.1, 5156.7], [2512.1, 5158.7], [2510.1, 5158.7], [2510.1, 5160.7], [2506.1, 5160.7], [2506.1, 5162.7], [2502.1, 5162.7]]]}, "properties": {"cell_id": 50}}, {"type": "Feature", "geometry": {"type": "Polygon", "coordinates": [[[853.2, 4726.3], [853.2, 4724.3], [851.2, 4724.3], [851.2, 4722.3], [849.2, 4722.3], [849.2, 4720.3], [847.2, 4720.3], [847.2, 4702.4], [851.2, 4702.4], [851.2, 4700.4], [853.2, 4700.4], [853.2, 4702.4], [857.2, 4702.4], [857.2, 4704.4], [861.2, 4704.4], [861.2, 4706.4], [863.2, 4706.4], [863.2, 4710.4], [865.2, 4710.4], [865.2, 4718.3], [863.2, 4718.3], [863.2, 4722.3], [861.2, 4722.3], [861.2, 4724.3], [857.2, 4724.3], [857.2, 4726.3], [853.2, 4726.3]]]}, "properties": {"cell_id": 51}}, {"type": "Feature", "geometry": {"type": "Polygon", "coordinates": [[[2280.8, 5037.1], [2280.8, 5035.1], [2278.8, 5035.1], [2278.8, 5017.2], [2276.8, 5017.2], [2276.8, 5015.2], [2278.8, 5015.2], [2278.8, 5017.2], [2282.8, 5017.2], [2282.8, 5019.2], [2284.8, 5019.2], [2284.8, 5021.2], [2290.8, 5021.2], [2290.8, 5023.1], [2292.8, 5023.1], [2292.8, 5025.1], [2294.8, 5025.1], [2294.8, 5027.1], [2292.8, 5027.1], [2292.8, 5031.1], [2290.8, 5031.1], [2290.8, 5033.1], [2288.8, 5033.1], [2288.8, 5035.1], [2284.8, 5035.1], [2284.8, 5037.1], [2280.8, 5037.1]]]}, "properties": {"cell_id": 52}}, {"type": "Feature", "geometry": {"type": "Polygon", "coordinates": [[[2209.0, 4831.8], [2209.0, 4827.8], [2207.0, 4827.8], [2207.0, 4825.8], [2205.0, 4825.8], [2205.0, 4821.8], [2209.0, 4821.8], [2209.0, 4819.8], [2211.0, 4819.8], [2211.0, 4817.8], [2215.0, 4817.8], [2215.0, 4815.8], [2221.0, 4815.8], [2221.0, 4817.8], [2223.0, 4817.8], [2223.0, 4819.8], [2224.9, 4819.8], [2224.9, 4823.8], [2226.9, 4823.8], [2226.9, 4825.8], [2224.9, 4825.8], [2224.9, 4829.8], [2219.0, 4829.8], [2219.0, 4831.8], [2209.0, 4831.8]]]}, "properties": {"cell_id": 53}}, {"type": "Feature", "geometry": {"type": "Polygon", "coordinates": [[[1596.9, 4947.5], [1596.9, 4945.5], [1590.9, 4945.5], [1590.9, 4943.5], [1588.9, 4943.5], [1588.9, 4941.5], [1587.0, 4941.5], [1587.0, 4937.5], [1588.9, 4937.5], [1588.9, 4935.5], [1592.9, 4935.5], [1592.9, 4933.5], [1604.9, 4933.5], [1604.9, 4943.5], [1602.9, 4943.5], [1602.9, 4945.5], [1598.9, 4945.5], [1598.9, 4947.5], [1596.9, 4947.5]]]}, "properties": {"cell_id": 54}}, {"type": "Feature", "geometry": {"type": "Polygon", "coordinates": [[[2051.5, 5013.2], [2051.5, 5011.2], [2047.5, 5011.2], [2047.5, 5005.2], [2049.5, 5005.2], [2049.5, 5003.2], [2051.5, 5003.2], [2051.5, 5001.3], [2053.5, 5001.3], [2053.5, 4997.3], [2059.5, 4997.3], [2059.5, 4999.3], [2061.5, 4999.3], [2061.5, 5001.3], [2065.5, 5001.3], [2065.5, 5007.2], [2059.5, 5007.2], [2059.5, 5009.2], [2057.5, 5009.2], [2057.5, 5011.2], [2053.5, 5011.2], [2053.5, 5013.2], [2051.5, 5013.2]]]}, "properties": {"cell_id": 55}}, {"type": "Feature", "geometry": {"type": "Polygon", "coordinates": [[[1778.4, 5093.0], [1778.4, 5091.0], [1776.4, 5091.0], [1776.4, 5083.0], [1778.4, 5083.0], [1778.4, 5081.0], [1780.4, 5081.0], [1780.4, 5079.1], [1782.4, 5079.1], [1782.4, 5077.1], [1786.4, 5077.1], [1786.4, 5075.1], [1788.3, 5075.1], [1788.3, 5073.1], [1794.3, 5073.1], [1794.3, 5075.1], [1796.3, 5075.1], [1796.3, 5077.1], [1798.3, 5077.1], [1798.3, 5083.0], [1796.3, 5083.0], [1796.3, 5085.0], [1794.3, 5085.0], [1794.3, 5087.0], [1790.3, 5087.0], [1790.3, 5089.0], [1786.4, 5089.0], [1786.4, 5091.0], [1782.4, 5091.0], [1782.4, 5093.0], [1778.4, 5093.0]]]}, "properties": {"cell_id": 56}}, {"type": "Feature", "geometry": {"type": "Polygon", "coordinates": [[[279.0, 4764.3], [279.0, 4762.3], [275.0, 4762.3], [275.0, 4760.3], [273.0, 4760.3], [273.0, 4758.3], [271.0, 4758.3], [271.0, 4754.3], [269.0, 4754.3], [269.0, 4748.3], [271.0, 4748.3], [271.0, 4744.4], [273.0, 4744.4], [273.0, 4742.4], [277.0, 4742.4], [277.0, 4740.4], [285.0, 4740.4], [285.0, 4742.4], [289.0, 4742.4], [289.0, 4744.4], [291.0, 4744.4], [291.0, 4746.3], [292.9, 4746.3], [292.9, 4750.3], [294.9, 4750.3], [294.9, 4754.3], [292.9, 4754.3], [292.9, 4758.3], [291.0, 4758.3], [291.0, 4760.3], [289.0, 4760.3], [289.0, 4762.3], [285.0, 4762.3], [285.0, 4764.3], [279.0, 4764.3]]]}, "properties": {"cell_id": 57}}, {"type": "Feature", "geometry": {"type": "Polygon", "coordinates": [[[1485.2, 4634.5], [1485.2, 4620.5], [1483.2, 4620.5], [1483.2, 4614.6], [1487.2, 4614.6], [1487.2, 4612.6], [1493.2, 4612.6], [1493.2, 4610.6], [1499.2, 4610.6], [1499.2, 4612.6], [1501.2, 4612.6], [1501.2, 4614.6], [1503.2, 4614.6], [1503.2, 4618.5], [1505.1, 4618.5], [1505.2, 4622.5], [1503.2, 4622.5], [1503.2, 4624.5], [1499.2, 4624.5], [1499.2, 4626.5], [1495.2, 4626.5], [1495.2, 4628.5], [1493.2, 4628.5], [1493.2, 4630.5], [1489.2, 4630.5], [1489.2, 4632.5], [1487.2, 4632.5], [1487.2, 4634.5], [1485.2, 4634.5]]]}, "properties": {"cell_id": 58}}, {"type": "Feature", "geometry": {"type": "Polygon", "coordinates": [[[2488.2, 4969.3], [2488.2, 4967.3], [2486.2, 4967.3], [2486.2, 4965.3], [2484.2, 4965.3], [2484.2, 4957.3], [2482.2, 4957.3], [2482.2, 4955.3], [2484.2, 4955.3], [2484.2, 4953.3], [2486.2, 4953.3], [2486.2, 4949.3], [2492.1, 4949.3], [2492.1, 4951.3], [2498.1, 4951.3], [2498.1, 4953.3], [2500.1, 4953.3], [2500.1, 4955.3], [2502.1, 4955.3], [2502.1, 4961.3], [2500.1, 4961.3], [2500.1, 4965.3], [2498.1, 4965.3], [2498.1, 4967.3], [2494.1, 4967.3], [2494.1, 4969.3], [2488.2, 4969.3]]]}, "properties": {"cell_id": 59}}, {"type": "Feature", "geometry": {"type": "Polygon", "coordinates": [[[1977.7, 5021.2], [1977.7, 5019.2], [1973.8, 5019.2], [1973.8, 5017.2], [1969.8, 5017.2], [1969.8, 5015.2], [1967.8, 5015.2], [1967.8, 5013.2], [1965.8, 5013.2], [1965.8, 5009.2], [1963.8, 5009.2], [1963.8, 5007.2], [1965.8, 5007.2], [1965.8, 5001.3], [1967.8, 5001.3], [1967.8, 4997.3], [1969.8, 4997.3], [1969.8, 4995.3], [1973.8, 4995.3], [1973.8, 4993.3], [1975.7, 4993.3], [1975.8, 4995.3], [1977.7, 4995.3], [1977.7, 4997.3], [1979.7, 4997.3], [1979.7, 5001.3], [1981.7, 5001.3], [1981.7, 5003.3], [1983.7, 5003.3], [1983.7, 5007.2], [1985.7, 5007.2], [1985.7, 5009.2], [1987.7, 5009.2], [1987.7, 5013.2], [1985.7, 5013.2], [1985.7, 5015.2], [1983.7, 5015.2], [1983.7, 5019.2], [1981.7, 5019.2], [1981.7, 5021.2], [1977.7, 5021.2]]]}, "properties": {"cell_id": 60}}, {"type": "Feature", "geometry": {"type": "Polygon", "coordinates": [[[2472.2, 5104.9], [2472.2, 5102.9], [2468.2, 5102.9], [2468.2, 5100.9], [2466.2, 5100.9], [2466.2, 5098.9], [2464.2, 5098.9], [2464.2, 5094.9], [2462.3, 5094.9], [2462.3, 5088.9], [2464.2, 5088.9], [2464.2, 5086.9], [2466.2, 5086.9], [2466.2, 5084.9], [2470.2, 5084.9], [2470.2, 5082.9], [2478.2, 5082.9], [2478.2, 5080.9], [2480.2, 5080.9], [2480.2, 5078.9], [2482.2, 5078.9], [2482.2, 5080.9], [2484.2, 5080.9], [2484.2, 5102.9], [2480.2, 5102.9], [2480.2, 5104.9], [2472.2, 5104.9]]]}, "properties": {"cell_id": 61}}, {"type": "Feature", "geometry": {"type": "Polygon", "coordinates": [[[2488.1, 4935.4], [2488.1, 4933.4], [2478.2, 4933.4], [2478.2, 4931.4], [2476.2, 4931.4], [2476.2, 4925.4], [2474.2, 4925.4], [2474.2, 4921.4], [2472.2, 4921.4], [2472.2, 4915.5], [2474.2, 4915.5], [2474.2, 4913.5], [2478.2, 4913.5], [2478.2, 4911.5], [2482.2, 4911.5], [2482.2, 4913.5], [2488.1, 4913.5], [2488.1, 4915.5], [2492.1, 4915.5], [2492.1, 4917.4], [2494.1, 4917.4], [2494.1, 4919.4], [2496.1, 4919.4], [2496.1, 4921.4], [2498.1, 4921.4], [2498.1, 4925.4], [2500.1, 4925.4], [2500.1, 4931.4], [2498.1, 4931.4], [2498.1, 4933.4], [2496.1, 4933.4], [2496.1, 4935.4], [2488.1, 4935.4]]]}, "properties": {"cell_id": 62}}, {"type": "Feature", "geometry": {"type": "Polygon", "coordinates": [[[1778.4, 5126.9], [1778.4, 5124.9], [1774.4, 5124.9], [1774.4, 5122.9], [1772.4, 5122.9], [1772.4, 5118.9], [1770.4, 5118.9], [1770.4, 5116.9], [1772.4, 5116.9], [1772.4, 5114.9], [1774.4, 5114.9], [1774.4, 5111.0], [1776.4, 5111.0], [1776.4, 5109.0], [1778.4, 5109.0], [1778.4, 5107.0], [1780.4, 5107.0], [1780.4, 5109.0], [1786.4, 5109.0], [1786.4, 5111.0], [1788.4, 5111.0], [1788.4, 5112.9], [1790.3, 5112.9], [1790.3, 5114.9], [1794.3, 5114.9], [1794.3, 5118.9], [1792.3, 5118.9], [1792.3, 5122.9], [1790.3, 5122.9], [1790.4, 5124.9], [1786.4, 5124.9], [1786.4, 5126.9], [1778.4, 5126.9]]]}, "properties": {"cell_id": 63}}, {"type": "Feature", "geometry": {"type": "Polygon", "coordinates": [[[2354.6, 5007.2], [2354.6, 5005.2], [2348.6, 5005.2], [2348.6, 5003.2], [2344.6, 5003.2], [2344.6, 4999.2], [2342.6, 4999.2], [2342.6, 4997.2], [2348.6, 4997.2], [2348.6, 4995.2], [2354.6, 4995.2], [2354.6, 4991.2], [2358.6, 4991.2], [2358.6, 4989.2], [2362.5, 4989.2], [2362.5, 4993.2], [2364.5, 4993.2], [2364.5, 5001.2], [2362.5, 5001.2], [2362.5, 5005.2], [2360.6, 5005.2], [2360.6, 5007.2], [2354.6, 5007.2]]]}, "properties": {"cell_id": 64}}, {"type": "Feature", "geometry": {"type": "Polygon", "coordinates": [[[253.1, 4730.4], [253.1, 4728.4], [249.1, 4728.4], [249.1, 4726.4], [247.1, 4726.4], [247.1, 4724.4], [245.1, 4724.4], [245.1, 4720.4], [243.1, 4720.4], [243.1, 4718.4], [245.1, 4718.4], [245.1, 4714.5], [247.1, 4714.5], [247.1, 4710.5], [249.1, 4710.5], [249.1, 4708.5], [251.1, 4708.5], [251.1, 4706.5], [255.1, 4706.5], [255.1, 4704.5], [261.0, 4704.5], [261.0, 4706.5], [265.0, 4706.5], [265.0, 4708.5], [267.0, 4708.5], [267.0, 4710.5], [269.0, 4710.5], [269.0, 4714.5], [267.0, 4714.5], [267.0, 4716.4], [265.0, 4716.4], [265.0, 4718.4], [263.0, 4718.4], [263.0, 4722.4], [261.0, 4722.4], [261.0, 4724.4], [259.0, 4724.4], [259.0, 4728.4], [257.1, 4728.4], [257.1, 4730.4], [253.1, 4730.4]]]}, "properties": {"cell_id": 65}}, {"type": "Feature", "geometry": {"type": "Polygon", "coordinates": [[[1413.5, 5073.1], [1413.5, 5071.1], [1409.5, 5071.1], [1409.5, 5069.1], [1407.5, 5069.1], [1407.5, 5065.2], [1405.5, 5065.2], [1405.5, 5059.2], [1407.5, 5059.2], [1407.5, 5055.2], [1409.5, 5055.2], [1409.5, 5053.2], [1417.5, 5053.2], [1417.5, 5051.2], [1425.5, 5051.2], [1425.5, 5053.2], [1427.5, 5053.2], [1427.5, 5055.2], [1429.5, 5055.2], [1429.5, 5057.2], [1427.5, 5057.2], [1427.5, 5059.2], [1425.5, 5059.2], [1425.5, 5061.2], [1423.5, 5061.2], [1423.5, 5065.2], [1421.5, 5065.2], [1421.5, 5067.2], [1419.5, 5067.2], [1419.5, 5071.1], [1417.5, 5071.1], [1417.5, 5073.1], [1413.5, 5073.1]]]}, "properties": {"cell_id": 66}}, {"type": "Feature", "geometry": {"type": "Polygon", "coordinates": [[[689.7, 4636.6], [689.7, 4634.6], [687.7, 4634.6], [687.7, 4632.6], [683.7, 4632.6], [683.7, 4630.6], [681.7, 4630.6], [681.7, 4628.7], [675.7, 4628.7], [675.7, 4626.7], [673.7, 4626.7], [673.7, 4618.7], [675.7, 4618.7], [675.7, 4614.7], [677.7, 4614.7], [677.7, 4612.7], [679.7, 4612.7], [679.7, 4610.7], [681.7, 4610.7], [681.7, 4608.7], [687.7, 4608.7], [687.7, 4610.7], [693.7, 4610.7], [693.7, 4612.7], [697.7, 4612.7], [697.7, 4614.7], [701.7, 4614.7], [701.7, 4624.7], [703.6, 4624.7], [703.6, 4626.7], [701.7, 4626.7], [701.7, 4630.6], [699.7, 4630.6], [699.7, 4632.6], [697.7, 4632.6], [697.7, 4634.6], [695.7, 4634.6], [695.7, 4636.6], [689.7, 4636.6]]]}, "properties": {"cell_id": 67}}, {"type": "Feature", "geometry": {"type": "Polygon", "coordinates": [[[350.8, 4670.6], [350.8, 4668.6], [346.8, 4668.6], [346.8, 4666.6], [344.8, 4666.6], [344.8, 4662.6], [342.8, 4662.6], [342.8, 4658.6], [340.8, 4658.6], [340.8, 4652.6], [342.8, 4652.6], [342.8, 4650.6], [362.7, 4650.6], [362.7, 4652.6], [366.7, 4652.6], [366.7, 4654.6], [364.7, 4654.6], [364.7, 4656.6], [362.7, 4656.6], [362.7, 4658.6], [360.7, 4658.6], [360.7, 4662.6], [358.7, 4662.6], [358.7, 4664.6], [356.7, 4664.6], [356.7, 4666.6], [354.7, 4666.6], [354.7, 4668.6], [352.7, 4668.6], [352.7, 4670.6], [350.8, 4670.6]]]}, "properties": {"cell_id": 68}}, {"type": "Feature", "geometry": {"type": "Polygon", "coordinates": [[[1798.3, 5045.2], [1798.3, 5043.2], [1792.3, 5043.2], [1792.3, 5041.2], [1788.3, 5041.2], [1788.3, 5039.2], [1786.3, 5039.2], [1786.3, 5037.2], [1782.4, 5037.2], [1782.4, 5031.2], [1784.4, 5031.2], [1784.4, 5029.2], [1786.3, 5029.2], [1786.3, 5027.2], [1790.3, 5027.2], [1790.3, 5025.2], [1796.3, 5025.2], [1796.3, 5027.2], [1800.3, 5027.2], [1800.3, 5029.2], [1802.3, 5029.2], [1802.3, 5031.2], [1804.3, 5031.2], [1804.3, 5035.2], [1806.3, 5035.2], [1806.3, 5039.2], [1804.3, 5039.2], [1804.3, 5043.2], [1802.3, 5043.2], [1802.3, 5045.2], [1798.3, 5045.2]]]}, "properties": {"cell_id": 69}}, {"type": "Feature", "geometry": {"type": "Polygon", "coordinates": [[[705.6, 4680.5], [705.6, 4678.5], [701.7, 4678.5], [701.7, 4676.5], [697.7, 4676.5], [697.7, 4674.5], [695.7, 4674.5], [695.7, 4670.5], [693.7, 4670.5], [693.7, 4660.6], [695.7, 4660.6], [695.7, 4656.6], [697.7, 4656.6], [697.7, 4654.6], [701.7, 4654.6], [701.7, 4652.6], [709.6, 4652.6], [709.6, 4654.6], [713.6, 4654.6], [713.6, 4656.6], [715.6, 4656.6], [715.6, 4658.6], [717.6, 4658.6], [717.6, 4662.5], [719.6, 4662.5], [719.6, 4670.5], [717.6, 4670.5], [717.6, 4674.5], [715.6, 4674.5], [715.6, 4676.5], [711.6, 4676.5], [711.6, 4678.5], [707.6, 4678.5], [707.6, 4680.5], [705.6, 4680.5]]]}, "properties": {"cell_id": 70}}, {"type": "Feature", "geometry": {"type": "Polygon", "coordinates": [[[1810.3, 5015.2], [1810.3, 5013.3], [1808.3, 5013.3], [1808.3, 5011.3], [1806.3, 5011.3], [1806.3, 5007.3], [1804.3, 5007.3], [1804.3, 5003.3], [1808.3, 5003.3], [1808.3, 5001.3], [1816.2, 5001.3], [1816.2, 5005.3], [1818.2, 5005.3], [1818.2, 5015.2], [1810.3, 5015.2]]]}, "properties": {"cell_id": 71}}, {"type": "Feature", "geometry": {"type": "Polygon", "coordinates": [[[2496.1, 4861.6], [2496.1, 4859.6], [2488.1, 4859.6], [2488.1, 4857.6], [2484.1, 4857.6], [2484.1, 4855.6], [2482.1, 4855.6], [2482.1, 4853.6], [2480.2, 4853.6], [2480.2, 4849.7], [2482.1, 4849.7], [2482.1, 4845.7], [2484.1, 4845.7], [2484.1, 4843.7], [2488.1, 4843.7], [2488.1, 4841.7], [2494.1, 4841.7], [2494.1, 4839.7], [2496.1, 4839.7], [2496.1, 4841.7], [2500.1, 4841.7], [2500.1, 4843.7], [2502.1, 4843.7], [2502.1, 4845.7], [2504.1, 4845.7], [2504.1, 4849.7], [2506.1, 4849.7], [2506.1, 4851.6], [2504.1, 4851.6], [2504.1, 4855.6], [2502.1, 4855.6], [2502.1, 4859.6], [2500.1, 4859.6], [2500.1, 4861.6], [2496.1, 4861.6]]]}, "properties": {"cell_id": 72}}, {"type": "Feature", "geometry": {"type": "Polygon", "coordinates": [[[2458.3, 5174.6], [2458.3, 5172.6], [2438.3, 5172.6], [2438.3, 5168.7], [2440.3, 5168.7], [2440.3, 5164.7], [2442.3, 5164.7], [2442.3, 5162.7], [2448.3, 5162.7], [2448.3, 5160.7], [2452.3, 5160.7], [2452.3, 5158.7], [2462.3, 5158.7], [2462.3, 5162.7], [2464.3, 5162.7], [2464.3, 5170.7], [2462.3, 5170.7], [2462.3, 5172.6], [2460.3, 5172.6], [2460.3, 5174.6], [2458.3, 5174.6]]]}, "properties": {"cell_id": 73}}, {"type": "Feature", "geometry": {"type": "Polygon", "coordinates": [[[747.6, 5045.3], [747.6, 5043.3], [743.6, 5043.3], [743.6, 5041.3], [739.6, 5041.3], [739.6, 5039.4], [737.6, 5039.4], [737.6, 5035.4], [735.6, 5035.4], [735.6, 5033.4], [737.6, 5033.4], [737.6, 5031.4], [739.6, 5031.4], [739.6, 5029.4], [743.6, 5029.4], [743.6, 5027.4], [745.6, 5027.4], [745.6, 5025.4], [747.6, 5025.4], [747.6, 5023.4], [751.6, 5023.4], [751.6, 5021.4], [753.6, 5021.4], [753.6, 5023.4], [757.5, 5023.4], [757.5, 5025.4], [759.5, 5025.4], [759.5, 5031.4], [757.6, 5031.4], [757.6, 5039.3], [755.6, 5039.3], [755.6, 5041.3], [753.6, 5041.3], [753.6, 5043.3], [749.6, 5043.3], [749.6, 5045.3], [747.6, 5045.3]]]}, "properties": {"cell_id": 74}}, {"type": "Feature", "geometry": {"type": "Polygon", "coordinates": [[[1429.4, 4491.0], [1429.4, 4489.0], [1425.4, 4489.0], [1425.4, 4485.0], [1423.4, 4485.0], [1423.4, 4479.0], [1431.4, 4479.0], [1431.4, 4477.0], [1433.3, 4477.0], [1433.3, 4481.0], [1437.3, 4481.0], [1437.3, 4487.0], [1435.3, 4487.0], [1435.3, 4489.0], [1433.4, 4489.0], [1433.4, 4491.0], [1429.4, 4491.0]]]}, "properties": {"cell_id": 75}}, {"type": "Feature", "geometry": {"type": "Polygon", "coordinates": [[[2372.5, 5130.8], [2372.5, 5128.8], [2368.6, 5128.8], [2368.5, 5126.8], [2366.6, 5126.8], [2366.6, 5124.8], [2364.6, 5124.8], [2364.6, 5120.8], [2362.6, 5120.8], [2362.6, 5114.8], [2364.6, 5114.8], [2364.6, 5112.8], [2376.5, 5112.8], [2376.5, 5110.9], [2384.5, 5110.9], [2384.5, 5112.8], [2386.5, 5112.8], [2386.5, 5116.8], [2388.5, 5116.8], [2388.5, 5122.8], [2386.5, 5122.8], [2386.5, 5126.8], [2384.5, 5126.8], [2384.5, 5128.8], [2380.5, 5128.8], [2380.5, 5130.8], [2372.5, 5130.8]]]}, "properties": {"cell_id": 76}}, {"type": "Feature", "geometry": {"type": "Polygon", "coordinates": [[[1630.8, 4718.2], [1630.8, 4714.2], [1628.8, 4714.2], [1628.8, 4712.2], [1626.8, 4712.2], [1626.8, 4710.2], [1624.8, 4710.2], [1624.8, 4706.3], [1626.8, 4706.3], [1626.8, 4702.3], [1644.7, 4702.3], [1644.7, 4706.3], [1646.7, 4706.2], [1646.7, 4714.2], [1644.7, 4714.2], [1644.7, 4718.2], [1630.8, 4718.2]]]}, "properties": {"cell_id": 77}}, {"type": "Feature", "geometry": {"type": "Polygon", "coordinates": [[[1824.2, 4993.3], [1824.2, 4991.3], [1816.2, 4991.3], [1816.2, 4989.3], [1812.3, 4989.3], [1812.3, 4985.3], [1810.3, 4985.3], [1810.3, 4981.4], [1812.3, 4981.4], [1812.3, 4977.4], [1814.3, 4977.4], [1814.2, 4975.4], [1816.2, 4975.4], [1816.2, 4973.4], [1820.2, 4973.4], [1820.2, 4971.4], [1824.2, 4971.4], [1824.2, 4973.4], [1828.2, 4973.4], [1828.2, 4975.4], [1830.2, 4975.4], [1830.2, 4977.4], [1832.2, 4977.4], [1832.2, 4979.4], [1834.2, 4979.4], [1834.2, 4983.3], [1836.2, 4983.3], [1836.2, 4985.3], [1834.2, 4985.3], [1834.2, 4989.3], [1832.2, 4989.3], [1832.2, 4991.3], [1830.2, 4991.3], [1830.2, 4993.3], [1824.2, 4993.3]]]}, "properties": {"cell_id": 78}}, {"type": "Feature", "geometry": {"type": "Polygon", "coordinates": [[[2456.3, 5198.6], [2456.3, 5196.6], [2452.3, 5196.6], [2452.3, 5194.6], [2450.3, 5194.6], [2450.3, 5192.6], [2448.3, 5192.6], [2448.3, 5190.6], [2446.3, 5190.6], [2446.3, 5186.6], [2448.3, 5186.6], [2448.3, 5184.6], [2450.3, 5184.6], [2450.3, 5182.6], [2452.3, 5182.6], [2452.3, 5180.6], [2454.3, 5180.6], [2454.3, 5176.6], [2456.3, 5176.6], [2456.3, 5174.6], [2460.3, 5174.6], [2460.3, 5172.6], [2462.3, 5172.6], [2462.3, 5174.6], [2464.3, 5174.6], [2464.3, 5176.6], [2466.3, 5176.6], [2466.3, 5180.6], [2468.2, 5180.6], [2468.3, 5188.6], [2466.3, 5188.6], [2466.3, 5192.6], [2464.3, 5192.6], [2464.3, 5194.6], [2462.3, 5194.6], [2462.3, 5196.6], [2458.3, 5196.6], [2458.3, 5198.6], [2456.3, 5198.6]]]}, "properties": {"cell_id": 79}}, {"type": "Feature", "geometry": {"type": "Polygon", "coordinates": [[[950.9, 4901.8], [950.9, 4899.8], [946.9, 4899.8], [946.9, 4897.8], [944.9, 4897.8], [944.9, 4893.8], [942.9, 4893.8], [942.9, 4889.8], [944.9, 4889.8], [944.9, 4885.8], [946.9, 4885.8], [946.9, 4881.8], [948.9, 4881.8], [948.9, 4879.8], [952.9, 4879.8], [952.9, 4877.8], [966.9, 4877.8], [966.9, 4879.8], [970.9, 4879.8], [970.9, 4881.8], [972.9, 4881.8], [972.9, 4885.8], [974.8, 4885.8], [974.8, 4891.8], [972.9, 4891.8], [972.9, 4893.8], [970.9, 4893.8], [970.9, 4897.8], [968.9, 4897.8], [968.9, 4899.8], [966.9, 4899.8], [966.9, 4901.7], [964.9, 4901.7], [964.9, 4899.8], [960.9, 4899.8], [960.9, 4901.7], [950.9, 4901.8]]]}, "properties": {"cell_id": 80}}, {"type": "Feature", "geometry": {"type": "Polygon", "coordinates": [[[1778.4, 5029.2], [1778.4, 5027.2], [1774.4, 5027.2], [1774.4, 5023.2], [1772.4, 5023.2], [1772.4, 5015.3], [1770.4, 5015.3], [1770.4, 5011.3], [1772.4, 5011.3], [1772.4, 5009.3], [1774.4, 5009.3], [1774.4, 5007.3], [1778.4, 5007.3], [1778.4, 5005.3], [1784.3, 5005.3], [1784.3, 5003.3], [1788.3, 5003.3], [1788.3, 5005.3], [1792.3, 5005.3], [1792.3, 5019.2], [1794.3, 5019.2], [1794.3, 5021.2], [1792.3, 5021.2], [1792.3, 5023.2], [1790.3, 5023.2], [1790.3, 5025.2], [1786.3, 5025.2], [1786.3, 5027.2], [1782.4, 5027.2], [1782.4, 5029.2], [1778.4, 5029.2]]]}, "properties": {"cell_id": 81}}, {"type": "Feature", "geometry": {"type": "Polygon", "coordinates": [[[2061.5, 5001.3], [2061.5, 4999.3], [2059.5, 4999.3], [2059.5, 4997.3], [2057.5, 4997.3], [2057.5, 4995.3], [2055.5, 4995.3], [2055.5, 4989.3], [2053.5, 4989.3], [2053.5, 4987.3], [2061.5, 4987.3], [2061.5, 4991.3], [2063.5, 4991.3], [2063.5, 4993.3], [2065.5, 4993.3], [2065.5, 4991.3], [2069.5, 4991.3], [2069.5, 4995.3], [2071.5, 4995.3], [2071.5, 4999.3], [2069.5, 4999.3], [2069.5, 5001.3], [2061.5, 5001.3]]]}, "properties": {"cell_id": 82}}, {"type": "Feature", "geometry": {"type": "Polygon", "coordinates": [[[265.0, 4736.4], [265.0, 4734.4], [261.0, 4734.4], [261.0, 4732.4], [259.0, 4732.4], [259.0, 4730.4], [257.1, 4730.4], [257.1, 4728.4], [259.0, 4728.4], [259.0, 4724.4], [261.0, 4724.4], [261.0, 4722.4], [263.0, 4722.4], [263.0, 4718.4], [265.0, 4718.4], [265.0, 4716.4], [267.0, 4716.4], [267.0, 4714.5], [269.0, 4714.5], [269.0, 4712.5], [271.0, 4712.5], [271.0, 4714.5], [275.0, 4714.5], [275.0, 4716.4], [277.0, 4716.4], [277.0, 4718.4], [279.0, 4718.4], [279.0, 4722.4], [281.0, 4722.4], [281.0, 4726.4], [279.0, 4726.4], [279.0, 4730.4], [277.0, 4730.4], [277.0, 4732.4], [275.0, 4732.4], [275.0, 4734.4], [271.0, 4734.4], [271.0, 4736.4], [265.0, 4736.4]]]}, "properties": {"cell_id": 83}}, {"type": "Feature", "geometry": {"type": "Polygon", "coordinates": [[[1856.1, 5005.3], [1856.1, 4999.3], [1854.1, 4999.3], [1854.1, 4995.3], [1852.1, 4995.3], [1852.1, 4991.3], [1850.1, 4991.3], [1850.1, 4985.3], [1852.1, 4985.3], [1852.1, 4983.3], [1860.1, 4983.3], [1860.1, 4981.3], [1864.1, 4981.3], [1864.1, 4983.3], [1866.1, 4983.3], [1866.1, 4987.3], [1868.1, 4987.3], [1868.1, 4991.3], [1870.1, 4991.3], [1870.1, 4995.3], [1872.1, 4995.3], [1872.1, 4997.3], [1870.1, 4997.3], [1870.1, 4999.3], [1868.1, 4999.3], [1868.1, 5001.3], [1864.1, 5001.3], [1864.1, 5003.3], [1860.1, 5003.3], [1860.1, 5005.3], [1856.1, 5005.3]]]}, "properties": {"cell_id": 84}}, {"type": "Feature", "geometry": {"type": "Polygon", "coordinates": [[[554.1, 4596.8], [554.1, 4592.8], [552.1, 4592.8], [552.1, 4590.8], [550.1, 4590.8], [550.1, 4586.8], [548.1, 4586.8], [548.1, 4584.8], [546.1, 4584.8], [546.1, 4580.8], [544.1, 4580.8], [544.1, 4576.8], [546.1, 4576.8], [546.1, 4574.8], [550.1, 4574.8], [550.1, 4572.9], [560.1, 4572.9], [560.1, 4574.8], [564.1, 4574.8], [564.1, 4576.8], [566.1, 4576.8], [566.1, 4580.8], [568.1, 4580.8], [568.1, 4586.8], [566.1, 4586.8], [566.1, 4590.8], [564.1, 4590.8], [564.1, 4592.8], [560.1, 4592.8], [560.1, 4594.8], [556.1, 4594.8], [556.1, 4596.8], [554.1, 4596.8]]]}, "properties": {"cell_id": 85}}, {"type": "Feature", "geometry": {"type": "Polygon", "coordinates": [[[1557.0, 4903.6], [1557.0, 4901.6], [1553.1, 4901.7], [1553.0, 4899.7], [1551.1, 4899.7], [1551.1, 4895.7], [1549.1, 4895.7], [1549.1, 4891.7], [1551.1, 4891.7], [1551.1, 4887.7], [1555.0, 4887.7], [1555.0, 4885.7], [1573.0, 4885.7], [1573.0, 4889.7], [1575.0, 4889.7], [1575.0, 4895.7], [1569.0, 4895.7], [1569.0, 4897.7], [1563.0, 4897.7], [1563.0, 4899.7], [1561.0, 4899.7], [1561.0, 4901.6], [1559.0, 4901.6], [1559.0, 4903.6], [1557.0, 4903.6]]]}, "properties": {"cell_id": 86}}, {"type": "Feature", "geometry": {"type": "Polygon", "coordinates": [[[1626.8, 4702.3], [1626.8, 4698.3], [1624.8, 4698.3], [1624.8, 4688.3], [1626.8, 4688.3], [1626.8, 4684.3], [1628.8, 4684.3], [1628.8, 4682.3], [1632.8, 4682.3], [1632.8, 4680.3], [1640.7, 4680.3], [1640.7, 4682.3], [1644.7, 4682.3], [1644.7, 4684.3], [1646.7, 4684.3], [1646.7, 4688.3], [1648.7, 4688.3], [1648.7, 4698.3], [1646.7, 4698.3], [1646.7, 4702.3], [1626.8, 4702.3]]]}, "properties": {"cell_id": 87}}, {"type": "Feature", "geometry": {"type": "Polygon", "coordinates": [[[1949.8, 5025.2], [1949.8, 5023.2], [1945.8, 5023.2], [1945.8, 5021.2], [1943.9, 5021.2], [1943.9, 5019.2], [1941.9, 5019.2], [1941.9, 5017.2], [1939.9, 5017.2], [1939.9, 5013.2], [1941.9, 5013.2], [1941.9, 5011.2], [1943.9, 5011.2], [1943.9, 5009.2], [1947.8, 5009.2], [1947.8, 5007.3], [1961.8, 5007.2], [1961.8, 5009.2], [1963.8, 5009.2], [1963.8, 5015.2], [1961.8, 5015.2], [1961.8, 5019.2], [1959.8, 5019.2], [1959.8, 5021.2], [1955.8, 5021.2], [1955.8, 5023.2], [1951.8, 5023.2], [1951.8, 5025.2], [1949.8, 5025.2]]]}, "properties": {"cell_id": 88}}, {"type": "Feature", "geometry": {"type": "Polygon", "coordinates": [[[2073.4, 4961.4], [2073.4, 4959.4], [2071.4, 4959.4], [2071.4, 4957.4], [2073.4, 4957.4], [2073.4, 4955.4], [2075.4, 4955.4], [2075.4, 4949.4], [2079.4, 4949.4], [2079.4, 4947.4], [2083.4, 4947.4], [2083.4, 4945.4], [2087.4, 4945.4], [2087.4, 4947.4], [2089.4, 4947.4], [2089.4, 4951.4], [2091.4, 4951.4], [2091.4, 4959.4], [2089.4, 4959.4], [2089.4, 4961.4], [2073.4, 4961.4]]]}, "properties": {"cell_id": 89}}, {"type": "Feature", "geometry": {"type": "Polygon", "coordinates": [[[2213.0, 4845.7], [2213.0, 4843.7], [2209.0, 4843.7], [2209.0, 4841.7], [2207.0, 4841.7], [2207.0, 4837.7], [2209.0, 4837.7], [2209.0, 4833.8], [2211.0, 4833.8], [2211.0, 4831.8], [2219.0, 4831.8], [2219.0, 4829.8], [2224.9, 4829.8], [2224.9, 4839.7], [2223.0, 4839.7], [2223.0, 4841.7], [2219.0, 4841.7], [2219.0, 4843.7], [2217.0, 4843.7], [2217.0, 4845.7], [2213.0, 4845.7]]]}, "properties": {"cell_id": 90}}, {"type": "Feature", "geometry": {"type": "Polygon", "coordinates": [[[787.5, 5033.4], [787.5, 5031.4], [783.5, 5031.4], [783.5, 5029.4], [781.5, 5029.4], [781.5, 5027.4], [779.5, 5027.4], [779.5, 5025.4], [777.5, 5025.4], [777.5, 5021.4], [775.5, 5021.4], [775.5, 5015.4], [777.5, 5015.4], [777.5, 5011.4], [779.5, 5011.4], [779.5, 5009.4], [781.5, 5009.4], [781.5, 5007.4], [785.5, 5007.4], [785.5, 5005.5], [791.4, 5005.5], [791.4, 5007.4], [795.4, 5007.4], [795.4, 5009.4], [797.4, 5009.4], [797.4, 5013.4], [799.4, 5013.4], [799.4, 5019.4], [801.4, 5019.4], [801.4, 5023.4], [799.4, 5023.4], [799.4, 5027.4], [797.4, 5027.4], [797.4, 5029.4], [795.4, 5029.4], [795.4, 5031.4], [791.4, 5031.4], [791.4, 5033.4], [787.5, 5033.4]]]}, "properties": {"cell_id": 91}}, {"type": "Feature", "geometry": {"type": "Polygon", "coordinates": [[[570.1, 4800.1], [570.1, 4798.1], [566.1, 4798.1], [566.1, 4796.1], [564.1, 4796.1], [564.1, 4794.2], [562.1, 4794.2], [562.1, 4792.2], [564.1, 4792.2], [564.1, 4788.2], [566.1, 4788.2], [566.1, 4786.2], [568.1, 4786.2], [568.1, 4780.2], [570.1, 4780.2], [570.1, 4778.2], [576.1, 4778.2], [576.1, 4780.2], [580.1, 4780.2], [580.1, 4782.2], [582.1, 4782.2], [582.1, 4786.2], [584.0, 4786.2], [584.0, 4788.2], [582.1, 4788.2], [582.1, 4792.2], [580.1, 4792.2], [580.1, 4796.1], [578.1, 4796.1], [578.1, 4798.1], [576.1, 4798.1], [576.1, 4800.1], [570.1, 4800.1]]]}, "properties": {"cell_id": 92}}, {"type": "Feature", "geometry": {"type": "Polygon", "coordinates": [[[424.5, 4630.7], [424.5, 4628.7], [420.5, 4628.7], [420.5, 4626.7], [418.5, 4626.7], [418.5, 4620.7], [420.5, 4620.7], [420.5, 4616.7], [422.5, 4616.7], [422.5, 4610.8], [432.5, 4610.8], [432.5, 4612.7], [434.5, 4612.7], [434.5, 4614.7], [436.5, 4614.7], [436.5, 4622.7], [434.5, 4622.7], [434.5, 4624.7], [432.5, 4624.7], [432.5, 4628.7], [430.5, 4628.7], [430.5, 4630.7], [424.5, 4630.7]]]}, "properties": {"cell_id": 93}}, {"type": "Feature", "geometry": {"type": "Polygon", "coordinates": [[[2478.2, 4999.2], [2478.2, 4995.2], [2476.2, 4995.2], [2476.2, 4993.2], [2478.2, 4993.2], [2478.2, 4983.2], [2480.2, 4983.2], [2480.2, 4981.2], [2482.2, 4981.2], [2482.2, 4979.3], [2486.2, 4979.3], [2486.2, 4977.3], [2490.1, 4977.3], [2490.1, 4979.2], [2494.1, 4979.2], [2494.1, 4981.2], [2496.1, 4981.2], [2496.1, 4983.2], [2498.1, 4983.2], [2498.1, 4987.2], [2500.1, 4987.2], [2500.1, 4989.2], [2498.1, 4989.2], [2498.1, 4991.2], [2494.1, 4991.2], [2494.1, 4993.2], [2488.2, 4993.2], [2488.2, 4995.2], [2486.2, 4995.2], [2486.2, 4997.2], [2484.2, 4997.2], [2484.2, 4999.2], [2478.2, 4999.2]]]}, "properties": {"cell_id": 94}}, {"type": "Feature", "geometry": {"type": "Polygon", "coordinates": [[[1010.7, 4919.7], [1010.7, 4917.7], [1006.8, 4917.7], [1006.8, 4915.7], [1002.8, 4915.7], [1002.8, 4913.7], [1000.8, 4913.7], [1000.8, 4911.7], [998.8, 4911.7], [998.8, 4909.7], [996.8, 4909.7], [996.8, 4907.7], [994.8, 4907.7], [994.8, 4905.7], [996.8, 4905.7], [996.8, 4901.7], [1000.8, 4901.7], [1000.8, 4899.7], [1008.7, 4899.7], [1008.7, 4897.8], [1014.7, 4897.8], [1014.7, 4899.7], [1018.7, 4899.7], [1018.7, 4901.7], [1020.7, 4901.7], [1020.7, 4905.7], [1022.7, 4905.7], [1022.7, 4909.7], [1020.7, 4909.7], [1020.7, 4913.7], [1018.7, 4913.7], [1018.7, 4915.7], [1016.7, 4915.7], [1016.7, 4917.7], [1012.7, 4917.7], [1012.7, 4919.7], [1010.7, 4919.7]]]}, "properties": {"cell_id": 95}}, {"type": "Feature", "geometry": {"type": "Polygon", "coordinates": [[[1670.7, 5045.2], [1670.7, 5043.2], [1666.7, 5043.2], [1666.7, 5041.2], [1664.7, 5041.2], [1664.7, 5039.2], [1662.7, 5039.2], [1662.7, 5035.2], [1660.7, 5035.2], [1660.7, 5033.2], [1662.7, 5033.2], [1662.7, 5031.2], [1664.7, 5031.2], [1664.7, 5029.2], [1666.7, 5029.2], [1666.7, 5027.2], [1668.7, 5027.2], [1668.7, 5025.2], [1670.7, 5025.2], [1670.7, 5023.2], [1672.7, 5023.2], [1672.7, 5021.3], [1678.7, 5021.3], [1678.7, 5023.2], [1680.7, 5023.2], [1680.7, 5025.2], [1682.7, 5025.2], [1682.7, 5029.2], [1684.7, 5029.2], [1684.7, 5035.2], [1682.7, 5035.2], [1682.7, 5039.2], [1680.7, 5039.2], [1680.7, 5041.2], [1676.7, 5041.2], [1676.7, 5043.2], [1672.7, 5043.2], [1672.7, 5045.2], [1670.7, 5045.2]]]}, "properties": {"cell_id": 96}}, {"type": "Feature", "geometry": {"type": "Polygon", "coordinates": [[[432.5, 4604.8], [432.5, 4602.8], [430.5, 4602.8], [430.5, 4600.8], [428.5, 4600.8], [428.5, 4596.8], [424.5, 4596.8], [424.5, 4594.8], [422.5, 4594.8], [422.5, 4592.8], [418.5, 4592.8], [418.5, 4590.8], [420.5, 4590.8], [420.5, 4586.8], [422.5, 4586.8], [422.5, 4584.8], [424.5, 4584.8], [424.5, 4582.8], [428.5, 4582.8], [428.5, 4580.8], [430.5, 4580.8], [430.5, 4582.8], [432.5, 4582.8], [432.5, 4584.8], [434.5, 4584.8], [434.5, 4586.8], [436.5, 4586.8], [436.5, 4588.8], [438.5, 4588.8], [438.5, 4592.8], [440.5, 4592.8], [440.5, 4594.8], [442.5, 4594.8], [442.5, 4600.8], [440.5, 4600.8], [440.5, 4602.8], [436.5, 4602.8], [436.5, 4604.8], [432.5, 4604.8]]]}, "properties": {"cell_id": 97}}, {"type": "Feature", "geometry": {"type": "Polygon", "coordinates": [[[534.2, 4816.1], [534.2, 4814.1], [530.2, 4814.1], [530.2, 4812.1], [526.2, 4812.1], [526.2, 4810.1], [522.2, 4810.1], [522.2, 4808.1], [518.3, 4808.1], [518.3, 4806.1], [520.2, 4806.1], [520.2, 4804.1], [522.2, 4804.1], [522.2, 4800.1], [528.2, 4800.1], [528.2, 4798.1], [536.2, 4798.1], [536.2, 4800.1], [542.2, 4800.1], [542.2, 4810.1], [540.2, 4810.1], [540.2, 4814.1], [538.2, 4814.1], [538.2, 4816.1], [534.2, 4816.1]]]}, "properties": {"cell_id": 98}}, {"type": "Feature", "geometry": {"type": "Polygon", "coordinates": [[[2444.3, 4965.3], [2444.3, 4963.3], [2442.3, 4963.3], [2442.3, 4959.3], [2440.3, 4959.3], [2440.3, 4955.3], [2438.3, 4955.3], [2438.3, 4953.3], [2440.3, 4953.3], [2440.3, 4951.3], [2442.3, 4951.3], [2442.3, 4949.4], [2448.3, 4949.4], [2448.3, 4951.3], [2452.3, 4951.3], [2452.3, 4953.3], [2454.3, 4953.3], [2454.3, 4959.3], [2452.3, 4959.3], [2452.3, 4963.3], [2446.3, 4963.3], [2446.3, 4965.3], [2444.3, 4965.3]]]}, "properties": {"cell_id": 99}}, {"type": "Feature", "geometry": {"type": "Polygon", "coordinates": [[[721.6, 4692.4], [721.6, 4690.5], [719.6, 4690.5], [719.6, 4686.5], [717.6, 4686.5], [717.6, 4678.5], [719.6, 4678.5], [719.6, 4674.5], [721.6, 4674.5], [721.6, 4672.5], [725.6, 4672.5], [725.6, 4670.5], [731.6, 4670.5], [731.6, 4672.5], [735.6, 4672.5], [735.6, 4676.5], [737.5, 4676.5], [737.6, 4680.5], [739.5, 4680.5], [739.5, 4684.5], [737.6, 4684.5], [737.6, 4688.5], [735.6, 4688.5], [735.6, 4690.5], [733.6, 4690.5], [733.6, 4692.4], [721.6, 4692.4]]]}, "properties": {"cell_id": 100}}, {"type": "Feature", "geometry": {"type": "Polygon", "coordinates": [[[1435.4, 4530.8], [1435.4, 4528.8], [1433.4, 4528.8], [1433.4, 4526.8], [1431.4, 4526.9], [1431.4, 4524.9], [1427.4, 4524.9], [1427.4, 4522.9], [1421.4, 4522.9], [1421.4, 4520.9], [1415.4, 4520.9], [1415.4, 4518.9], [1413.4, 4518.9], [1413.4, 4510.9], [1415.4, 4510.9], [1415.4, 4506.9], [1417.4, 4506.9], [1417.4, 4504.9], [1433.4, 4504.9], [1433.4, 4510.9], [1435.3, 4510.9], [1435.3, 4516.9], [1437.3, 4516.9], [1437.3, 4524.9], [1439.3, 4524.9], [1439.3, 4530.8], [1435.4, 4530.8]]]}, "properties": {"cell_id": 101}}, {"type": "Feature", "geometry": {"type": "Polygon", "coordinates": [[[1236.1, 5033.3], [1236.1, 5031.3], [1234.1, 5031.3], [1234.1, 5029.3], [1232.1, 5029.3], [1232.1, 5025.3], [1230.1, 5025.3], [1230.1, 5027.3], [1228.1, 5027.3], [1228.1, 5025.3], [1224.1, 5025.3], [1224.1, 5023.3], [1220.1, 5023.3], [1220.1, 5021.3], [1222.1, 5021.3], [1222.1, 5017.3], [1224.1, 5017.3], [1224.1, 5015.3], [1226.1, 5015.3], [1226.1, 5013.4], [1230.1, 5013.4], [1230.1, 5011.4], [1236.1, 5011.4], [1236.1, 5013.4], [1240.0, 5013.4], [1240.0, 5015.3], [1242.0, 5015.3], [1242.0, 5019.3], [1244.0, 5019.3], [1244.0, 5027.3], [1242.0, 5027.3], [1242.0, 5031.3], [1240.0, 5031.3], [1240.0, 5033.3], [1236.1, 5033.3]]]}, "properties": {"cell_id": 102}}, {"type": "Feature", "geometry": {"type": "Polygon", "coordinates": [[[1250.0, 5061.2], [1250.0, 5059.2], [1246.0, 5059.2], [1246.0, 5057.2], [1244.0, 5057.2], [1244.0, 5051.2], [1246.0, 5051.2], [1246.0, 5043.3], [1248.0, 5043.3], [1248.0, 5037.3], [1252.0, 5037.3], [1252.0, 5035.3], [1256.0, 5035.3], [1256.0, 5033.3], [1258.0, 5033.3], [1258.0, 5035.3], [1262.0, 5035.3], [1262.0, 5037.3], [1264.0, 5037.3], [1264.0, 5039.3], [1266.0, 5039.3], [1266.0, 5043.3], [1268.0, 5043.3], [1268.0, 5049.2], [1266.0, 5049.2], [1266.0, 5053.2], [1264.0, 5053.2], [1264.0, 5055.2], [1262.0, 5055.2], [1262.0, 5057.2], [1260.0, 5057.2], [1260.0, 5059.2], [1256.0, 5059.2], [1256.0, 5061.2], [1250.0, 5061.2]]]}, "properties": {"cell_id": 103}}, {"type": "Feature", "geometry": {"type": "Polygon", "coordinates": [[[370.7, 4690.5], [370.7, 4688.5], [362.7, 4688.5], [362.7, 4686.5], [358.7, 4686.5], [358.7, 4678.6], [360.7, 4678.6], [360.7, 4674.6], [372.7, 4674.6], [372.7, 4676.6], [378.7, 4676.6], [378.7, 4678.5], [380.7, 4678.5], [380.7, 4682.5], [382.7, 4682.5], [382.7, 4686.5], [380.7, 4686.5], [380.7, 4688.5], [374.7, 4688.5], [374.7, 4690.5], [370.7, 4690.5]]]}, "properties": {"cell_id": 104}}, {"type": "Feature", "geometry": {"type": "Polygon", "coordinates": [[[2450.2, 4508.7], [2450.2, 4506.7], [2446.2, 4506.7], [2446.2, 4504.8], [2444.2, 4504.8], [2444.2, 4502.8], [2442.2, 4502.8], [2442.2, 4498.8], [2440.2, 4498.8], [2440.2, 4492.8], [2442.2, 4492.8], [2442.2, 4488.8], [2444.2, 4488.8], [2444.2, 4486.8], [2446.2, 4486.8], [2446.2, 4484.8], [2450.2, 4484.8], [2450.2, 4482.8], [2452.2, 4482.8], [2452.2, 4484.8], [2456.2, 4484.8], [2456.2, 4486.8], [2460.2, 4486.8], [2460.2, 4490.8], [2462.1, 4490.8], [2462.2, 4494.8], [2464.1, 4494.8], [2464.1, 4504.7], [2462.2, 4504.7], [2462.2, 4506.7], [2458.2, 4506.7], [2458.2, 4508.7], [2450.2, 4508.7]]]}, "properties": {"cell_id": 105}}, {"type": "Feature", "geometry": {"type": "Polygon", "coordinates": [[[2270.8, 5037.1], [2270.8, 5033.1], [2268.8, 5033.1], [2268.8, 5025.1], [2266.8, 5025.1], [2266.8, 5019.2], [2270.8, 5019.2], [2270.8, 5017.2], [2274.8, 5017.2], [2274.8, 5015.2], [2276.8, 5015.2], [2276.8, 5017.2], [2278.8, 5017.2], [2278.8, 5035.1], [2274.8, 5035.1], [2274.8, 5037.1], [2270.8, 5037.1]]]}, "properties": {"cell_id": 106}}, {"type": "Feature", "geometry": {"type": "Polygon", "coordinates": [[[522.2, 4800.1], [522.2, 4794.2], [520.2, 4794.2], [520.2, 4788.2], [518.3, 4788.2], [518.3, 4784.2], [516.3, 4784.2], [516.3, 4780.2], [520.2, 4780.2], [520.2, 4778.2], [524.2, 4778.2], [524.2, 4782.2], [526.2, 4782.2], [526.2, 4786.2], [528.2, 4786.2], [528.2, 4788.2], [530.2, 4788.2], [530.2, 4798.1], [528.2, 4798.1], [528.2, 4800.1], [522.2, 4800.1]]]}, "properties": {"cell_id": 107}}, {"type": "Feature", "geometry": {"type": "Polygon", "coordinates": [[[1457.3, 4542.8], [1457.3, 4540.8], [1455.3, 4540.8], [1455.3, 4538.8], [1453.3, 4538.8], [1453.3, 4534.8], [1451.3, 4534.8], [1451.3, 4532.8], [1449.3, 4532.8], [1449.3, 4528.8], [1457.3, 4528.8], [1457.3, 4526.8], [1463.3, 4526.8], [1463.3, 4530.8], [1465.3, 4530.8], [1465.3, 4532.8], [1467.3, 4532.8], [1467.3, 4536.8], [1469.2, 4536.8], [1469.2, 4542.8], [1457.3, 4542.8]]]}, "properties": {"cell_id": 108}}, {"type": "Feature", "geometry": {"type": "Polygon", "coordinates": [[[615.9, 4570.8], [615.9, 4568.9], [611.9, 4568.9], [611.9, 4566.9], [607.9, 4566.9], [607.9, 4564.9], [605.9, 4564.9], [605.9, 4560.9], [603.9, 4560.9], [603.9, 4556.9], [605.9, 4556.9], [605.9, 4554.9], [607.9, 4554.9], [607.9, 4552.9], [609.9, 4552.9], [609.9, 4550.9], [611.9, 4550.9], [611.9, 4548.9], [613.9, 4548.9], [613.9, 4546.9], [619.9, 4546.9], [619.9, 4548.9], [623.9, 4548.9], [623.9, 4566.9], [621.9, 4566.9], [621.9, 4568.9], [617.9, 4568.9], [617.9, 4570.8], [615.9, 4570.8]]]}, "properties": {"cell_id": 109}}, {"type": "Feature", "geometry": {"type": "Polygon", "coordinates": [[[508.3, 4901.8], [508.3, 4899.8], [504.3, 4899.8], [504.3, 4897.8], [502.3, 4897.8], [502.3, 4893.9], [500.3, 4893.9], [500.3, 4887.9], [502.3, 4887.9], [502.3, 4881.9], [504.3, 4881.9], [504.3, 4879.9], [510.3, 4879.9], [510.3, 4881.9], [514.3, 4881.9], [514.3, 4883.9], [522.3, 4883.9], [522.3, 4887.9], [524.3, 4887.9], [524.3, 4893.8], [522.3, 4893.8], [522.3, 4897.8], [520.3, 4897.8], [520.3, 4899.8], [516.3, 4899.8], [516.3, 4901.8], [508.3, 4901.8]]]}, "properties": {"cell_id": 110}}, {"type": "Feature", "geometry": {"type": "Polygon", "coordinates": [[[2248.9, 5045.1], [2248.9, 5043.1], [2246.9, 5043.1], [2246.9, 5023.2], [2254.9, 5023.2], [2254.9, 5029.1], [2256.9, 5029.1], [2256.9, 5043.1], [2252.9, 5043.1], [2252.9, 5045.1], [2248.9, 5045.1]]]}, "properties": {"cell_id": 111}}, {"type": "Feature", "geometry": {"type": "Polygon", "coordinates": [[[2480.2, 4875.6], [2480.2, 4873.6], [2478.2, 4873.6], [2478.2, 4851.7], [2480.2, 4851.7], [2480.2, 4853.6], [2482.1, 4853.6], [2482.1, 4855.6], [2484.1, 4855.6], [2484.1, 4857.6], [2488.1, 4857.6], [2488.1, 4859.6], [2496.1, 4859.6], [2496.1, 4861.6], [2500.1, 4861.6], [2500.1, 4867.6], [2496.1, 4867.6], [2496.1, 4869.6], [2492.1, 4869.6], [2492.1, 4871.6], [2486.1, 4871.6], [2486.1, 4873.6], [2484.1, 4873.6], [2484.1, 4875.6], [2480.2, 4875.6]]]}, "properties": {"cell_id": 112}}, {"type": "Feature", "geometry": {"type": "Polygon", "coordinates": [[[1808.3, 5107.0], [1808.3, 5105.0], [1806.3, 5105.0], [1806.3, 5103.0], [1804.3, 5103.0], [1804.3, 5101.0], [1802.3, 5101.0], [1802.3, 5097.0], [1800.3, 5097.0], [1800.3, 5095.0], [1802.3, 5095.0], [1802.3, 5091.0], [1804.3, 5091.0], [1804.3, 5089.0], [1808.3, 5089.0], [1808.3, 5087.0], [1810.3, 5087.0], [1810.3, 5085.0], [1816.3, 5085.0], [1816.3, 5087.0], [1818.3, 5087.0], [1818.3, 5091.0], [1820.3, 5091.0], [1820.3, 5097.0], [1818.3, 5097.0], [1818.3, 5101.0], [1816.3, 5101.0], [1816.3, 5103.0], [1814.3, 5103.0], [1814.3, 5105.0], [1810.3, 5105.0], [1810.3, 5107.0], [1808.3, 5107.0]]]}, "properties": {"cell_id": 113}}, {"type": "Feature", "geometry": {"type": "Polygon", "coordinates": [[[685.7, 4893.8], [685.7, 4891.8], [683.8, 4891.8], [683.8, 4873.9], [685.7, 4873.9], [685.7, 4871.9], [687.7, 4871.9], [687.7, 4873.9], [693.7, 4873.9], [693.7, 4871.9], [695.7, 4871.9], [695.7, 4873.9], [697.7, 4873.9], [697.7, 4875.9], [699.7, 4875.9], [699.7, 4879.9], [701.7, 4879.9], [701.7, 4885.8], [699.7, 4885.8], [699.7, 4889.8], [697.7, 4889.8], [697.7, 4891.8], [693.7, 4891.8], [693.7, 4893.8], [685.7, 4893.8]]]}, "properties": {"cell_id": 114}}, {"type": "Feature", "geometry": {"type": "Polygon", "coordinates": [[[1561.0, 4817.9], [1561.0, 4813.9], [1559.0, 4813.9], [1559.0, 4800.0], [1561.0, 4800.0], [1561.0, 4798.0], [1563.0, 4798.0], [1563.0, 4796.0], [1571.0, 4796.0], [1571.0, 4794.0], [1573.0, 4794.0], [1573.0, 4796.0], [1575.0, 4796.0], [1575.0, 4798.0], [1577.0, 4798.0], [1577.0, 4802.0], [1579.0, 4802.0], [1579.0, 4804.0], [1577.0, 4804.0], [1577.0, 4807.9], [1575.0, 4807.9], [1575.0, 4811.9], [1573.0, 4811.9], [1573.0, 4813.9], [1571.0, 4813.9], [1571.0, 4815.9], [1567.0, 4815.9], [1567.0, 4817.9], [1561.0, 4817.9]]]}, "properties": {"cell_id": 115}}, {"type": "Feature", "geometry": {"type": "Polygon", "coordinates": [[[2296.8, 5027.1], [2296.8, 5025.1], [2294.8, 5025.1], [2294.8, 5013.2], [2298.7, 5013.2], [2298.7, 5007.2], [2304.7, 5007.2], [2304.7, 5011.2], [2308.7, 5011.2], [2308.7, 5013.2], [2310.7, 5013.2], [2310.7, 5015.2], [2312.7, 5015.2], [2312.7, 5021.1], [2310.7, 5021.1], [2310.7, 5023.1], [2306.7, 5023.1], [2306.7, 5025.1], [2302.7, 5025.1], [2302.7, 5027.1], [2296.8, 5027.1]]]}, "properties": {"cell_id": 116}}, {"type": "Feature", "geometry": {"type": "Polygon", "coordinates": [[[695.7, 4746.3], [695.7, 4744.3], [691.7, 4744.3], [691.7, 4742.3], [677.7, 4742.3], [677.7, 4740.3], [675.8, 4740.3], [675.8, 4732.3], [677.7, 4732.3], [677.7, 4728.3], [679.7, 4728.3], [679.7, 4726.3], [683.7, 4726.3], [683.7, 4724.4], [695.7, 4724.4], [695.7, 4726.3], [699.7, 4726.3], [699.7, 4728.3], [701.7, 4728.3], [701.7, 4734.3], [703.7, 4734.3], [703.7, 4738.3], [701.7, 4738.3], [701.7, 4742.3], [699.7, 4742.3], [699.7, 4744.3], [697.7, 4744.3], [697.7, 4746.3], [695.7, 4746.3]]]}, "properties": {"cell_id": 117}}, {"type": "Feature", "geometry": {"type": "Polygon", "coordinates": [[[2490.1, 4698.1], [2490.1, 4696.1], [2486.1, 4696.1], [2486.1, 4694.1], [2484.1, 4694.1], [2484.1, 4692.2], [2482.1, 4692.2], [2482.1, 4688.2], [2480.1, 4688.2], [2480.1, 4682.2], [2482.1, 4682.2], [2482.1, 4678.2], [2484.1, 4678.2], [2484.1, 4676.2], [2486.1, 4676.2], [2486.1, 4674.2], [2490.1, 4674.2], [2490.1, 4672.2], [2496.1, 4672.2], [2496.1, 4674.2], [2500.1, 4674.2], [2500.1, 4676.2], [2502.1, 4676.2], [2502.1, 4680.2], [2504.1, 4680.2], [2504.1, 4688.2], [2502.1, 4688.2], [2502.1, 4692.2], [2500.1, 4692.2], [2500.1, 4694.1], [2498.1, 4694.1], [2498.1, 4696.1], [2494.1, 4696.1], [2494.1, 4698.1], [2490.1, 4698.1]]]}, "properties": {"cell_id": 118}}, {"type": "Feature", "geometry": {"type": "Polygon", "coordinates": [[[2470.2, 4939.4], [2470.2, 4937.4], [2468.2, 4937.4], [2468.2, 4935.4], [2466.2, 4935.4], [2466.2, 4933.4], [2464.2, 4933.4], [2464.2, 4931.4], [2462.2, 4931.4], [2462.2, 4927.4], [2458.2, 4927.4], [2458.2, 4921.4], [2460.2, 4921.4], [2460.2, 4919.4], [2464.2, 4919.4], [2464.2, 4917.4], [2470.2, 4917.4], [2470.2, 4919.4], [2472.2, 4919.4], [2472.2, 4921.4], [2474.2, 4921.4], [2474.2, 4925.4], [2476.2, 4925.4], [2476.2, 4931.4], [2478.2, 4931.4], [2478.2, 4933.4], [2476.2, 4933.4], [2476.2, 4937.4], [2474.2, 4937.4], [2474.2, 4939.4], [2470.2, 4939.4]]]}, "properties": {"cell_id": 119}}, {"type": "Feature", "geometry": {"type": "Polygon", "coordinates": [[[398.6, 4899.8], [398.6, 4897.9], [394.7, 4897.9], [394.7, 4895.9], [392.7, 4895.9], [392.7, 4891.9], [390.7, 4891.9], [390.7, 4887.9], [392.7, 4887.9], [392.7, 4879.9], [402.6, 4879.9], [402.6, 4881.9], [404.6, 4881.9], [404.6, 4883.9], [406.6, 4883.9], [406.6, 4885.9], [410.6, 4885.9], [410.6, 4889.9], [412.6, 4889.9], [412.6, 4895.9], [410.6, 4895.9], [410.6, 4897.9], [406.6, 4897.9], [406.6, 4899.8], [398.6, 4899.8]]]}, "properties": {"cell_id": 120}}, {"type": "Feature", "geometry": {"type": "Polygon", "coordinates": [[[1499.2, 4644.5], [1499.2, 4642.5], [1487.2, 4642.5], [1487.2, 4640.5], [1485.2, 4640.5], [1485.2, 4634.5], [1487.2, 4634.5], [1487.2, 4632.5], [1489.2, 4632.5], [1489.2, 4630.5], [1493.2, 4630.5], [1493.2, 4628.5], [1495.2, 4628.5], [1495.2, 4626.5], [1499.2, 4626.5], [1499.2, 4624.5], [1503.2, 4624.5], [1503.2, 4622.5], [1505.2, 4622.5], [1505.2, 4624.5], [1507.1, 4624.5], [1507.1, 4626.5], [1509.1, 4626.5], [1509.1, 4630.5], [1511.1, 4630.5], [1511.1, 4636.5], [1509.1, 4636.5], [1509.1, 4640.5], [1507.1, 4640.5], [1507.1, 4644.5], [1499.2, 4644.5]]]}, "properties": {"cell_id": 121}}, {"type": "Feature", "geometry": {"type": "Polygon", "coordinates": [[[2288.8, 5003.2], [2288.8, 4999.2], [2286.8, 4999.2], [2286.8, 4987.3], [2296.7, 4987.3], [2296.7, 4989.3], [2298.7, 4989.3], [2298.7, 4991.2], [2300.7, 4991.2], [2300.7, 4993.2], [2302.7, 4993.2], [2302.7, 4997.2], [2300.7, 4997.2], [2300.7, 4999.2], [2298.7, 4999.2], [2298.7, 5001.2], [2294.8, 5001.2], [2294.8, 5003.2], [2288.8, 5003.2]]]}, "properties": {"cell_id": 122}}, {"type": "Feature", "geometry": {"type": "Polygon", "coordinates": [[[1822.2, 5017.2], [1822.2, 5015.2], [1818.2, 5015.2], [1818.2, 5005.3], [1816.2, 5005.3], [1816.2, 5003.3], [1830.2, 5003.3], [1830.2, 5005.3], [1832.2, 5005.3], [1832.2, 5013.3], [1830.2, 5013.3], [1830.2, 5015.2], [1828.2, 5015.2], [1828.2, 5017.2], [1822.2, 5017.2]]]}, "properties": {"cell_id": 123}}, {"type": "Feature", "geometry": {"type": "Polygon", "coordinates": [[[2356.6, 5104.9], [2356.6, 5102.9], [2354.6, 5102.9], [2354.6, 5098.9], [2352.6, 5098.9], [2352.6, 5090.9], [2354.6, 5090.9], [2354.6, 5086.9], [2356.6, 5086.9], [2356.6, 5084.9], [2358.6, 5084.9], [2358.6, 5082.9], [2362.6, 5082.9], [2362.6, 5084.9], [2366.5, 5084.9], [2366.5, 5086.9], [2368.5, 5086.9], [2368.5, 5088.9], [2372.5, 5088.9], [2372.5, 5090.9], [2376.5, 5090.9], [2376.5, 5092.9], [2378.5, 5092.9], [2378.5, 5094.9], [2376.5, 5094.9], [2376.5, 5096.9], [2374.5, 5096.9], [2374.5, 5098.9], [2368.5, 5098.9], [2368.5, 5100.9], [2366.6, 5100.9], [2366.6, 5102.9], [2364.6, 5102.9], [2364.6, 5104.9], [2356.6, 5104.9]]]}, "properties": {"cell_id": 124}}, {"type": "Feature", "geometry": {"type": "Polygon", "coordinates": [[[2005.7, 5019.2], [2005.7, 5005.2], [2009.6, 5005.2], [2009.6, 5003.3], [2013.6, 5003.3], [2013.6, 5001.3], [2015.6, 5001.3], [2015.6, 4999.3], [2019.6, 4999.3], [2019.6, 5001.3], [2021.6, 5001.3], [2021.6, 5005.2], [2019.6, 5005.2], [2019.6, 5009.2], [2017.6, 5009.2], [2017.6, 5011.2], [2015.6, 5011.2], [2015.6, 5013.2], [2013.6, 5013.2], [2013.6, 5015.2], [2011.6, 5015.2], [2011.6, 5017.2], [2007.7, 5017.2], [2007.7, 5019.2], [2005.7, 5019.2]]]}, "properties": {"cell_id": 125}}, {"type": "Feature", "geometry": {"type": "Polygon", "coordinates": [[[1638.8, 5051.2], [1638.8, 5047.2], [1636.8, 5047.2], [1636.8, 5041.2], [1638.8, 5041.2], [1638.8, 5037.2], [1640.8, 5037.2], [1640.8, 5035.2], [1644.8, 5035.2], [1644.8, 5033.2], [1650.8, 5033.2], [1650.8, 5035.2], [1654.8, 5035.2], [1654.8, 5037.2], [1656.8, 5037.2], [1656.8, 5039.2], [1658.7, 5039.2], [1658.7, 5045.2], [1656.8, 5045.2], [1656.8, 5047.2], [1654.8, 5047.2], [1654.8, 5049.2], [1646.8, 5049.2], [1646.8, 5051.2], [1638.8, 5051.2]]]}, "properties": {"cell_id": 126}}, {"type": "Feature", "geometry": {"type": "Polygon", "coordinates": [[[2466.2, 4965.3], [2466.2, 4963.3], [2468.2, 4963.3], [2468.2, 4959.3], [2470.2, 4959.3], [2470.2, 4957.3], [2472.2, 4957.3], [2472.2, 4955.3], [2482.2, 4955.3], [2482.2, 4957.3], [2484.2, 4957.3], [2484.2, 4963.3], [2474.2, 4963.3], [2474.2, 4965.3], [2466.2, 4965.3]]]}, "properties": {"cell_id": 127}}, {"type": "Feature", "geometry": {"type": "Polygon", "coordinates": [[[1898.0, 4975.4], [1898.0, 4973.4], [1896.0, 4973.4], [1896.0, 4971.4], [1894.0, 4971.4], [1894.0, 4967.4], [1892.0, 4967.4], [1892.0, 4961.4], [1894.0, 4961.4], [1894.0, 4959.4], [1896.0, 4959.4], [1896.0, 4957.4], [1900.0, 4957.4], [1900.0, 4955.4], [1906.0, 4955.4], [1906.0, 4957.4], [1908.0, 4957.4], [1908.0, 4959.4], [1909.9, 4959.4], [1909.9, 4961.4], [1911.9, 4961.4], [1911.9, 4969.4], [1910.0, 4969.4], [1910.0, 4971.4], [1908.0, 4971.4], [1908.0, 4973.4], [1906.0, 4973.4], [1906.0, 4975.4], [1898.0, 4975.4]]]}, "properties": {"cell_id": 128}}, {"type": "Feature", "geometry": {"type": "Polygon", "coordinates": [[[181.3, 4630.7], [181.3, 4628.7], [177.3, 4628.7], [177.3, 4626.7], [175.3, 4626.7], [175.3, 4624.8], [173.3, 4624.8], [173.3, 4620.8], [171.3, 4620.8], [171.3, 4614.8], [175.3, 4614.8], [175.3, 4612.8], [185.3, 4612.8], [185.3, 4610.8], [195.2, 4610.8], [195.2, 4612.8], [197.2, 4612.8], [197.2, 4616.8], [195.2, 4616.8], [195.2, 4628.7], [191.2, 4628.7], [191.2, 4630.7], [181.3, 4630.7]]]}, "properties": {"cell_id": 129}}, {"type": "Feature", "geometry": {"type": "Polygon", "coordinates": [[[2256.9, 5043.1], [2256.9, 5029.1], [2254.9, 5029.1], [2254.9, 5023.2], [2256.9, 5023.2], [2256.9, 5021.2], [2266.8, 5021.2], [2266.8, 5025.1], [2268.8, 5025.1], [2268.8, 5033.1], [2270.8, 5033.1], [2270.8, 5037.1], [2268.8, 5037.1], [2268.8, 5039.1], [2266.9, 5039.1], [2266.9, 5041.1], [2262.9, 5041.1], [2262.9, 5043.1], [2256.9, 5043.1]]]}, "properties": {"cell_id": 130}}, {"type": "Feature", "geometry": {"type": "Polygon", "coordinates": [[[2185.1, 5033.1], [2185.1, 5027.1], [2187.1, 5027.1], [2187.1, 5021.2], [2189.1, 5021.2], [2189.1, 5019.2], [2193.1, 5019.2], [2193.1, 5017.2], [2195.1, 5017.2], [2195.1, 5015.2], [2197.1, 5015.2], [2197.1, 5013.2], [2199.1, 5013.2], [2199.1, 5009.2], [2201.1, 5009.2], [2201.1, 5011.2], [2205.0, 5011.2], [2205.0, 5015.2], [2203.0, 5015.2], [2203.0, 5021.2], [2201.1, 5021.2], [2201.1, 5029.1], [2203.0, 5029.1], [2203.0, 5031.1], [2201.1, 5031.1], [2201.1, 5033.1], [2185.1, 5033.1]]]}, "properties": {"cell_id": 131}}, {"type": "Feature", "geometry": {"type": "Polygon", "coordinates": [[[434.5, 4642.7], [434.5, 4640.7], [432.5, 4640.7], [432.5, 4638.7], [430.5, 4638.7], [430.5, 4628.7], [432.5, 4628.7], [432.5, 4624.7], [434.5, 4624.7], [434.5, 4622.7], [436.5, 4622.7], [436.5, 4620.7], [438.5, 4620.7], [438.5, 4622.7], [444.5, 4622.7], [444.5, 4624.7], [452.4, 4624.7], [452.4, 4626.7], [454.4, 4626.7], [454.4, 4632.7], [452.4, 4632.7], [452.4, 4636.7], [450.4, 4636.7], [450.4, 4638.7], [448.4, 4638.7], [448.4, 4640.7], [444.5, 4640.7], [444.5, 4642.7], [434.5, 4642.7]]]}, "properties": {"cell_id": 132}}, {"type": "Feature", "geometry": {"type": "Polygon", "coordinates": [[[378.7, 4724.4], [378.7, 4722.4], [376.7, 4722.4], [376.7, 4718.4], [374.7, 4718.4], [374.7, 4712.4], [376.7, 4712.4], [376.7, 4708.5], [378.7, 4708.5], [378.7, 4706.5], [380.7, 4706.5], [380.7, 4704.5], [384.7, 4704.5], [384.7, 4702.5], [388.6, 4702.5], [388.6, 4700.5], [390.6, 4700.5], [390.6, 4702.5], [394.6, 4702.5], [394.6, 4704.5], [396.6, 4704.5], [396.6, 4706.5], [398.6, 4706.5], [398.6, 4710.4], [400.6, 4710.4], [400.6, 4714.4], [398.6, 4714.4], [398.6, 4716.4], [392.6, 4716.4], [392.6, 4718.4], [386.6, 4718.4], [386.7, 4720.4], [382.7, 4720.4], [382.7, 4722.4], [380.7, 4722.4], [380.7, 4724.4], [378.7, 4724.4]]]}, "properties": {"cell_id": 133}}, {"type": "Feature", "geometry": {"type": "Polygon", "coordinates": [[[1483.2, 4614.6], [1483.2, 4610.6], [1481.2, 4610.6], [1481.2, 4602.6], [1479.2, 4602.6], [1479.2, 4598.6], [1481.2, 4598.6], [1481.2, 4594.6], [1487.2, 4594.6], [1487.2, 4592.6], [1493.2, 4592.6], [1493.2, 4594.6], [1495.2, 4594.6], [1495.2, 4596.6], [1497.2, 4596.6], [1497.2, 4600.6], [1499.2, 4600.6], [1499.2, 4604.6], [1497.2, 4604.6], [1497.2, 4610.6], [1493.2, 4610.6], [1493.2, 4612.6], [1487.2, 4612.6], [1487.2, 4614.6], [1483.2, 4614.6]]]}, "properties": {"cell_id": 134}}, {"type": "Feature", "geometry": {"type": "Polygon", "coordinates": [[[1479.2, 4594.6], [1479.2, 4592.6], [1477.2, 4592.6], [1477.2, 4590.6], [1475.2, 4590.6], [1475.2, 4588.6], [1473.2, 4588.6], [1473.2, 4580.7], [1479.2, 4580.7], [1479.2, 4578.7], [1483.2, 4578.7], [1483.2, 4576.7], [1487.2, 4576.7], [1487.2, 4578.7], [1489.2, 4578.7], [1489.2, 4580.7], [1491.2, 4580.7], [1491.2, 4584.7], [1493.2, 4584.7], [1493.2, 4586.7], [1491.2, 4586.7], [1491.2, 4590.6], [1489.2, 4590.6], [1489.2, 4592.6], [1487.2, 4592.6], [1487.2, 4594.6], [1479.2, 4594.6]]]}, "properties": {"cell_id": 135}}, {"type": "Feature", "geometry": {"type": "Polygon", "coordinates": [[[2388.5, 4983.3], [2388.5, 4981.3], [2384.5, 4981.3], [2384.5, 4977.3], [2386.5, 4977.3], [2386.5, 4973.3], [2388.5, 4973.3], [2388.5, 4965.3], [2392.4, 4965.3], [2392.4, 4963.3], [2394.4, 4963.3], [2394.4, 4961.3], [2396.4, 4961.3], [2396.4, 4963.3], [2400.4, 4963.3], [2400.4, 4965.3], [2402.4, 4965.3], [2402.4, 4969.3], [2404.4, 4969.3], [2404.4, 4973.3], [2402.4, 4973.3], [2402.4, 4975.3], [2400.4, 4975.3], [2400.4, 4977.3], [2398.4, 4977.3], [2398.4, 4981.3], [2394.4, 4981.3], [2394.4, 4983.3], [2388.5, 4983.3]]]}, "properties": {"cell_id": 136}}, {"type": "Feature", "geometry": {"type": "Polygon", "coordinates": [[[1676.7, 5071.1], [1676.7, 5069.1], [1674.7, 5069.1], [1674.7, 5067.1], [1672.7, 5067.1], [1672.7, 5061.1], [1670.7, 5061.1], [1670.7, 5059.1], [1668.7, 5059.1], [1668.7, 5055.1], [1670.7, 5055.1], [1670.7, 5051.2], [1674.7, 5051.2], [1674.7, 5049.2], [1684.7, 5049.2], [1684.7, 5051.2], [1688.7, 5051.2], [1688.7, 5069.1], [1686.7, 5069.1], [1686.7, 5071.1], [1676.7, 5071.1]]]}, "properties": {"cell_id": 137}}, {"type": "Feature", "geometry": {"type": "Polygon", "coordinates": [[[2476.2, 5148.7], [2476.2, 5146.7], [2472.2, 5146.7], [2472.2, 5144.7], [2470.2, 5144.7], [2470.2, 5140.7], [2468.2, 5140.7], [2468.2, 5138.8], [2470.2, 5138.8], [2470.2, 5132.8], [2468.2, 5132.8], [2468.2, 5130.8], [2470.2, 5130.8], [2470.2, 5126.8], [2472.2, 5126.8], [2472.2, 5124.8], [2476.2, 5124.8], [2476.2, 5122.8], [2482.2, 5122.8], [2482.2, 5124.8], [2486.2, 5124.8], [2486.2, 5138.7], [2488.2, 5138.7], [2488.2, 5142.7], [2486.2, 5142.7], [2486.2, 5144.7], [2484.2, 5144.7], [2484.2, 5146.7], [2480.2, 5146.7], [2480.2, 5148.7], [2476.2, 5148.7]]]}, "properties": {"cell_id": 138}}, {"type": "Feature", "geometry": {"type": "Polygon", "coordinates": [[[2264.9, 5007.2], [2264.9, 5005.2], [2254.9, 5005.2], [2254.9, 5001.2], [2256.9, 5001.2], [2256.9, 4997.2], [2258.9, 4997.2], [2258.9, 4993.2], [2260.9, 4993.2], [2260.9, 4991.3], [2264.8, 4991.2], [2264.8, 4989.3], [2270.8, 4989.3], [2270.8, 4991.2], [2272.8, 4991.2], [2272.8, 4993.2], [2274.8, 4993.2], [2274.8, 4999.2], [2276.8, 4999.2], [2276.8, 5005.2], [2274.8, 5005.2], [2274.8, 5007.2], [2268.8, 5007.2], [2268.8, 5005.2], [2266.8, 5005.2], [2266.8, 5007.2], [2264.9, 5007.2]]]}, "properties": {"cell_id": 139}}, {"type": "Feature", "geometry": {"type": "Polygon", "coordinates": [[[811.3, 4656.5], [811.3, 4654.6], [807.3, 4654.6], [807.3, 4652.6], [805.3, 4652.6], [805.3, 4648.6], [803.3, 4648.6], [803.3, 4640.6], [805.3, 4640.6], [805.3, 4636.6], [807.3, 4636.6], [807.3, 4634.6], [811.3, 4634.6], [811.3, 4632.6], [819.3, 4632.6], [819.3, 4634.6], [823.3, 4634.6], [823.3, 4640.6], [825.3, 4640.6], [825.3, 4652.6], [823.3, 4652.6], [823.3, 4654.5], [819.3, 4654.6], [819.3, 4656.5], [811.3, 4656.5]]]}, "properties": {"cell_id": 140}}, {"type": "Feature", "geometry": {"type": "Polygon", "coordinates": [[[1331.7, 4604.6], [1331.7, 4602.6], [1327.7, 4602.6], [1327.7, 4600.6], [1325.7, 4600.6], [1325.7, 4598.6], [1323.7, 4598.6], [1323.7, 4594.7], [1321.7, 4594.7], [1321.7, 4590.7], [1319.7, 4590.7], [1319.7, 4582.7], [1321.7, 4582.7], [1321.7, 4578.7], [1323.7, 4578.7], [1323.7, 4576.7], [1327.7, 4576.7], [1327.7, 4574.7], [1333.7, 4574.7], [1333.7, 4576.7], [1337.7, 4576.7], [1337.7, 4578.7], [1339.7, 4578.7], [1339.7, 4580.7], [1341.7, 4580.7], [1341.7, 4582.7], [1343.6, 4582.7], [1343.6, 4586.7], [1345.6, 4586.7], [1345.6, 4594.7], [1343.6, 4594.7], [1343.6, 4598.6], [1341.7, 4598.6], [1341.7, 4600.6], [1339.7, 4600.6], [1339.7, 4602.6], [1335.7, 4602.6], [1335.7, 4604.6], [1331.7, 4604.6]]]}, "properties": {"cell_id": 141}}, {"type": "Feature", "geometry": {"type": "Polygon", "coordinates": [[[677.8, 4873.9], [677.8, 4871.9], [673.8, 4871.9], [673.8, 4867.9], [671.8, 4867.9], [671.8, 4865.9], [673.8, 4865.9], [673.8, 4861.9], [675.8, 4861.9], [675.8, 4857.9], [677.8, 4857.9], [677.8, 4855.9], [679.8, 4855.9], [679.8, 4853.9], [683.7, 4853.9], [683.7, 4852.0], [687.7, 4852.0], [687.7, 4853.9], [691.7, 4853.9], [691.7, 4855.9], [693.7, 4855.9], [693.7, 4857.9], [695.7, 4857.9], [695.7, 4861.9], [697.7, 4861.9], [697.7, 4869.9], [695.7, 4869.9], [695.7, 4871.9], [693.7, 4871.9], [693.7, 4873.9], [687.7, 4873.9], [687.7, 4871.9], [685.7, 4871.9], [685.7, 4873.9], [677.8, 4873.9]]]}, "properties": {"cell_id": 142}}, {"type": "Feature", "geometry": {"type": "Polygon", "coordinates": [[[2300.7, 4993.2], [2300.7, 4991.2], [2298.7, 4991.2], [2298.7, 4989.3], [2296.7, 4989.3], [2296.7, 4987.3], [2292.8, 4987.3], [2292.8, 4985.3], [2294.8, 4985.3], [2294.8, 4973.3], [2308.7, 4973.3], [2308.7, 4987.3], [2310.7, 4987.3], [2310.7, 4991.2], [2306.7, 4991.2], [2306.7, 4993.2], [2300.7, 4993.2]]]}, "properties": {"cell_id": 143}}, {"type": "Feature", "geometry": {"type": "Polygon", "coordinates": [[[2039.6, 5037.1], [2039.6, 5035.1], [2035.6, 5035.1], [2035.6, 5033.2], [2033.6, 5033.2], [2033.6, 5031.2], [2031.6, 5031.2], [2031.6, 5029.2], [2033.6, 5029.2], [2033.6, 5025.2], [2035.6, 5025.2], [2035.6, 5023.2], [2037.6, 5023.2], [2037.6, 5019.2], [2039.6, 5019.2], [2039.6, 5017.2], [2041.5, 5017.2], [2041.5, 5013.2], [2043.5, 5013.2], [2043.5, 5011.2], [2045.5, 5011.2], [2045.5, 5009.2], [2047.5, 5009.2], [2047.5, 5011.2], [2051.5, 5011.2], [2051.5, 5013.2], [2053.5, 5013.2], [2053.5, 5017.2], [2051.5, 5017.2], [2051.5, 5023.2], [2049.5, 5023.2], [2049.5, 5029.2], [2047.5, 5029.2], [2047.5, 5035.1], [2045.5, 5035.1], [2045.5, 5037.1], [2039.6, 5037.1]]]}, "properties": {"cell_id": 144}}, {"type": "Feature", "geometry": {"type": "Polygon", "coordinates": [[[2075.4, 5031.2], [2075.4, 5029.2], [2073.5, 5029.2], [2073.5, 5023.2], [2071.5, 5023.2], [2071.5, 5013.2], [2075.4, 5013.2], [2075.4, 5011.2], [2077.4, 5011.2], [2077.4, 5009.2], [2083.4, 5009.2], [2083.4, 5011.2], [2085.4, 5011.2], [2085.4, 5015.2], [2087.4, 5015.2], [2087.4, 5017.2], [2085.4, 5017.2], [2085.4, 5021.2], [2083.4, 5021.2], [2083.4, 5023.2], [2081.4, 5023.2], [2081.4, 5027.2], [2079.4, 5027.2], [2079.4, 5029.2], [2077.4, 5029.2], [2077.4, 5031.2], [2075.4, 5031.2]]]}, "properties": {"cell_id": 145}}, {"type": "Feature", "geometry": {"type": "Polygon", "coordinates": [[[1987.7, 5011.2], [1987.7, 5009.2], [1985.7, 5009.2], [1985.7, 5007.2], [1983.7, 5007.2], [1983.7, 5003.3], [1981.7, 5003.3], [1981.7, 5001.3], [1979.7, 5001.3], [1979.7, 4997.3], [1977.7, 4997.3], [1977.7, 4995.3], [1975.8, 4995.3], [1975.7, 4993.3], [1979.7, 4993.3], [1979.7, 4991.3], [1987.7, 4991.3], [1987.7, 4989.3], [1995.7, 4989.3], [1995.7, 4991.3], [1997.7, 4991.3], [1997.7, 4995.3], [1995.7, 4995.3], [1995.7, 4999.3], [1993.7, 4999.3], [1993.7, 5005.3], [1991.7, 5005.3], [1991.7, 5009.2], [1989.7, 5009.2], [1989.7, 5011.2], [1987.7, 5011.2]]]}, "properties": {"cell_id": 146}}, {"type": "Feature", "geometry": {"type": "Polygon", "coordinates": [[[1921.9, 4943.5], [1921.9, 4941.5], [1919.9, 4941.5], [1919.9, 4937.5], [1917.9, 4937.5], [1917.9, 4935.5], [1919.9, 4935.5], [1919.9, 4933.5], [1921.9, 4933.5], [1921.9, 4931.5], [1923.9, 4931.5], [1923.9, 4929.5], [1925.9, 4929.5], [1925.9, 4927.5], [1927.9, 4927.5], [1927.9, 4923.5], [1929.9, 4923.5], [1929.9, 4921.5], [1931.9, 4921.5], [1931.9, 4919.5], [1935.9, 4919.5], [1935.9, 4921.5], [1941.8, 4921.5], [1941.8, 4925.5], [1943.8, 4925.5], [1943.8, 4929.5], [1941.8, 4929.5], [1941.8, 4933.5], [1939.9, 4933.5], [1939.9, 4937.5], [1937.9, 4937.5], [1937.9, 4939.5], [1935.9, 4939.5], [1935.9, 4941.5], [1933.9, 4941.5], [1933.9, 4943.5], [1921.9, 4943.5]]]}, "properties": {"cell_id": 147}}, {"type": "Feature", "geometry": {"type": "Polygon", "coordinates": [[[741.5, 4682.5], [741.5, 4680.5], [737.6, 4680.5], [737.5, 4676.5], [735.6, 4676.5], [735.6, 4672.5], [733.6, 4672.5], [733.6, 4670.5], [731.6, 4670.5], [731.6, 4664.5], [733.6, 4664.5], [733.6, 4660.5], [735.6, 4660.5], [735.6, 4658.6], [739.5, 4658.6], [739.5, 4656.6], [745.5, 4656.6], [745.5, 4658.6], [749.5, 4658.5], [749.5, 4660.5], [751.5, 4660.5], [751.5, 4662.5], [753.5, 4662.5], [753.5, 4666.5], [755.5, 4666.5], [755.5, 4674.5], [753.5, 4674.5], [753.5, 4678.5], [751.5, 4678.5], [751.5, 4680.5], [747.5, 4680.5], [747.5, 4682.5], [741.5, 4682.5]]]}, "properties": {"cell_id": 148}}, {"type": "Feature", "geometry": {"type": "Polygon", "coordinates": [[[1870.1, 4891.6], [1870.1, 4889.6], [1866.1, 4889.6], [1866.1, 4887.6], [1864.1, 4887.6], [1864.1, 4885.6], [1862.1, 4885.6], [1862.1, 4883.7], [1864.1, 4883.7], [1864.1, 4879.7], [1866.1, 4879.7], [1866.1, 4875.7], [1868.1, 4875.7], [1868.1, 4873.7], [1870.1, 4873.7], [1870.1, 4871.7], [1872.1, 4871.7], [1872.1, 4869.7], [1876.0, 4869.7], [1876.0, 4871.7], [1880.0, 4871.7], [1880.0, 4873.7], [1882.0, 4873.7], [1882.0, 4877.7], [1884.0, 4877.7], [1884.0, 4883.7], [1882.0, 4883.7], [1882.0, 4887.6], [1880.0, 4887.6], [1880.0, 4889.6], [1876.0, 4889.6], [1876.0, 4891.6], [1870.1, 4891.6]]]}, "properties": {"cell_id": 149}}, {"type": "Feature", "geometry": {"type": "Polygon", "coordinates": [[[2498.0, 4502.7], [2498.0, 4500.8], [2494.1, 4500.8], [2494.1, 4498.8], [2490.1, 4498.8], [2490.1, 4496.8], [2488.1, 4496.8], [2488.1, 4492.8], [2486.1, 4492.8], [2486.1, 4484.8], [2488.1, 4484.8], [2488.1, 4480.8], [2490.1, 4480.8], [2490.1, 4478.8], [2494.0, 4478.8], [2494.0, 4476.8], [2500.0, 4476.8], [2500.0, 4478.8], [2504.0, 4478.8], [2504.0, 4480.8], [2506.0, 4480.8], [2506.0, 4482.8], [2508.0, 4482.8], [2508.0, 4484.8], [2510.0, 4484.8], [2510.0, 4488.8], [2512.0, 4488.8], [2512.0, 4492.8], [2510.0, 4492.8], [2510.0, 4496.8], [2508.0, 4496.8], [2508.0, 4498.8], [2506.0, 4498.8], [2506.0, 4500.8], [2502.0, 4500.8], [2502.0, 4502.7], [2498.0, 4502.7]]]}, "properties": {"cell_id": 150}}, {"type": "Feature", "geometry": {"type": "Polygon", "coordinates": [[[582.1, 4848.0], [582.1, 4846.0], [578.1, 4846.0], [578.1, 4844.0], [576.1, 4844.0], [576.1, 4842.0], [574.1, 4842.0], [574.1, 4838.0], [572.1, 4838.0], [572.1, 4836.0], [574.1, 4836.0], [574.1, 4834.0], [578.1, 4834.0], [578.1, 4832.0], [582.1, 4832.0], [582.1, 4830.0], [586.0, 4830.0], [586.0, 4828.0], [592.0, 4828.0], [592.0, 4836.0], [590.0, 4836.0], [590.0, 4844.0], [588.0, 4844.0], [588.0, 4846.0], [584.1, 4846.0], [584.1, 4848.0], [582.1, 4848.0]]]}, "properties": {"cell_id": 151}}, {"type": "Feature", "geometry": {"type": "Polygon", "coordinates": [[[763.5, 5051.3], [763.5, 5049.3], [759.5, 5049.3], [759.5, 5047.3], [757.6, 5047.3], [757.6, 5045.3], [755.6, 5045.3], [755.6, 5039.3], [757.6, 5039.3], [757.6, 5031.4], [759.5, 5031.4], [759.5, 5029.4], [761.5, 5029.4], [761.5, 5027.4], [769.5, 5027.4], [769.5, 5029.4], [773.5, 5029.4], [773.5, 5031.4], [775.5, 5031.4], [775.5, 5035.4], [777.5, 5035.4], [777.5, 5039.3], [775.5, 5039.3], [775.5, 5043.3], [773.5, 5043.3], [773.5, 5045.3], [771.5, 5045.3], [771.5, 5047.3], [769.5, 5047.3], [769.5, 5049.3], [765.5, 5049.3], [765.5, 5051.3], [763.5, 5051.3]]]}, "properties": {"cell_id": 152}}, {"type": "Feature", "geometry": {"type": "Polygon", "coordinates": [[[2444.3, 4977.3], [2444.3, 4975.3], [2442.3, 4975.3], [2442.3, 4973.3], [2444.3, 4973.3], [2444.3, 4967.3], [2446.3, 4967.3], [2446.3, 4963.3], [2452.3, 4963.3], [2452.3, 4959.3], [2456.2, 4959.3], [2456.2, 4961.3], [2458.2, 4961.3], [2458.2, 4963.3], [2460.2, 4963.3], [2460.2, 4965.3], [2462.2, 4965.3], [2462.2, 4967.3], [2464.2, 4967.3], [2464.2, 4969.3], [2462.2, 4969.3], [2462.2, 4973.3], [2460.2, 4973.3], [2460.2, 4975.3], [2458.2, 4975.3], [2458.2, 4977.3], [2444.3, 4977.3]]]}, "properties": {"cell_id": 153}}, {"type": "Feature", "geometry": {"type": "Polygon", "coordinates": [[[1722.5, 4754.1], [1722.5, 4752.1], [1718.5, 4752.1], [1718.5, 4750.1], [1716.5, 4750.1], [1716.5, 4746.1], [1714.5, 4746.1], [1714.5, 4742.1], [1712.5, 4742.1], [1712.5, 4738.1], [1714.5, 4738.1], [1714.5, 4734.2], [1716.5, 4734.2], [1716.5, 4732.2], [1718.5, 4732.2], [1718.5, 4730.2], [1722.5, 4730.2], [1722.5, 4728.2], [1726.5, 4728.2], [1726.5, 4730.2], [1730.5, 4730.2], [1730.5, 4732.2], [1732.5, 4732.2], [1732.5, 4734.1], [1734.5, 4734.1], [1734.5, 4736.1], [1736.5, 4736.1], [1736.5, 4740.1], [1738.4, 4740.1], [1738.4, 4744.1], [1736.5, 4744.1], [1736.5, 4748.1], [1732.5, 4748.1], [1732.5, 4750.1], [1730.5, 4750.1], [1730.5, 4752.1], [1728.5, 4752.1], [1728.5, 4754.1], [1722.5, 4754.1]]]}, "properties": {"cell_id": 154}}, {"type": "Feature", "geometry": {"type": "Polygon", "coordinates": [[[239.1, 4712.5], [239.1, 4710.5], [235.1, 4710.5], [235.1, 4708.5], [233.1, 4708.5], [233.1, 4704.5], [231.1, 4704.5], [231.1, 4700.5], [229.1, 4700.5], [229.1, 4690.5], [231.1, 4690.5], [231.1, 4686.5], [233.1, 4686.5], [233.1, 4684.6], [235.1, 4684.6], [235.1, 4682.6], [239.1, 4682.6], [239.1, 4680.6], [241.1, 4680.6], [241.1, 4682.6], [245.1, 4682.6], [245.1, 4684.6], [249.1, 4684.6], [249.1, 4686.5], [251.1, 4686.5], [251.1, 4690.5], [253.1, 4690.5], [253.1, 4702.5], [251.1, 4702.5], [251.1, 4706.5], [249.1, 4706.5], [249.1, 4708.5], [247.1, 4708.5], [247.1, 4710.5], [243.1, 4710.5], [243.1, 4712.5], [239.1, 4712.5]]]}, "properties": {"cell_id": 155}}, {"type": "Feature", "geometry": {"type": "Polygon", "coordinates": [[[2320.7, 4997.2], [2320.7, 4995.2], [2316.7, 4995.2], [2316.7, 4993.2], [2312.7, 4993.2], [2312.7, 4991.2], [2310.7, 4991.2], [2310.7, 4989.2], [2312.7, 4989.2], [2312.7, 4987.3], [2314.7, 4987.3], [2314.7, 4983.3], [2316.7, 4983.3], [2316.7, 4979.3], [2318.7, 4979.3], [2318.7, 4977.3], [2320.7, 4977.3], [2320.7, 4975.3], [2322.7, 4975.3], [2322.7, 4979.3], [2324.7, 4979.3], [2324.7, 4983.3], [2326.7, 4983.3], [2326.7, 4985.3], [2328.6, 4985.3], [2328.7, 4987.3], [2330.6, 4987.3], [2330.6, 4991.2], [2328.7, 4991.2], [2328.7, 4993.2], [2326.7, 4993.2], [2326.7, 4997.2], [2320.7, 4997.2]]]}, "properties": {"cell_id": 156}}, {"type": "Feature", "geometry": {"type": "Polygon", "coordinates": [[[1862.1, 4975.4], [1862.1, 4973.4], [1860.1, 4973.4], [1860.1, 4971.4], [1856.1, 4971.4], [1856.1, 4969.4], [1854.1, 4969.4], [1854.1, 4967.4], [1852.1, 4967.4], [1852.1, 4965.4], [1848.1, 4965.4], [1848.1, 4963.4], [1850.1, 4963.4], [1850.1, 4959.4], [1852.1, 4959.4], [1852.1, 4957.4], [1856.1, 4957.4], [1856.1, 4955.4], [1862.1, 4955.4], [1862.1, 4957.4], [1866.1, 4957.4], [1866.1, 4959.4], [1868.1, 4959.4], [1868.1, 4963.4], [1870.1, 4963.4], [1870.1, 4969.4], [1868.1, 4969.4], [1868.1, 4973.4], [1866.1, 4973.4], [1866.1, 4975.4], [1862.1, 4975.4]]]}, "properties": {"cell_id": 157}}, {"type": "Feature", "geometry": {"type": "Polygon", "coordinates": [[[715.6, 4626.7], [715.6, 4624.7], [713.6, 4624.7], [713.6, 4620.7], [711.6, 4620.7], [711.6, 4618.7], [713.6, 4618.7], [713.6, 4614.7], [715.6, 4614.7], [715.6, 4610.7], [717.6, 4610.7], [717.6, 4608.7], [721.6, 4608.7], [721.6, 4606.7], [725.6, 4606.7], [725.6, 4604.7], [727.6, 4604.7], [727.6, 4606.7], [731.6, 4606.7], [731.6, 4608.7], [733.6, 4608.7], [733.6, 4610.7], [735.5, 4610.7], [735.5, 4612.7], [737.5, 4612.7], [737.5, 4616.7], [739.5, 4616.7], [739.5, 4620.7], [737.5, 4620.7], [737.5, 4624.7], [719.6, 4624.7], [719.6, 4626.7], [715.6, 4626.7]]]}, "properties": {"cell_id": 158}}, {"type": "Feature", "geometry": {"type": "Polygon", "coordinates": [[[2460.2, 5009.2], [2460.2, 5005.2], [2458.2, 5005.2], [2458.2, 5003.2], [2456.3, 5003.2], [2456.3, 4995.2], [2458.2, 4995.2], [2458.2, 4993.2], [2476.2, 4993.2], [2476.2, 4999.2], [2474.2, 4999.2], [2474.2, 5001.2], [2472.2, 5001.2], [2472.2, 5003.2], [2470.2, 5003.2], [2470.2, 5005.2], [2466.2, 5005.2], [2466.2, 5007.2], [2464.2, 5007.2], [2464.2, 5009.2], [2460.2, 5009.2]]]}, "properties": {"cell_id": 159}}, {"type": "Feature", "geometry": {"type": "Polygon", "coordinates": [[[2053.5, 5041.1], [2053.5, 5039.1], [2049.5, 5039.1], [2049.5, 5037.1], [2047.5, 5037.1], [2047.5, 5029.2], [2049.5, 5029.2], [2049.5, 5023.2], [2051.5, 5023.2], [2051.5, 5017.2], [2055.5, 5017.2], [2055.5, 5019.2], [2057.5, 5019.2], [2057.5, 5021.2], [2059.5, 5021.2], [2059.5, 5025.2], [2061.5, 5025.2], [2061.5, 5027.2], [2063.5, 5027.2], [2063.5, 5031.2], [2065.5, 5031.2], [2065.5, 5035.1], [2063.5, 5035.1], [2063.5, 5037.1], [2061.5, 5037.1], [2061.5, 5039.1], [2057.5, 5039.1], [2057.5, 5041.1], [2053.5, 5041.1]]]}, "properties": {"cell_id": 160}}, {"type": "Feature", "geometry": {"type": "Polygon", "coordinates": [[[440.5, 4594.8], [440.5, 4592.8], [438.5, 4592.8], [438.5, 4588.8], [436.5, 4588.8], [436.5, 4586.8], [434.5, 4586.8], [434.5, 4584.8], [432.5, 4584.8], [432.5, 4578.9], [434.5, 4578.9], [434.5, 4576.9], [438.5, 4576.9], [438.5, 4574.9], [444.4, 4574.9], [444.4, 4576.9], [446.4, 4576.9], [446.4, 4578.9], [450.4, 4578.9], [450.4, 4580.8], [452.4, 4580.8], [452.4, 4582.8], [454.4, 4582.8], [454.4, 4584.8], [452.4, 4584.8], [452.4, 4586.8], [448.4, 4586.8], [448.4, 4588.8], [446.4, 4588.8], [446.4, 4590.8], [444.4, 4590.8], [444.4, 4592.8], [442.5, 4592.8], [442.5, 4594.8], [440.5, 4594.8]]]}, "properties": {"cell_id": 161}}, {"type": "Feature", "geometry": {"type": "Polygon", "coordinates": [[[1515.1, 4740.2], [1515.1, 4738.2], [1507.2, 4738.2], [1507.2, 4736.2], [1505.2, 4736.2], [1505.2, 4730.2], [1507.2, 4730.2], [1507.2, 4726.2], [1511.1, 4726.2], [1511.1, 4724.2], [1517.1, 4724.2], [1517.1, 4726.2], [1521.1, 4726.2], [1521.1, 4728.2], [1525.1, 4728.2], [1525.1, 4730.2], [1527.1, 4730.2], [1527.1, 4732.2], [1525.1, 4732.2], [1525.1, 4734.2], [1523.1, 4734.2], [1523.1, 4736.2], [1521.1, 4736.2], [1521.1, 4740.2], [1515.1, 4740.2]]]}, "properties": {"cell_id": 162}}, {"type": "Feature", "geometry": {"type": "Polygon", "coordinates": [[[717.6, 4714.4], [717.6, 4712.4], [713.6, 4712.4], [713.6, 4710.4], [711.6, 4710.4], [711.6, 4700.4], [709.6, 4700.4], [709.6, 4698.4], [711.6, 4698.4], [711.6, 4694.4], [713.6, 4694.4], [713.6, 4692.4], [717.6, 4692.4], [717.6, 4690.5], [721.6, 4690.5], [721.6, 4692.4], [731.6, 4692.4], [731.6, 4694.4], [733.6, 4694.4], [733.6, 4696.4], [735.6, 4696.4], [735.6, 4700.4], [737.6, 4700.4], [737.6, 4704.4], [735.6, 4704.4], [735.6, 4708.4], [733.6, 4708.4], [733.6, 4710.4], [731.6, 4710.4], [731.6, 4712.4], [727.6, 4712.4], [727.6, 4714.4], [717.6, 4714.4]]]}, "properties": {"cell_id": 163}}, {"type": "Feature", "geometry": {"type": "Polygon", "coordinates": [[[1752.5, 5085.0], [1752.5, 5081.1], [1750.5, 5081.1], [1750.5, 5073.1], [1752.5, 5073.1], [1752.5, 5071.1], [1754.5, 5071.1], [1754.5, 5069.1], [1766.4, 5069.1], [1766.4, 5077.1], [1764.4, 5077.1], [1764.4, 5079.1], [1760.4, 5079.1], [1760.4, 5081.1], [1758.4, 5081.1], [1758.4, 5083.0], [1756.4, 5083.0], [1756.4, 5085.0], [1752.5, 5085.0]]]}, "properties": {"cell_id": 164}}, {"type": "Feature", "geometry": {"type": "Polygon", "coordinates": [[[1754.5, 5057.1], [1754.4, 5053.1], [1752.5, 5053.1], [1752.5, 5049.2], [1750.5, 5049.2], [1750.5, 5045.2], [1748.5, 5045.2], [1748.5, 5041.2], [1746.5, 5041.2], [1746.5, 5039.2], [1744.5, 5039.2], [1744.5, 5035.2], [1746.5, 5035.2], [1746.5, 5033.2], [1748.5, 5033.2], [1748.5, 5031.2], [1750.5, 5031.2], [1750.5, 5029.2], [1754.4, 5029.2], [1754.4, 5027.2], [1756.4, 5027.2], [1756.4, 5029.2], [1758.4, 5029.2], [1758.4, 5031.2], [1760.4, 5031.2], [1760.4, 5033.2], [1764.4, 5033.2], [1764.4, 5037.2], [1762.4, 5037.2], [1762.4, 5039.2], [1760.4, 5039.2], [1760.4, 5043.2], [1758.4, 5043.2], [1758.4, 5055.1], [1756.4, 5055.1], [1756.4, 5057.1], [1754.5, 5057.1]]]}, "properties": {"cell_id": 165}}, {"type": "Feature", "geometry": {"type": "Polygon", "coordinates": [[[2480.1, 4582.5], [2480.1, 4580.5], [2476.1, 4580.5], [2476.1, 4578.5], [2474.1, 4578.5], [2474.1, 4574.5], [2472.1, 4574.5], [2472.1, 4566.6], [2474.1, 4566.6], [2474.1, 4562.6], [2476.1, 4562.6], [2476.1, 4560.6], [2482.1, 4560.6], [2482.1, 4562.6], [2492.1, 4562.6], [2492.1, 4564.6], [2494.1, 4564.6], [2494.1, 4568.5], [2492.1, 4568.5], [2492.1, 4578.5], [2490.1, 4578.5], [2490.1, 4580.5], [2486.1, 4580.5], [2486.1, 4582.5], [2480.1, 4582.5]]]}, "properties": {"cell_id": 166}}, {"type": "Feature", "geometry": {"type": "Polygon", "coordinates": [[[1587.0, 4935.5], [1586.9, 4921.6], [1588.9, 4921.6], [1588.9, 4919.6], [1590.9, 4919.6], [1590.9, 4917.6], [1596.9, 4917.6], [1596.9, 4915.6], [1600.9, 4915.6], [1600.9, 4917.6], [1604.9, 4917.6], [1604.9, 4919.6], [1606.9, 4919.6], [1606.9, 4923.6], [1608.9, 4923.6], [1608.9, 4927.6], [1606.9, 4927.6], [1606.9, 4931.5], [1604.9, 4931.5], [1604.9, 4933.5], [1592.9, 4933.5], [1592.9, 4935.5], [1587.0, 4935.5]]]}, "properties": {"cell_id": 167}}, {"type": "Feature", "geometry": {"type": "Polygon", "coordinates": [[[2065.5, 5035.1], [2065.5, 5031.2], [2063.5, 5031.2], [2063.5, 5027.2], [2061.5, 5027.2], [2061.5, 5025.2], [2059.5, 5025.2], [2059.5, 5021.2], [2057.5, 5021.2], [2057.5, 5019.2], [2055.5, 5019.2], [2055.5, 5017.2], [2053.5, 5017.2], [2053.5, 5011.2], [2057.5, 5011.2], [2057.5, 5009.2], [2059.5, 5009.2], [2059.5, 5007.2], [2065.5, 5007.2], [2065.5, 5009.2], [2067.5, 5009.2], [2067.5, 5013.2], [2069.5, 5013.2], [2069.5, 5015.2], [2071.5, 5015.2], [2071.5, 5023.2], [2073.5, 5023.2], [2073.5, 5031.2], [2071.5, 5031.2], [2071.5, 5033.1], [2067.5, 5033.2], [2067.5, 5035.1], [2065.5, 5035.1]]]}, "properties": {"cell_id": 168}}, {"type": "Feature", "geometry": {"type": "Polygon", "coordinates": [[[677.8, 4796.1], [677.8, 4794.1], [669.8, 4794.1], [669.8, 4792.1], [667.8, 4792.1], [667.8, 4790.1], [665.8, 4790.1], [665.8, 4786.2], [667.8, 4786.2], [667.8, 4782.2], [669.8, 4782.2], [669.8, 4780.2], [671.8, 4780.2], [671.8, 4778.2], [675.8, 4778.2], [675.8, 4776.2], [681.7, 4776.2], [681.7, 4778.2], [685.7, 4778.2], [685.7, 4780.2], [687.7, 4780.2], [687.7, 4784.2], [689.7, 4784.2], [689.7, 4788.2], [687.7, 4788.2], [687.7, 4790.1], [685.7, 4790.1], [685.7, 4792.1], [681.7, 4792.1], [681.7, 4794.1], [679.8, 4794.1], [679.8, 4796.1], [677.8, 4796.1]]]}, "properties": {"cell_id": 169}}, {"type": "Feature", "geometry": {"type": "Polygon", "coordinates": [[[2223.0, 5045.1], [2223.0, 5043.1], [2221.0, 5043.1], [2221.0, 5035.1], [2219.0, 5035.1], [2219.0, 5027.1], [2221.0, 5027.1], [2221.0, 5025.1], [2225.0, 5025.1], [2225.0, 5027.1], [2229.0, 5027.1], [2229.0, 5029.1], [2231.0, 5029.1], [2231.0, 5031.1], [2233.0, 5031.1], [2233.0, 5035.1], [2231.0, 5035.1], [2231.0, 5037.1], [2229.0, 5037.1], [2229.0, 5041.1], [2227.0, 5041.1], [2227.0, 5043.1], [2225.0, 5043.1], [2225.0, 5045.1], [2223.0, 5045.1]]]}, "properties": {"cell_id": 170}}, {"type": "Feature", "geometry": {"type": "Polygon", "coordinates": [[[1987.7, 5025.2], [1987.7, 5023.2], [1983.7, 5023.2], [1983.7, 5021.2], [1981.7, 5021.2], [1981.7, 5019.2], [1983.7, 5019.2], [1983.7, 5015.2], [1985.7, 5015.2], [1985.7, 5013.2], [1987.7, 5013.2], [1987.7, 5011.2], [1989.7, 5011.2], [1989.7, 5009.2], [1993.7, 5009.2], [1993.7, 5011.2], [1999.7, 5011.2], [1999.7, 5009.2], [2005.7, 5009.2], [2005.7, 5019.2], [2003.7, 5019.2], [2003.7, 5021.2], [2001.7, 5021.2], [2001.7, 5023.2], [1997.7, 5023.2], [1997.7, 5025.2], [1987.7, 5025.2]]]}, "properties": {"cell_id": 171}}, {"type": "Feature", "geometry": {"type": "Polygon", "coordinates": [[[2183.1, 4829.8], [2183.1, 4825.8], [2181.1, 4825.8], [2181.1, 4821.8], [2183.1, 4821.8], [2183.1, 4819.8], [2187.1, 4819.8], [2187.1, 4817.8], [2189.1, 4817.8], [2189.1, 4815.8], [2193.0, 4815.8], [2193.0, 4813.8], [2195.0, 4813.8], [2195.0, 4811.8], [2197.0, 4811.8], [2197.0, 4809.8], [2201.0, 4809.8], [2201.0, 4815.8], [2203.0, 4815.8], [2203.0, 4823.8], [2201.0, 4823.8], [2201.0, 4825.8], [2199.0, 4825.8], [2199.0, 4827.8], [2197.0, 4827.8], [2197.0, 4829.8], [2183.1, 4829.8]]]}, "properties": {"cell_id": 172}}, {"type": "Feature", "geometry": {"type": "Polygon", "coordinates": [[[948.9, 4682.4], [948.9, 4680.4], [944.9, 4680.4], [944.9, 4678.5], [942.9, 4678.5], [942.9, 4674.5], [940.9, 4674.5], [940.9, 4670.5], [938.9, 4670.5], [938.9, 4666.5], [940.9, 4666.5], [940.9, 4662.5], [942.9, 4662.5], [942.9, 4660.5], [944.9, 4660.5], [944.9, 4658.5], [948.9, 4658.5], [948.9, 4656.5], [954.9, 4656.5], [954.9, 4658.5], [958.9, 4658.5], [958.9, 4660.5], [960.9, 4660.5], [960.9, 4662.5], [962.8, 4662.5], [962.8, 4666.5], [964.8, 4666.5], [964.8, 4672.5], [962.8, 4672.5], [962.8, 4676.5], [960.9, 4676.5], [960.9, 4678.5], [956.9, 4678.5], [956.9, 4680.4], [952.9, 4680.4], [952.9, 4682.4], [948.9, 4682.4]]]}, "properties": {"cell_id": 173}}, {"type": "Feature", "geometry": {"type": "Polygon", "coordinates": [[[875.1, 4802.1], [875.1, 4800.1], [871.2, 4800.1], [871.2, 4798.1], [869.2, 4798.1], [869.2, 4792.1], [871.2, 4792.1], [871.2, 4782.1], [873.1, 4782.1], [873.1, 4778.2], [875.1, 4778.2], [875.1, 4776.2], [879.1, 4776.2], [879.1, 4778.2], [883.1, 4778.2], [883.1, 4780.1], [885.1, 4780.1], [885.1, 4782.1], [887.1, 4782.1], [887.1, 4786.1], [889.1, 4786.1], [889.1, 4792.1], [887.1, 4792.1], [887.1, 4796.1], [885.1, 4796.1], [885.1, 4798.1], [883.1, 4798.1], [883.1, 4800.1], [879.1, 4800.1], [879.1, 4802.1], [875.1, 4802.1]]]}, "properties": {"cell_id": 174}}, {"type": "Feature", "geometry": {"type": "Polygon", "coordinates": [[[1830.2, 4999.3], [1830.2, 4991.3], [1832.2, 4991.3], [1832.2, 4989.3], [1834.2, 4989.3], [1834.2, 4985.3], [1836.2, 4985.3], [1836.2, 4983.3], [1840.2, 4983.3], [1840.2, 4981.4], [1844.2, 4981.4], [1844.2, 4983.3], [1848.1, 4983.3], [1848.1, 4985.3], [1850.1, 4985.3], [1850.1, 4989.3], [1848.1, 4989.3], [1848.1, 4991.3], [1846.2, 4991.3], [1846.2, 4995.3], [1844.2, 4995.3], [1844.2, 4997.3], [1840.2, 4997.3], [1840.2, 4999.3], [1830.2, 4999.3]]]}, "properties": {"cell_id": 175}}, {"type": "Feature", "geometry": {"type": "Polygon", "coordinates": [[[1581.0, 5031.2], [1581.0, 5029.2], [1579.0, 5029.2], [1579.0, 5027.3], [1577.0, 5027.3], [1577.0, 5025.3], [1573.0, 5025.3], [1573.0, 5019.3], [1577.0, 5019.3], [1577.0, 5017.3], [1583.0, 5017.3], [1583.0, 5015.3], [1587.0, 5015.3], [1587.0, 5017.3], [1589.0, 5017.3], [1589.0, 5019.3], [1592.9, 5019.3], [1592.9, 5025.3], [1591.0, 5025.3], [1591.0, 5029.2], [1589.0, 5029.2], [1589.0, 5031.2], [1581.0, 5031.2]]]}, "properties": {"cell_id": 176}}, {"type": "Feature", "geometry": {"type": "Polygon", "coordinates": [[[1583.0, 4993.4], [1583.0, 4991.4], [1581.0, 4991.4], [1581.0, 4987.4], [1579.0, 4987.4], [1579.0, 4983.4], [1581.0, 4983.4], [1581.0, 4981.4], [1583.0, 4981.4], [1583.0, 4979.4], [1585.0, 4979.4], [1585.0, 4977.4], [1587.0, 4977.4], [1587.0, 4975.4], [1592.9, 4975.4], [1592.9, 4973.4], [1602.9, 4973.4], [1602.9, 4975.4], [1604.9, 4975.4], [1604.9, 4979.4], [1606.9, 4979.4], [1606.9, 4981.4], [1604.9, 4981.4], [1604.9, 4983.4], [1600.9, 4983.4], [1600.9, 4985.4], [1594.9, 4985.4], [1594.9, 4987.4], [1592.9, 4987.4], [1592.9, 4989.4], [1589.0, 4989.4], [1589.0, 4991.4], [1587.0, 4991.4], [1587.0, 4993.4], [1583.0, 4993.4]]]}, "properties": {"cell_id": 177}}, {"type": "Feature", "geometry": {"type": "Polygon", "coordinates": [[[1507.2, 4690.3], [1507.2, 4688.3], [1505.2, 4688.3], [1505.2, 4684.3], [1507.2, 4684.3], [1507.2, 4680.4], [1509.1, 4680.4], [1509.1, 4676.4], [1507.2, 4676.4], [1507.2, 4670.4], [1515.1, 4670.4], [1515.1, 4668.4], [1517.1, 4668.4], [1517.1, 4670.4], [1519.1, 4670.4], [1519.1, 4674.4], [1521.1, 4674.4], [1521.1, 4678.4], [1523.1, 4678.4], [1523.1, 4684.3], [1517.1, 4684.3], [1517.1, 4686.3], [1513.1, 4686.3], [1513.1, 4688.3], [1511.1, 4688.3], [1511.1, 4690.3], [1507.2, 4690.3]]]}, "properties": {"cell_id": 178}}, {"type": "Feature", "geometry": {"type": "Polygon", "coordinates": [[[2466.2, 4961.3], [2466.2, 4957.3], [2464.2, 4957.3], [2464.2, 4953.3], [2462.2, 4953.3], [2462.2, 4949.3], [2464.2, 4949.3], [2464.2, 4947.4], [2466.2, 4947.4], [2466.2, 4945.4], [2468.2, 4945.4], [2468.2, 4947.4], [2470.2, 4947.4], [2470.2, 4951.3], [2472.2, 4951.3], [2472.2, 4957.3], [2470.2, 4957.3], [2470.2, 4959.3], [2468.2, 4959.3], [2468.2, 4961.3], [2466.2, 4961.3]]]}, "properties": {"cell_id": 179}}, {"type": "Feature", "geometry": {"type": "Polygon", "coordinates": [[[388.6, 4688.5], [388.6, 4686.5], [382.7, 4686.5], [382.7, 4682.5], [380.7, 4682.5], [380.7, 4676.6], [382.7, 4676.6], [382.7, 4674.6], [384.6, 4674.6], [384.6, 4672.6], [386.6, 4672.6], [386.6, 4668.6], [388.6, 4668.6], [388.6, 4666.6], [398.6, 4666.6], [398.6, 4684.5], [396.6, 4684.5], [396.6, 4686.5], [392.6, 4686.5], [392.6, 4688.5], [388.6, 4688.5]]]}, "properties": {"cell_id": 180}}, {"type": "Feature", "geometry": {"type": "Polygon", "coordinates": [[[1411.4, 4496.9], [1411.4, 4495.0], [1409.4, 4495.0], [1409.4, 4493.0], [1407.4, 4493.0], [1407.4, 4491.0], [1405.4, 4491.0], [1405.4, 4487.0], [1403.4, 4487.0], [1403.4, 4481.0], [1405.4, 4481.0], [1405.4, 4477.0], [1407.4, 4477.0], [1407.4, 4475.0], [1411.4, 4475.0], [1411.4, 4473.0], [1417.4, 4473.0], [1417.4, 4475.0], [1419.4, 4475.0], [1419.4, 4477.0], [1421.4, 4477.0], [1421.4, 4479.0], [1423.4, 4479.0], [1423.4, 4485.0], [1425.4, 4485.0], [1425.4, 4489.0], [1423.4, 4489.0], [1423.4, 4491.0], [1421.4, 4491.0], [1421.4, 4493.0], [1419.4, 4493.0], [1419.4, 4495.0], [1417.4, 4495.0], [1417.4, 4496.9], [1411.4, 4496.9]]]}, "properties": {"cell_id": 181}}, {"type": "Feature", "geometry": {"type": "Polygon", "coordinates": [[[512.3, 4808.1], [512.3, 4806.1], [508.3, 4806.1], [508.3, 4804.1], [506.3, 4804.1], [506.3, 4802.1], [504.3, 4802.1], [504.3, 4798.2], [502.3, 4798.2], [502.3, 4788.2], [506.3, 4788.2], [506.3, 4786.2], [508.3, 4786.2], [508.3, 4784.2], [512.3, 4784.2], [512.3, 4782.2], [516.3, 4782.2], [516.3, 4784.2], [518.3, 4784.2], [518.3, 4788.2], [520.2, 4788.2], [520.2, 4794.2], [522.2, 4794.2], [522.2, 4804.1], [520.2, 4804.1], [520.2, 4806.1], [518.3, 4806.1], [518.3, 4808.1], [512.3, 4808.1]]]}, "properties": {"cell_id": 182}}, {"type": "Feature", "geometry": {"type": "Polygon", "coordinates": [[[392.7, 4879.9], [392.7, 4864.0], [394.7, 4864.0], [394.7, 4862.0], [396.6, 4862.0], [396.6, 4860.0], [400.6, 4860.0], [400.6, 4858.0], [404.6, 4858.0], [404.6, 4860.0], [408.6, 4860.0], [408.6, 4862.0], [410.6, 4862.0], [410.6, 4873.9], [408.6, 4873.9], [408.6, 4875.9], [406.6, 4875.9], [406.6, 4877.9], [404.6, 4877.9], [404.6, 4879.9], [392.7, 4879.9]]]}, "properties": {"cell_id": 183}}, {"type": "Feature", "geometry": {"type": "Polygon", "coordinates": [[[350.8, 4850.0], [350.8, 4848.0], [346.8, 4848.0], [346.8, 4846.0], [344.8, 4846.0], [344.8, 4842.0], [342.8, 4842.0], [342.8, 4838.1], [340.8, 4838.1], [340.8, 4834.1], [342.8, 4834.1], [342.8, 4830.1], [344.8, 4830.1], [344.8, 4828.1], [346.8, 4828.1], [346.8, 4826.1], [350.8, 4826.1], [350.8, 4824.1], [354.8, 4824.1], [354.8, 4826.1], [358.8, 4826.1], [358.8, 4828.1], [360.8, 4828.1], [360.8, 4832.1], [358.8, 4832.1], [358.8, 4834.1], [356.8, 4834.1], [356.8, 4842.0], [354.8, 4842.0], [354.8, 4846.0], [352.8, 4846.0], [352.8, 4850.0], [350.8, 4850.0]]]}, "properties": {"cell_id": 184}}, {"type": "Feature", "geometry": {"type": "Polygon", "coordinates": [[[1553.0, 4819.9], [1553.0, 4817.9], [1549.0, 4817.9], [1549.0, 4815.9], [1543.1, 4815.9], [1543.1, 4813.9], [1541.1, 4813.9], [1541.1, 4811.9], [1539.1, 4811.9], [1539.1, 4809.9], [1541.1, 4809.9], [1541.1, 4807.9], [1543.1, 4807.9], [1543.1, 4806.0], [1545.1, 4806.0], [1545.1, 4796.0], [1547.1, 4796.0], [1547.0, 4790.0], [1553.0, 4790.0], [1553.0, 4792.0], [1555.0, 4792.0], [1555.0, 4794.0], [1557.0, 4794.0], [1557.0, 4796.0], [1561.0, 4796.0], [1561.0, 4800.0], [1559.0, 4800.0], [1559.0, 4813.9], [1561.0, 4813.9], [1561.0, 4817.9], [1559.0, 4817.9], [1559.0, 4819.9], [1553.0, 4819.9]]]}, "properties": {"cell_id": 185}}, {"type": "Feature", "geometry": {"type": "Polygon", "coordinates": [[[378.7, 4678.5], [378.7, 4676.6], [372.7, 4676.6], [372.7, 4674.6], [364.7, 4674.6], [364.7, 4670.6], [366.7, 4670.6], [366.7, 4668.6], [368.7, 4668.6], [368.7, 4664.6], [370.7, 4664.6], [370.7, 4662.6], [372.7, 4662.6], [372.7, 4660.6], [374.7, 4660.6], [374.7, 4658.6], [380.7, 4658.6], [380.7, 4660.6], [382.7, 4660.6], [382.7, 4662.6], [384.6, 4662.6], [384.6, 4664.6], [386.6, 4664.6], [386.6, 4666.6], [388.6, 4666.6], [388.6, 4668.6], [386.6, 4668.6], [386.6, 4672.6], [384.6, 4672.6], [384.6, 4674.6], [382.7, 4674.6], [382.7, 4676.6], [380.7, 4676.6], [380.7, 4678.5], [378.7, 4678.5]]]}, "properties": {"cell_id": 186}}, {"type": "Feature", "geometry": {"type": "Polygon", "coordinates": [[[2207.0, 4867.6], [2207.0, 4865.7], [2203.0, 4865.7], [2203.0, 4863.7], [2201.0, 4863.7], [2201.0, 4861.7], [2203.0, 4861.7], [2203.0, 4857.7], [2205.0, 4857.7], [2205.0, 4853.7], [2207.0, 4853.7], [2207.0, 4849.7], [2209.0, 4849.7], [2209.0, 4843.7], [2213.0, 4843.7], [2213.0, 4845.7], [2217.0, 4845.7], [2217.0, 4851.7], [2215.0, 4851.7], [2215.0, 4863.7], [2213.0, 4863.7], [2213.0, 4867.6], [2207.0, 4867.6]]]}, "properties": {"cell_id": 187}}, {"type": "Feature", "geometry": {"type": "Polygon", "coordinates": [[[145.4, 4491.2], [145.4, 4489.2], [143.4, 4489.2], [143.4, 4485.2], [141.4, 4485.2], [141.4, 4479.2], [143.4, 4479.2], [143.4, 4475.2], [145.4, 4475.2], [145.4, 4473.2], [149.3, 4473.2], [149.3, 4471.2], [157.3, 4471.2], [157.3, 4473.2], [161.3, 4473.2], [161.3, 4475.2], [163.3, 4475.2], [163.3, 4479.2], [165.3, 4479.2], [165.3, 4485.2], [163.3, 4485.2], [163.3, 4487.2], [157.3, 4487.2], [157.3, 4489.2], [149.3, 4489.2], [149.3, 4491.2], [145.4, 4491.2]]]}, "properties": {"cell_id": 188}}, {"type": "Feature", "geometry": {"type": "Polygon", "coordinates": [[[2374.5, 4965.3], [2374.5, 4961.3], [2376.5, 4961.3], [2376.5, 4953.4], [2378.5, 4953.3], [2378.5, 4951.4], [2380.5, 4951.4], [2380.5, 4949.4], [2388.5, 4949.4], [2388.5, 4951.4], [2390.5, 4951.4], [2390.5, 4953.3], [2392.4, 4953.3], [2392.4, 4957.3], [2394.4, 4957.3], [2394.4, 4963.3], [2392.4, 4963.3], [2392.4, 4965.3], [2374.5, 4965.3]]]}, "properties": {"cell_id": 189}}, {"type": "Feature", "geometry": {"type": "Polygon", "coordinates": [[[1772.4, 5049.1], [1772.4, 5045.2], [1770.4, 5045.2], [1770.4, 5041.2], [1768.4, 5041.2], [1768.4, 5039.2], [1766.4, 5039.2], [1766.4, 5033.2], [1768.4, 5033.2], [1768.4, 5031.2], [1772.4, 5031.2], [1772.4, 5029.2], [1778.4, 5029.2], [1778.4, 5031.2], [1782.4, 5031.2], [1782.4, 5039.2], [1780.4, 5039.2], [1780.4, 5043.2], [1778.4, 5043.2], [1778.4, 5045.2], [1776.4, 5045.2], [1776.4, 5047.2], [1774.4, 5047.2], [1774.4, 5049.1], [1772.4, 5049.1]]]}, "properties": {"cell_id": 190}}, {"type": "Feature", "geometry": {"type": "Polygon", "coordinates": [[[2376.5, 5092.9], [2376.5, 5090.9], [2372.5, 5090.9], [2372.5, 5088.9], [2368.5, 5088.9], [2368.5, 5086.9], [2366.5, 5086.9], [2366.5, 5084.9], [2362.6, 5084.9], [2362.6, 5082.9], [2358.6, 5082.9], [2358.6, 5079.0], [2360.6, 5079.0], [2360.6, 5077.0], [2382.5, 5077.0], [2382.5, 5080.9], [2384.5, 5080.9], [2384.5, 5086.9], [2382.5, 5086.9], [2382.5, 5090.9], [2380.5, 5090.9], [2380.5, 5092.9], [2376.5, 5092.9]]]}, "properties": {"cell_id": 191}}, {"type": "Feature", "geometry": {"type": "Polygon", "coordinates": [[[1894.0, 4843.8], [1894.0, 4841.8], [1890.0, 4841.8], [1890.0, 4839.8], [1888.0, 4839.8], [1888.0, 4837.8], [1886.0, 4837.8], [1886.0, 4833.8], [1884.0, 4833.8], [1884.0, 4823.8], [1886.0, 4823.8], [1886.0, 4819.9], [1888.0, 4819.9], [1888.0, 4817.9], [1892.0, 4817.9], [1892.0, 4815.9], [1900.0, 4815.9], [1900.0, 4817.9], [1903.9, 4817.9], [1903.9, 4819.8], [1905.9, 4819.8], [1905.9, 4823.8], [1907.9, 4823.8], [1907.9, 4827.8], [1909.9, 4827.8], [1909.9, 4829.8], [1907.9, 4829.8], [1907.9, 4833.8], [1905.9, 4833.8], [1905.9, 4837.8], [1903.9, 4837.8], [1903.9, 4839.8], [1900.0, 4839.8], [1900.0, 4841.8], [1896.0, 4841.8], [1896.0, 4843.8], [1894.0, 4843.8]]]}, "properties": {"cell_id": 192}}, {"type": "Feature", "geometry": {"type": "Polygon", "coordinates": [[[645.9, 4857.9], [645.9, 4855.9], [643.9, 4855.9], [643.9, 4854.0], [641.9, 4854.0], [641.9, 4838.0], [643.9, 4838.0], [643.9, 4836.0], [647.9, 4836.0], [647.9, 4834.0], [653.8, 4834.0], [653.8, 4836.0], [655.8, 4836.0], [655.8, 4838.0], [659.8, 4838.0], [659.8, 4840.0], [661.8, 4840.0], [661.8, 4842.0], [663.8, 4842.0], [663.8, 4844.0], [665.8, 4844.0], [665.8, 4850.0], [663.8, 4850.0], [663.8, 4852.0], [661.8, 4852.0], [661.8, 4853.9], [655.8, 4854.0], [655.8, 4855.9], [651.8, 4855.9], [651.8, 4857.9], [645.9, 4857.9]]]}, "properties": {"cell_id": 193}}, {"type": "Feature", "geometry": {"type": "Polygon", "coordinates": [[[2292.7, 4534.7], [2292.7, 4532.7], [2288.7, 4532.7], [2288.7, 4530.7], [2286.7, 4530.7], [2286.7, 4528.7], [2284.7, 4528.7], [2284.7, 4524.7], [2282.7, 4524.7], [2282.7, 4522.7], [2284.7, 4522.7], [2284.7, 4518.7], [2286.7, 4518.7], [2286.7, 4514.7], [2288.7, 4514.7], [2288.7, 4512.8], [2290.7, 4512.8], [2290.7, 4510.8], [2294.7, 4510.8], [2294.7, 4508.8], [2298.7, 4508.8], [2298.7, 4510.8], [2302.6, 4510.8], [2302.6, 4512.7], [2304.6, 4512.7], [2304.6, 4514.7], [2306.6, 4514.7], [2306.6, 4518.7], [2308.6, 4518.7], [2308.6, 4524.7], [2306.6, 4524.7], [2306.6, 4528.7], [2304.6, 4528.7], [2304.6, 4530.7], [2302.7, 4530.7], [2302.7, 4532.7], [2298.7, 4532.7], [2298.7, 4534.7], [2292.7, 4534.7]]]}, "properties": {"cell_id": 194}}, {"type": "Feature", "geometry": {"type": "Polygon", "coordinates": [[[300.9, 4515.1], [300.9, 4513.1], [296.9, 4513.1], [296.9, 4511.1], [294.9, 4511.1], [294.9, 4509.1], [292.9, 4509.1], [292.9, 4505.1], [290.9, 4505.1], [290.9, 4499.1], [292.9, 4499.1], [292.9, 4495.1], [294.9, 4495.1], [294.9, 4493.1], [296.9, 4493.1], [296.9, 4491.2], [300.9, 4491.2], [300.9, 4489.2], [304.9, 4489.2], [304.9, 4491.2], [308.9, 4491.2], [308.9, 4495.1], [310.8, 4495.1], [310.8, 4497.1], [312.8, 4497.1], [312.8, 4499.1], [314.8, 4499.1], [314.8, 4501.1], [316.8, 4501.1], [316.8, 4505.1], [314.8, 4505.1], [314.8, 4509.1], [312.8, 4509.1], [312.8, 4511.1], [310.8, 4511.1], [310.8, 4513.1], [306.9, 4513.1], [306.9, 4515.1], [300.9, 4515.1]]]}, "properties": {"cell_id": 195}}, {"type": "Feature", "geometry": {"type": "Polygon", "coordinates": [[[1561.0, 4798.0], [1561.0, 4796.0], [1557.0, 4796.0], [1557.0, 4794.0], [1555.0, 4794.0], [1555.0, 4792.0], [1553.0, 4792.0], [1553.0, 4790.0], [1549.0, 4790.0], [1549.0, 4788.0], [1551.0, 4788.0], [1551.0, 4784.0], [1553.0, 4784.0], [1553.0, 4780.0], [1555.0, 4780.0], [1555.0, 4778.0], [1559.0, 4778.0], [1559.0, 4776.0], [1565.0, 4776.0], [1565.0, 4778.0], [1569.0, 4778.0], [1569.0, 4780.0], [1571.0, 4780.0], [1571.0, 4782.0], [1573.0, 4782.0], [1573.0, 4786.0], [1575.0, 4786.0], [1575.0, 4792.0], [1573.0, 4792.0], [1573.0, 4794.0], [1571.0, 4794.0], [1571.0, 4796.0], [1563.0, 4796.0], [1563.0, 4798.0], [1561.0, 4798.0]]]}, "properties": {"cell_id": 196}}, {"type": "Feature", "geometry": {"type": "Polygon", "coordinates": [[[1658.8, 5077.1], [1658.8, 5075.1], [1654.8, 5075.1], [1654.8, 5073.1], [1652.8, 5073.1], [1652.8, 5069.1], [1650.8, 5069.1], [1650.8, 5065.1], [1652.8, 5065.1], [1652.8, 5063.1], [1656.8, 5063.1], [1656.8, 5061.1], [1660.7, 5061.1], [1660.7, 5059.1], [1670.7, 5059.1], [1670.7, 5061.1], [1672.7, 5061.1], [1672.7, 5067.1], [1674.7, 5067.1], [1674.7, 5073.1], [1672.7, 5073.1], [1672.7, 5075.1], [1668.7, 5075.1], [1668.7, 5077.1], [1658.8, 5077.1]]]}, "properties": {"cell_id": 197}}, {"type": "Feature", "geometry": {"type": "Polygon", "coordinates": [[[1850.1, 4955.4], [1850.1, 4953.4], [1846.1, 4953.4], [1846.1, 4951.4], [1844.2, 4951.4], [1844.2, 4949.5], [1842.2, 4949.5], [1842.2, 4947.5], [1840.2, 4947.5], [1840.2, 4943.5], [1838.2, 4943.5], [1838.2, 4941.5], [1840.2, 4941.5], [1840.2, 4937.5], [1842.2, 4937.5], [1842.2, 4935.5], [1844.1, 4935.5], [1844.1, 4933.5], [1848.1, 4933.5], [1848.1, 4931.5], [1852.1, 4931.5], [1852.1, 4933.5], [1858.1, 4933.5], [1858.1, 4935.5], [1862.1, 4935.5], [1862.1, 4937.5], [1864.1, 4937.5], [1864.1, 4941.5], [1866.1, 4941.5], [1866.1, 4947.5], [1864.1, 4947.5], [1864.1, 4951.4], [1862.1, 4951.4], [1862.1, 4953.4], [1858.1, 4953.4], [1858.1, 4955.4], [1850.1, 4955.4]]]}, "properties": {"cell_id": 198}}, {"type": "Feature", "geometry": {"type": "Polygon", "coordinates": [[[639.8, 4556.9], [639.8, 4552.9], [641.8, 4552.9], [641.8, 4540.9], [643.8, 4540.9], [643.8, 4538.9], [645.8, 4538.9], [645.8, 4540.9], [651.8, 4540.9], [651.8, 4542.9], [657.8, 4542.9], [657.8, 4546.9], [659.8, 4546.9], [659.8, 4552.9], [657.8, 4552.9], [657.8, 4554.9], [641.8, 4554.9], [641.8, 4556.9], [639.8, 4556.9]]]}, "properties": {"cell_id": 199}}, {"type": "Feature", "geometry": {"type": "Polygon", "coordinates": [[[1772.4, 5069.1], [1772.4, 5067.1], [1770.4, 5067.1], [1770.4, 5055.1], [1772.4, 5055.1], [1772.4, 5053.1], [1780.4, 5053.1], [1780.4, 5055.1], [1782.4, 5055.1], [1782.4, 5059.1], [1784.4, 5059.1], [1784.4, 5065.1], [1782.4, 5065.1], [1782.4, 5067.1], [1776.4, 5067.1], [1776.4, 5069.1], [1772.4, 5069.1]]]}, "properties": {"cell_id": 200}}, {"type": "Feature", "geometry": {"type": "Polygon", "coordinates": [[[2434.3, 4977.3], [2434.3, 4975.3], [2430.3, 4975.3], [2430.3, 4973.3], [2428.3, 4973.3], [2428.3, 4971.3], [2426.3, 4971.3], [2426.3, 4967.3], [2424.3, 4967.3], [2424.3, 4963.3], [2426.3, 4963.3], [2426.3, 4959.3], [2428.3, 4959.3], [2428.3, 4957.3], [2430.3, 4957.3], [2430.3, 4955.3], [2434.3, 4955.3], [2434.3, 4953.3], [2438.3, 4953.3], [2438.3, 4955.3], [2440.3, 4955.3], [2440.3, 4959.3], [2442.3, 4959.3], [2442.3, 4963.3], [2444.3, 4963.3], [2444.3, 4965.3], [2446.3, 4965.3], [2446.3, 4967.3], [2444.3, 4967.3], [2444.3, 4973.3], [2442.3, 4973.3], [2442.3, 4975.3], [2440.3, 4975.3], [2440.3, 4977.3], [2434.3, 4977.3]]]}, "properties": {"cell_id": 201}}, {"type": "Feature", "geometry": {"type": "Polygon", "coordinates": [[[418.6, 4903.8], [418.6, 4901.8], [414.6, 4901.8], [414.6, 4899.8], [412.6, 4899.8], [412.6, 4889.9], [414.6, 4889.9], [414.6, 4887.9], [418.6, 4887.9], [418.6, 4885.9], [420.6, 4885.9], [420.6, 4883.9], [422.6, 4883.9], [422.6, 4881.9], [428.5, 4881.9], [428.5, 4883.9], [430.5, 4883.9], [430.5, 4885.9], [432.5, 4885.9], [432.5, 4889.9], [434.5, 4889.9], [434.5, 4895.9], [432.5, 4895.9], [432.5, 4899.8], [430.5, 4899.8], [430.5, 4901.8], [426.6, 4901.8], [426.6, 4903.8], [418.6, 4903.8]]]}, "properties": {"cell_id": 202}}, {"type": "Feature", "geometry": {"type": "Polygon", "coordinates": [[[655.8, 4493.1], [655.8, 4491.1], [651.8, 4491.1], [651.8, 4489.1], [649.8, 4489.1], [649.8, 4485.1], [647.8, 4485.1], [647.8, 4479.1], [649.8, 4479.1], [649.8, 4475.1], [651.8, 4475.1], [651.8, 4473.1], [653.8, 4473.1], [653.8, 4471.2], [657.8, 4471.2], [657.8, 4469.2], [665.7, 4469.2], [665.7, 4471.2], [669.7, 4471.2], [669.7, 4473.1], [671.7, 4473.1], [671.7, 4477.1], [673.7, 4477.1], [673.7, 4481.1], [671.7, 4481.1], [671.7, 4485.1], [669.7, 4485.1], [669.7, 4487.1], [667.7, 4487.1], [667.7, 4491.1], [663.7, 4491.1], [663.7, 4493.1], [655.8, 4493.1]]]}, "properties": {"cell_id": 203}}, {"type": "Feature", "geometry": {"type": "Polygon", "coordinates": [[[2037.6, 5001.3], [2037.6, 4999.3], [2035.6, 4999.3], [2035.6, 4987.3], [2037.6, 4987.3], [2037.6, 4985.3], [2047.5, 4985.3], [2047.5, 4983.3], [2049.5, 4983.3], [2049.5, 4985.3], [2053.5, 4985.3], [2053.5, 4989.3], [2051.5, 4989.3], [2051.5, 4991.3], [2049.5, 4991.3], [2049.5, 4993.3], [2045.5, 4993.3], [2045.5, 4997.3], [2043.5, 4997.3], [2043.5, 4999.3], [2041.5, 4999.3], [2041.5, 5001.3], [2037.6, 5001.3]]]}, "properties": {"cell_id": 204}}, {"type": "Feature", "geometry": {"type": "Polygon", "coordinates": [[[1495.2, 4662.4], [1495.2, 4660.4], [1493.2, 4660.4], [1493.2, 4656.4], [1491.2, 4656.4], [1491.2, 4644.5], [1489.2, 4644.5], [1489.2, 4642.5], [1499.2, 4642.5], [1499.2, 4644.5], [1503.2, 4644.5], [1503.2, 4658.4], [1501.2, 4658.4], [1501.2, 4660.4], [1499.2, 4660.4], [1499.2, 4662.4], [1495.2, 4662.4]]]}, "properties": {"cell_id": 205}}, {"type": "Feature", "geometry": {"type": "Polygon", "coordinates": [[[1076.6, 5027.3], [1076.6, 5025.3], [1074.6, 5025.3], [1074.6, 5021.4], [1072.6, 5021.4], [1072.6, 5013.4], [1074.6, 5013.4], [1074.6, 5009.4], [1076.6, 5009.4], [1076.6, 5007.4], [1080.5, 5007.4], [1080.5, 5005.4], [1086.5, 5005.4], [1086.5, 5007.4], [1090.5, 5007.4], [1090.5, 5009.4], [1092.5, 5009.4], [1092.5, 5013.4], [1094.5, 5013.4], [1094.5, 5015.4], [1092.5, 5015.4], [1092.5, 5017.4], [1090.5, 5017.4], [1090.5, 5019.4], [1086.5, 5019.4], [1086.5, 5021.4], [1084.5, 5021.4], [1084.5, 5023.3], [1082.5, 5023.3], [1082.5, 5025.3], [1080.5, 5025.3], [1080.5, 5027.3], [1076.6, 5027.3]]]}, "properties": {"cell_id": 206}}, {"type": "Feature", "geometry": {"type": "Polygon", "coordinates": [[[1515.1, 4724.2], [1515.1, 4708.3], [1523.1, 4708.3], [1523.1, 4706.3], [1527.1, 4706.3], [1527.1, 4708.3], [1529.1, 4708.3], [1529.1, 4712.3], [1531.1, 4712.3], [1531.1, 4714.2], [1527.1, 4714.2], [1527.1, 4716.2], [1523.1, 4716.2], [1523.1, 4718.2], [1519.1, 4718.2], [1519.1, 4722.2], [1517.1, 4722.2], [1517.1, 4724.2], [1515.1, 4724.2]]]}, "properties": {"cell_id": 207}}, {"type": "Feature", "geometry": {"type": "Polygon", "coordinates": [[[711.6, 4546.9], [711.6, 4544.9], [707.6, 4544.9], [707.6, 4542.9], [703.6, 4542.9], [703.6, 4540.9], [697.6, 4540.9], [697.6, 4538.9], [695.7, 4538.9], [695.7, 4534.9], [697.6, 4534.9], [697.6, 4531.0], [699.6, 4531.0], [699.6, 4529.0], [701.6, 4529.0], [701.6, 4527.0], [705.6, 4527.0], [705.6, 4525.0], [709.6, 4525.0], [709.6, 4527.0], [713.6, 4527.0], [713.6, 4529.0], [717.6, 4529.0], [717.6, 4531.0], [719.6, 4531.0], [719.6, 4534.9], [721.6, 4534.9], [721.6, 4540.9], [719.6, 4540.9], [719.6, 4544.9], [717.6, 4544.9], [717.6, 4546.9], [711.6, 4546.9]]]}, "properties": {"cell_id": 208}}, {"type": "Feature", "geometry": {"type": "Polygon", "coordinates": [[[386.6, 4666.6], [386.6, 4664.6], [384.6, 4664.6], [384.6, 4662.6], [382.7, 4662.6], [382.7, 4660.6], [380.7, 4660.6], [380.7, 4658.6], [378.7, 4658.6], [378.7, 4654.6], [380.7, 4654.6], [380.7, 4650.6], [382.7, 4650.6], [382.6, 4648.6], [384.6, 4648.6], [384.6, 4646.6], [388.6, 4646.6], [388.6, 4644.7], [394.6, 4644.7], [394.6, 4646.6], [398.6, 4646.6], [398.6, 4648.6], [400.6, 4648.6], [400.6, 4650.6], [402.6, 4650.6], [402.6, 4654.6], [404.6, 4654.6], [404.6, 4660.6], [402.6, 4660.6], [402.6, 4664.6], [400.6, 4664.6], [400.6, 4666.6], [386.6, 4666.6]]]}, "properties": {"cell_id": 209}}, {"type": "Feature", "geometry": {"type": "Polygon", "coordinates": [[[1728.5, 5067.1], [1728.5, 5063.1], [1726.5, 5063.1], [1726.5, 5061.1], [1724.5, 5061.1], [1724.5, 5055.1], [1726.5, 5055.1], [1726.5, 5051.2], [1728.5, 5051.2], [1728.5, 5049.2], [1730.5, 5049.2], [1730.5, 5047.2], [1732.5, 5047.2], [1732.5, 5045.2], [1734.5, 5045.2], [1734.5, 5043.2], [1736.5, 5043.2], [1736.5, 5045.2], [1738.5, 5045.2], [1738.5, 5047.2], [1740.5, 5047.2], [1740.5, 5055.1], [1744.5, 5055.1], [1744.5, 5061.1], [1738.5, 5061.1], [1738.5, 5063.1], [1736.5, 5063.1], [1736.5, 5065.1], [1732.5, 5065.1], [1732.5, 5067.1], [1728.5, 5067.1]]]}, "properties": {"cell_id": 210}}, {"type": "Feature", "geometry": {"type": "Polygon", "coordinates": [[[1902.0, 4931.5], [1902.0, 4929.5], [1898.0, 4929.5], [1898.0, 4927.5], [1896.0, 4927.5], [1896.0, 4923.5], [1894.0, 4923.5], [1894.0, 4917.5], [1896.0, 4917.5], [1896.0, 4913.6], [1898.0, 4913.6], [1898.0, 4911.6], [1902.0, 4911.6], [1902.0, 4909.6], [1909.9, 4909.6], [1909.9, 4911.6], [1913.9, 4911.6], [1913.9, 4913.6], [1915.9, 4913.6], [1915.9, 4921.5], [1913.9, 4921.5], [1913.9, 4925.5], [1911.9, 4925.5], [1911.9, 4929.5], [1907.9, 4929.5], [1908.0, 4931.5], [1902.0, 4931.5]]]}, "properties": {"cell_id": 211}}, {"type": "Feature", "geometry": {"type": "Polygon", "coordinates": [[[2105.3, 4714.1], [2105.3, 4712.2], [2103.3, 4712.2], [2103.3, 4710.2], [2101.3, 4710.2], [2101.3, 4706.2], [2099.3, 4706.2], [2099.3, 4704.2], [2101.3, 4704.2], [2101.3, 4702.2], [2103.3, 4702.2], [2103.3, 4698.2], [2105.3, 4698.2], [2105.3, 4696.2], [2115.3, 4696.2], [2115.3, 4694.2], [2119.3, 4694.2], [2119.3, 4696.2], [2121.2, 4696.2], [2121.2, 4700.2], [2123.2, 4700.2], [2123.2, 4706.2], [2119.3, 4706.2], [2119.3, 4708.2], [2115.3, 4708.2], [2115.3, 4710.2], [2111.3, 4710.2], [2111.3, 4712.2], [2107.3, 4712.2], [2107.3, 4714.1], [2105.3, 4714.1]]]}, "properties": {"cell_id": 212}}, {"type": "Feature", "geometry": {"type": "Polygon", "coordinates": [[[1074.5, 4929.6], [1074.5, 4927.6], [1070.6, 4927.6], [1070.6, 4925.7], [1068.6, 4925.7], [1068.6, 4921.7], [1066.6, 4921.7], [1066.6, 4913.7], [1068.6, 4913.7], [1068.6, 4907.7], [1070.6, 4907.7], [1070.6, 4903.7], [1072.5, 4903.7], [1072.5, 4901.7], [1076.5, 4901.7], [1076.5, 4899.7], [1082.5, 4899.7], [1082.5, 4901.7], [1086.5, 4901.7], [1086.5, 4903.7], [1088.5, 4903.7], [1088.5, 4907.7], [1090.5, 4907.7], [1090.5, 4911.7], [1092.5, 4911.7], [1092.5, 4915.7], [1090.5, 4915.7], [1090.5, 4919.7], [1088.5, 4919.7], [1088.5, 4923.7], [1086.5, 4923.7], [1086.5, 4925.7], [1084.5, 4925.7], [1084.5, 4927.6], [1076.5, 4927.6], [1076.5, 4929.6], [1074.5, 4929.6]]]}, "properties": {"cell_id": 213}}, {"type": "Feature", "geometry": {"type": "Polygon", "coordinates": [[[1614.9, 4959.5], [1614.9, 4955.5], [1612.9, 4955.5], [1612.9, 4949.5], [1610.9, 4949.5], [1610.9, 4943.5], [1612.9, 4943.5], [1612.9, 4941.5], [1624.8, 4941.5], [1624.8, 4947.5], [1622.8, 4947.5], [1622.8, 4951.5], [1620.8, 4951.5], [1620.8, 4953.5], [1618.9, 4953.5], [1618.9, 4955.5], [1616.9, 4955.5], [1616.9, 4959.5], [1614.9, 4959.5]]]}, "properties": {"cell_id": 214}}, {"type": "Feature", "geometry": {"type": "Polygon", "coordinates": [[[2025.6, 4999.3], [2025.6, 4997.3], [2023.6, 4997.3], [2023.6, 4993.3], [2021.6, 4993.3], [2021.6, 4991.3], [2019.6, 4991.3], [2019.6, 4989.3], [2015.6, 4989.3], [2015.6, 4987.3], [2013.6, 4987.3], [2013.6, 4983.3], [2015.6, 4983.3], [2015.6, 4981.3], [2017.6, 4981.3], [2017.6, 4979.3], [2021.6, 4979.3], [2021.6, 4977.3], [2029.6, 4977.3], [2029.6, 4979.3], [2031.6, 4979.3], [2031.6, 4981.3], [2033.6, 4981.3], [2033.6, 4983.3], [2035.6, 4983.3], [2035.6, 4985.3], [2037.6, 4985.3], [2037.6, 4987.3], [2035.6, 4987.3], [2035.6, 4997.3], [2031.6, 4997.3], [2031.6, 4999.3], [2025.6, 4999.3]]]}, "properties": {"cell_id": 215}}, {"type": "Feature", "geometry": {"type": "Polygon", "coordinates": [[[592.0, 4503.1], [592.0, 4501.1], [588.0, 4501.1], [588.0, 4497.1], [586.0, 4497.1], [586.0, 4495.1], [584.0, 4495.1], [584.0, 4487.1], [586.0, 4487.1], [586.0, 4483.1], [588.0, 4483.1], [588.0, 4481.1], [592.0, 4481.1], [592.0, 4479.1], [599.9, 4479.1], [599.9, 4481.1], [603.9, 4481.1], [603.9, 4483.1], [605.9, 4483.1], [605.9, 4485.1], [607.9, 4485.1], [607.9, 4497.1], [605.9, 4497.1], [605.9, 4499.1], [601.9, 4499.1], [601.9, 4501.1], [598.0, 4501.1], [598.0, 4503.1], [592.0, 4503.1]]]}, "properties": {"cell_id": 216}}, {"type": "Feature", "geometry": {"type": "Polygon", "coordinates": [[[843.2, 4740.3], [843.2, 4738.3], [839.2, 4738.3], [839.2, 4736.3], [835.3, 4736.3], [835.3, 4734.3], [833.3, 4734.3], [833.3, 4730.3], [831.3, 4730.3], [831.3, 4722.3], [833.3, 4722.3], [833.3, 4720.3], [845.2, 4720.3], [845.2, 4718.3], [847.2, 4718.3], [847.2, 4720.3], [849.2, 4720.3], [849.2, 4722.3], [851.2, 4722.3], [851.2, 4724.3], [853.2, 4724.3], [853.2, 4726.3], [855.2, 4726.3], [855.2, 4730.3], [853.2, 4730.3], [853.2, 4734.3], [851.2, 4734.3], [851.2, 4736.3], [849.2, 4736.3], [849.2, 4738.3], [845.2, 4738.3], [845.2, 4740.3], [843.2, 4740.3]]]}, "properties": {"cell_id": 217}}, {"type": "Feature", "geometry": {"type": "Polygon", "coordinates": [[[1435.3, 4500.9], [1435.3, 4493.0], [1433.4, 4493.0], [1433.4, 4489.0], [1435.3, 4489.0], [1435.3, 4487.0], [1437.3, 4487.0], [1437.3, 4483.0], [1439.3, 4483.0], [1439.3, 4481.0], [1443.3, 4481.0], [1443.3, 4479.0], [1451.3, 4479.0], [1451.3, 4483.0], [1453.3, 4483.0], [1453.3, 4489.0], [1449.3, 4489.0], [1449.3, 4491.0], [1447.3, 4491.0], [1447.3, 4494.9], [1445.3, 4494.9], [1445.3, 4496.9], [1443.3, 4496.9], [1443.3, 4498.9], [1439.3, 4498.9], [1439.3, 4500.9], [1435.3, 4500.9]]]}, "properties": {"cell_id": 218}}, {"type": "Feature", "geometry": {"type": "Polygon", "coordinates": [[[1072.5, 4877.8], [1072.5, 4875.8], [1070.5, 4875.8], [1070.5, 4873.8], [1068.6, 4873.8], [1068.6, 4869.8], [1066.6, 4869.8], [1066.6, 4867.8], [1068.6, 4867.8], [1068.6, 4861.9], [1070.5, 4861.9], [1070.5, 4857.9], [1072.5, 4857.9], [1072.5, 4855.9], [1076.5, 4855.9], [1076.5, 4853.9], [1082.5, 4853.9], [1082.5, 4855.9], [1086.5, 4855.9], [1086.5, 4857.9], [1088.5, 4857.9], [1088.5, 4861.9], [1090.5, 4861.9], [1090.5, 4871.8], [1088.5, 4871.8], [1088.5, 4875.8], [1086.5, 4875.8], [1086.5, 4877.8], [1072.5, 4877.8]]]}, "properties": {"cell_id": 219}}, {"type": "Feature", "geometry": {"type": "Polygon", "coordinates": [[[1501.2, 4670.4], [1501.2, 4668.4], [1499.2, 4668.4], [1499.2, 4660.4], [1501.2, 4660.4], [1501.2, 4658.4], [1509.1, 4658.4], [1509.1, 4660.4], [1517.1, 4660.4], [1517.1, 4668.4], [1515.1, 4668.4], [1515.1, 4670.4], [1501.2, 4670.4]]]}, "properties": {"cell_id": 220}}, {"type": "Feature", "geometry": {"type": "Polygon", "coordinates": [[[356.8, 4852.0], [356.8, 4850.0], [352.8, 4850.0], [352.8, 4846.0], [354.8, 4846.0], [354.8, 4842.0], [356.8, 4842.0], [356.8, 4834.1], [358.8, 4834.1], [358.8, 4832.1], [360.8, 4832.1], [360.8, 4828.1], [364.7, 4828.1], [364.7, 4830.1], [368.7, 4830.1], [368.7, 4832.1], [370.7, 4832.1], [370.7, 4836.1], [372.7, 4836.1], [372.7, 4840.0], [370.7, 4840.0], [370.7, 4844.0], [368.7, 4844.0], [368.7, 4846.0], [366.7, 4846.0], [366.7, 4848.0], [364.7, 4848.0], [364.7, 4850.0], [360.8, 4850.0], [360.8, 4852.0], [356.8, 4852.0]]]}, "properties": {"cell_id": 221}}, {"type": "Feature", "geometry": {"type": "Polygon", "coordinates": [[[659.8, 4820.1], [659.8, 4818.1], [657.8, 4818.1], [657.8, 4816.1], [655.8, 4816.1], [655.8, 4808.1], [653.8, 4808.1], [653.8, 4802.1], [655.8, 4802.1], [655.8, 4800.1], [659.8, 4800.1], [659.8, 4798.1], [663.8, 4798.1], [663.8, 4800.1], [665.8, 4800.1], [665.8, 4804.1], [667.8, 4804.1], [667.8, 4806.1], [669.8, 4806.1], [669.8, 4808.1], [673.8, 4808.1], [673.8, 4810.1], [675.8, 4810.1], [675.8, 4812.1], [673.8, 4812.1], [673.8, 4816.1], [671.8, 4816.1], [671.8, 4818.1], [667.8, 4818.1], [667.8, 4820.1], [659.8, 4820.1]]]}, "properties": {"cell_id": 222}}, {"type": "Feature", "geometry": {"type": "Polygon", "coordinates": [[[592.0, 4590.8], [592.0, 4588.8], [590.0, 4588.8], [590.0, 4584.8], [588.0, 4584.8], [588.0, 4580.8], [586.0, 4580.8], [586.0, 4576.8], [588.0, 4576.8], [588.0, 4572.8], [590.0, 4572.8], [590.0, 4570.9], [592.0, 4570.9], [592.0, 4568.9], [596.0, 4568.9], [596.0, 4566.9], [600.0, 4566.9], [600.0, 4568.9], [603.9, 4568.9], [603.9, 4570.8], [605.9, 4570.8], [605.9, 4572.8], [607.9, 4572.8], [607.9, 4574.8], [609.9, 4574.8], [609.9, 4582.8], [607.9, 4582.8], [607.9, 4586.8], [605.9, 4586.8], [605.9, 4588.8], [603.9, 4588.8], [604.0, 4590.8], [592.0, 4590.8]]]}, "properties": {"cell_id": 223}}, {"type": "Feature", "geometry": {"type": "Polygon", "coordinates": [[[2238.9, 5027.1], [2238.9, 5023.2], [2236.9, 5023.2], [2236.9, 5009.2], [2238.9, 5009.2], [2238.9, 5007.2], [2244.9, 5007.2], [2244.9, 5011.2], [2246.9, 5011.2], [2246.9, 5015.2], [2248.9, 5015.2], [2248.9, 5023.2], [2246.9, 5023.2], [2246.9, 5025.1], [2240.9, 5025.1], [2240.9, 5027.1], [2238.9, 5027.1]]]}, "properties": {"cell_id": 224}}, {"type": "Feature", "geometry": {"type": "Polygon", "coordinates": [[[1912.0, 5005.3], [1912.0, 5003.3], [1908.0, 5003.3], [1908.0, 5001.3], [1906.0, 5001.3], [1906.0, 4999.3], [1908.0, 4999.3], [1908.0, 4993.3], [1910.0, 4993.3], [1910.0, 4989.3], [1911.9, 4989.3], [1911.9, 4987.3], [1917.9, 4987.3], [1917.9, 4985.3], [1921.9, 4985.3], [1921.9, 5001.3], [1919.9, 5001.3], [1919.9, 5003.3], [1915.9, 5003.3], [1915.9, 5005.3], [1912.0, 5005.3]]]}, "properties": {"cell_id": 225}}, {"type": "Feature", "geometry": {"type": "Polygon", "coordinates": [[[1860.1, 4925.5], [1860.1, 4923.5], [1856.1, 4923.5], [1856.1, 4921.5], [1854.1, 4921.5], [1854.1, 4917.5], [1852.1, 4917.6], [1852.1, 4911.6], [1854.1, 4911.6], [1854.1, 4907.6], [1856.1, 4907.6], [1856.1, 4905.6], [1860.1, 4905.6], [1860.1, 4903.6], [1866.1, 4903.6], [1866.1, 4905.6], [1870.1, 4905.6], [1870.1, 4917.5], [1868.1, 4917.5], [1868.1, 4919.5], [1866.1, 4919.5], [1866.1, 4921.5], [1864.1, 4921.5], [1864.1, 4923.5], [1862.1, 4923.5], [1862.1, 4925.5], [1860.1, 4925.5]]]}, "properties": {"cell_id": 226}}, {"type": "Feature", "geometry": {"type": "Polygon", "coordinates": [[[1937.9, 4993.3], [1937.9, 4985.3], [1939.9, 4985.3], [1939.9, 4977.3], [1941.9, 4977.3], [1941.9, 4975.4], [1945.8, 4975.4], [1945.8, 4977.3], [1949.8, 4977.3], [1949.8, 4979.3], [1951.8, 4979.3], [1951.8, 4983.3], [1949.8, 4983.3], [1949.8, 4993.3], [1937.9, 4993.3]]]}, "properties": {"cell_id": 227}}, {"type": "Feature", "geometry": {"type": "Polygon", "coordinates": [[[538.2, 4606.7], [538.2, 4604.8], [536.2, 4604.8], [536.2, 4602.8], [532.2, 4602.8], [532.2, 4598.8], [530.2, 4598.8], [530.2, 4588.8], [532.2, 4588.8], [532.2, 4584.8], [534.2, 4584.8], [534.2, 4582.8], [538.2, 4582.8], [538.2, 4580.8], [546.1, 4580.8], [546.1, 4584.8], [548.1, 4584.8], [548.1, 4586.8], [550.1, 4586.8], [550.1, 4590.8], [552.1, 4590.8], [552.1, 4592.8], [554.1, 4592.8], [554.1, 4598.8], [552.1, 4598.8], [552.1, 4600.8], [550.1, 4600.8], [550.1, 4602.8], [546.1, 4602.8], [546.1, 4604.8], [542.1, 4604.8], [542.1, 4606.7], [538.2, 4606.7]]]}, "properties": {"cell_id": 228}}, {"type": "Feature", "geometry": {"type": "Polygon", "coordinates": [[[1417.4, 4504.9], [1417.4, 4502.9], [1415.4, 4502.9], [1415.4, 4498.9], [1413.4, 4498.9], [1413.4, 4496.9], [1417.4, 4496.9], [1417.4, 4495.0], [1419.4, 4495.0], [1419.4, 4493.0], [1421.4, 4493.0], [1421.4, 4491.0], [1423.4, 4491.0], [1423.4, 4489.0], [1429.4, 4489.0], [1429.4, 4491.0], [1433.4, 4491.0], [1433.4, 4493.0], [1435.3, 4493.0], [1435.3, 4502.9], [1433.4, 4502.9], [1433.4, 4504.9], [1417.4, 4504.9]]]}, "properties": {"cell_id": 229}}, {"type": "Feature", "geometry": {"type": "Polygon", "coordinates": [[[2087.4, 5035.1], [2087.4, 5033.1], [2083.4, 5033.1], [2083.4, 5031.2], [2081.4, 5031.2], [2081.4, 5029.2], [2079.4, 5029.2], [2079.4, 5027.2], [2081.4, 5027.2], [2081.4, 5023.2], [2083.4, 5023.2], [2083.4, 5021.2], [2085.4, 5021.2], [2085.4, 5017.2], [2095.4, 5017.2], [2095.4, 5019.2], [2099.4, 5019.2], [2099.4, 5021.2], [2103.4, 5021.2], [2103.4, 5025.2], [2101.4, 5025.2], [2101.4, 5029.2], [2099.4, 5029.2], [2099.4, 5031.2], [2097.4, 5031.2], [2097.4, 5033.1], [2093.4, 5033.1], [2093.4, 5035.1], [2087.4, 5035.1]]]}, "properties": {"cell_id": 230}}, {"type": "Feature", "geometry": {"type": "Polygon", "coordinates": [[[1222.1, 5055.2], [1222.1, 5053.2], [1218.1, 5053.2], [1218.1, 5051.2], [1216.1, 5051.2], [1216.1, 5047.2], [1214.1, 5047.2], [1214.1, 5041.3], [1216.1, 5041.3], [1216.1, 5037.3], [1232.1, 5037.3], [1232.1, 5053.2], [1230.1, 5053.2], [1230.1, 5055.2], [1222.1, 5055.2]]]}, "properties": {"cell_id": 231}}, {"type": "Feature", "geometry": {"type": "Polygon", "coordinates": [[[1911.9, 4963.4], [1911.9, 4961.4], [1909.9, 4961.4], [1909.9, 4959.4], [1908.0, 4959.4], [1908.0, 4957.4], [1906.0, 4957.4], [1906.0, 4955.4], [1904.0, 4955.4], [1904.0, 4953.4], [1906.0, 4953.4], [1906.0, 4949.4], [1908.0, 4949.4], [1908.0, 4947.4], [1911.9, 4947.4], [1911.9, 4945.5], [1915.9, 4945.5], [1915.9, 4943.5], [1921.9, 4943.5], [1921.9, 4945.5], [1925.9, 4945.5], [1925.9, 4955.4], [1923.9, 4955.4], [1923.9, 4959.4], [1921.9, 4959.4], [1921.9, 4961.4], [1919.9, 4961.4], [1919.9, 4963.4], [1911.9, 4963.4]]]}, "properties": {"cell_id": 232}}, {"type": "Feature", "geometry": {"type": "Polygon", "coordinates": [[[1890.0, 4991.3], [1890.0, 4985.3], [1892.0, 4985.3], [1892.0, 4983.3], [1896.0, 4983.3], [1896.0, 4981.3], [1898.0, 4981.3], [1898.0, 4979.3], [1900.0, 4979.3], [1900.0, 4975.4], [1904.0, 4975.4], [1904.0, 4987.3], [1900.0, 4987.3], [1900.0, 4989.3], [1894.0, 4989.3], [1894.0, 4991.3], [1890.0, 4991.3]]]}, "properties": {"cell_id": 233}}, {"type": "Feature", "geometry": {"type": "Polygon", "coordinates": [[[2486.2, 5009.2], [2486.2, 5007.2], [2484.2, 5007.2], [2484.2, 5003.2], [2482.2, 5003.2], [2482.2, 4999.2], [2484.2, 4999.2], [2484.2, 4997.2], [2486.2, 4997.2], [2486.2, 4995.2], [2488.2, 4995.2], [2488.2, 4993.2], [2494.1, 4993.2], [2494.1, 4991.2], [2498.1, 4991.2], [2498.1, 4989.2], [2500.1, 4989.2], [2500.1, 4991.2], [2502.1, 4991.2], [2502.1, 4995.2], [2504.1, 4995.2], [2504.1, 5001.2], [2502.1, 5001.2], [2502.1, 5003.2], [2498.1, 5003.2], [2498.1, 5005.2], [2496.1, 5005.2], [2496.1, 5007.2], [2492.1, 5007.2], [2492.1, 5009.2], [2486.2, 5009.2]]]}, "properties": {"cell_id": 234}}, {"type": "Feature", "geometry": {"type": "Polygon", "coordinates": [[[2177.1, 4821.8], [2177.1, 4819.8], [2175.1, 4819.8], [2175.1, 4817.8], [2177.1, 4817.8], [2177.1, 4807.8], [2179.1, 4807.8], [2179.1, 4803.9], [2181.1, 4803.9], [2181.1, 4801.9], [2183.1, 4801.9], [2183.1, 4799.9], [2187.1, 4799.9], [2187.1, 4797.9], [2195.0, 4797.9], [2195.0, 4799.9], [2199.0, 4799.9], [2199.0, 4801.9], [2201.0, 4801.9], [2201.0, 4809.8], [2197.0, 4809.8], [2197.0, 4811.8], [2195.0, 4811.8], [2195.0, 4813.8], [2193.0, 4813.8], [2193.0, 4815.8], [2189.1, 4815.8], [2189.1, 4817.8], [2187.1, 4817.8], [2187.1, 4819.8], [2183.1, 4819.8], [2183.1, 4821.8], [2177.1, 4821.8]]]}, "properties": {"cell_id": 235}}, {"type": "Feature", "geometry": {"type": "Polygon", "coordinates": [[[747.5, 4509.0], [747.5, 4507.0], [745.5, 4507.0], [745.5, 4505.0], [743.5, 4505.0], [743.5, 4501.0], [741.5, 4501.0], [741.5, 4497.1], [739.5, 4497.1], [739.5, 4493.1], [741.5, 4493.1], [741.5, 4489.1], [743.5, 4489.1], [743.5, 4487.1], [747.5, 4487.1], [747.5, 4485.1], [755.5, 4485.1], [755.5, 4487.1], [759.4, 4487.1], [759.4, 4495.1], [757.5, 4495.1], [757.5, 4507.0], [753.5, 4507.0], [753.5, 4509.0], [747.5, 4509.0]]]}, "properties": {"cell_id": 236}}, {"type": "Feature", "geometry": {"type": "Polygon", "coordinates": [[[1784.4, 5061.1], [1784.4, 5059.1], [1782.4, 5059.1], [1782.4, 5055.1], [1780.4, 5055.1], [1780.4, 5053.1], [1782.4, 5053.1], [1782.4, 5051.1], [1794.3, 5051.1], [1794.3, 5059.1], [1788.3, 5059.1], [1788.3, 5061.1], [1784.4, 5061.1]]]}, "properties": {"cell_id": 237}}, {"type": "Feature", "geometry": {"type": "Polygon", "coordinates": [[[586.0, 4552.9], [586.0, 4550.9], [582.0, 4550.9], [582.0, 4548.9], [580.0, 4548.9], [580.0, 4546.9], [578.0, 4546.9], [578.0, 4542.9], [576.0, 4542.9], [576.0, 4537.0], [578.0, 4537.0], [578.0, 4533.0], [580.0, 4533.0], [580.0, 4531.0], [582.0, 4531.0], [582.0, 4529.0], [594.0, 4529.0], [594.0, 4531.0], [598.0, 4531.0], [598.0, 4533.0], [600.0, 4533.0], [600.0, 4535.0], [598.0, 4535.0], [598.0, 4539.0], [596.0, 4539.0], [596.0, 4544.9], [594.0, 4544.9], [594.0, 4546.9], [592.0, 4546.9], [592.0, 4550.9], [590.0, 4550.9], [590.0, 4552.9], [586.0, 4552.9]]]}, "properties": {"cell_id": 238}}, {"type": "Feature", "geometry": {"type": "Polygon", "coordinates": [[[1646.8, 5067.1], [1646.8, 5065.1], [1642.8, 5065.1], [1642.8, 5063.1], [1640.8, 5063.1], [1640.8, 5059.1], [1638.8, 5059.1], [1638.8, 5053.2], [1640.8, 5053.2], [1640.8, 5051.2], [1646.8, 5051.2], [1646.8, 5049.2], [1654.8, 5049.2], [1654.8, 5057.1], [1656.8, 5057.1], [1656.8, 5063.1], [1652.8, 5063.1], [1652.8, 5065.1], [1650.8, 5065.1], [1650.8, 5067.1], [1646.8, 5067.1]]]}, "properties": {"cell_id": 239}}, {"type": "Feature", "geometry": {"type": "Polygon", "coordinates": [[[1531.1, 5081.1], [1531.1, 5079.1], [1529.2, 5079.1], [1529.2, 5077.1], [1527.2, 5077.1], [1527.2, 5069.1], [1525.2, 5069.1], [1525.2, 5061.2], [1527.2, 5061.2], [1527.2, 5059.2], [1531.1, 5059.2], [1531.1, 5057.2], [1535.1, 5057.2], [1535.1, 5059.2], [1537.1, 5059.2], [1537.1, 5061.2], [1539.1, 5061.2], [1539.1, 5067.1], [1541.1, 5067.1], [1541.1, 5069.1], [1543.1, 5069.1], [1543.1, 5073.1], [1541.1, 5073.1], [1541.1, 5075.1], [1539.1, 5075.1], [1539.1, 5077.1], [1537.1, 5077.1], [1537.1, 5079.1], [1533.1, 5079.1], [1533.1, 5081.1], [1531.1, 5081.1]]]}, "properties": {"cell_id": 240}}, {"type": "Feature", "geometry": {"type": "Polygon", "coordinates": [[[673.8, 4724.4], [673.8, 4722.4], [669.8, 4722.4], [669.8, 4720.4], [667.8, 4720.4], [667.8, 4718.4], [665.8, 4718.4], [665.8, 4714.4], [663.8, 4714.4], [663.8, 4712.4], [665.8, 4712.4], [665.8, 4708.4], [667.8, 4708.4], [667.8, 4706.4], [669.8, 4706.4], [669.8, 4704.4], [673.8, 4704.4], [673.8, 4702.4], [677.7, 4702.4], [677.7, 4704.4], [681.7, 4704.4], [681.7, 4706.4], [683.7, 4706.4], [683.7, 4710.4], [685.7, 4710.4], [685.7, 4714.4], [687.7, 4714.4], [687.7, 4716.4], [685.7, 4716.4], [685.7, 4720.4], [683.7, 4720.4], [683.7, 4722.4], [679.7, 4722.4], [679.7, 4724.4], [673.8, 4724.4]]]}, "properties": {"cell_id": 241}}, {"type": "Feature", "geometry": {"type": "Polygon", "coordinates": [[[2061.5, 4961.4], [2061.5, 4959.4], [2059.5, 4959.4], [2059.5, 4949.4], [2061.5, 4949.4], [2061.5, 4947.4], [2067.5, 4947.4], [2067.5, 4949.4], [2071.4, 4949.4], [2071.4, 4947.4], [2075.4, 4947.4], [2075.4, 4955.4], [2073.4, 4955.4], [2073.4, 4957.4], [2071.4, 4957.4], [2071.4, 4959.4], [2065.5, 4959.4], [2065.5, 4961.4], [2061.5, 4961.4]]]}, "properties": {"cell_id": 242}}, {"type": "Feature", "geometry": {"type": "Polygon", "coordinates": [[[2330.6, 4991.2], [2330.6, 4987.3], [2328.7, 4987.3], [2328.6, 4985.3], [2326.7, 4985.3], [2326.7, 4983.3], [2324.7, 4983.3], [2324.7, 4979.3], [2322.7, 4979.3], [2322.7, 4973.3], [2324.7, 4973.3], [2324.7, 4971.3], [2340.6, 4971.3], [2340.6, 4989.2], [2332.6, 4989.2], [2332.6, 4991.2], [2330.6, 4991.2]]]}, "properties": {"cell_id": 243}}, {"type": "Feature", "geometry": {"type": "Polygon", "coordinates": [[[731.5, 4519.0], [731.5, 4517.0], [727.6, 4517.0], [727.6, 4515.0], [725.6, 4515.0], [725.6, 4511.0], [723.6, 4511.0], [723.6, 4503.0], [725.6, 4503.0], [725.6, 4499.1], [727.5, 4499.1], [727.5, 4497.1], [729.5, 4497.1], [729.5, 4495.1], [733.5, 4495.1], [733.5, 4493.1], [737.5, 4493.1], [737.5, 4495.1], [739.5, 4495.1], [739.5, 4497.1], [741.5, 4497.1], [741.5, 4501.0], [743.5, 4501.0], [743.5, 4505.0], [745.5, 4505.0], [745.5, 4511.0], [743.5, 4511.0], [743.5, 4515.0], [741.5, 4515.0], [741.5, 4517.0], [737.5, 4517.0], [737.5, 4519.0], [731.5, 4519.0]]]}, "properties": {"cell_id": 244}}, {"type": "Feature", "geometry": {"type": "Polygon", "coordinates": [[[1128.3, 4700.4], [1128.3, 4698.4], [1126.3, 4698.4], [1126.3, 4696.4], [1124.3, 4696.4], [1124.3, 4694.4], [1122.4, 4694.4], [1122.4, 4692.4], [1120.4, 4692.4], [1120.4, 4690.4], [1118.4, 4690.4], [1118.4, 4684.4], [1120.4, 4684.4], [1120.4, 4680.4], [1122.4, 4680.4], [1122.4, 4678.4], [1126.3, 4678.4], [1126.3, 4676.4], [1134.3, 4676.4], [1134.3, 4678.4], [1138.3, 4678.4], [1138.3, 4680.4], [1140.3, 4680.4], [1140.3, 4684.4], [1142.3, 4684.4], [1142.3, 4688.4], [1140.3, 4688.4], [1140.3, 4692.4], [1138.3, 4692.4], [1138.3, 4694.4], [1136.3, 4694.4], [1136.3, 4696.4], [1134.3, 4696.4], [1134.3, 4698.4], [1130.3, 4698.4], [1130.3, 4700.4], [1128.3, 4700.4]]]}, "properties": {"cell_id": 245}}, {"type": "Feature", "geometry": {"type": "Polygon", "coordinates": [[[1600.9, 4917.6], [1600.9, 4915.6], [1596.9, 4915.6], [1596.9, 4911.6], [1594.9, 4911.6], [1594.9, 4899.6], [1596.9, 4899.6], [1596.9, 4897.7], [1598.9, 4897.7], [1598.9, 4895.7], [1600.9, 4895.7], [1600.9, 4893.7], [1602.9, 4893.7], [1602.9, 4895.7], [1610.9, 4895.7], [1610.9, 4897.7], [1612.9, 4897.7], [1612.9, 4901.6], [1614.9, 4901.6], [1614.9, 4907.6], [1612.9, 4907.6], [1612.9, 4911.6], [1610.9, 4911.6], [1610.9, 4913.6], [1606.9, 4913.6], [1606.9, 4915.6], [1602.9, 4915.6], [1602.9, 4917.6], [1600.9, 4917.6]]]}, "properties": {"cell_id": 246}}, {"type": "Feature", "geometry": {"type": "Polygon", "coordinates": [[[1622.8, 4686.3], [1622.8, 4684.3], [1618.8, 4684.3], [1618.8, 4682.3], [1616.8, 4682.3], [1616.8, 4680.3], [1614.8, 4680.3], [1614.8, 4676.3], [1612.8, 4676.3], [1612.8, 4668.4], [1614.8, 4668.4], [1614.8, 4664.4], [1616.8, 4664.4], [1616.8, 4662.4], [1620.8, 4662.4], [1620.8, 4660.4], [1628.8, 4660.4], [1628.8, 4662.4], [1632.8, 4662.4], [1632.8, 4664.4], [1634.8, 4664.4], [1634.8, 4668.4], [1636.7, 4668.4], [1636.8, 4676.3], [1634.8, 4676.3], [1634.8, 4680.3], [1632.8, 4680.3], [1632.8, 4682.3], [1628.8, 4682.3], [1628.8, 4684.3], [1626.8, 4684.3], [1626.8, 4686.3], [1622.8, 4686.3]]]}, "properties": {"cell_id": 247}}, {"type": "Feature", "geometry": {"type": "Polygon", "coordinates": [[[2464.2, 5049.0], [2464.2, 5047.0], [2460.3, 5047.0], [2460.3, 5045.0], [2458.3, 5045.0], [2458.3, 5043.1], [2460.2, 5043.1], [2460.2, 5037.1], [2462.2, 5037.1], [2462.2, 5031.1], [2464.2, 5031.1], [2464.2, 5029.1], [2466.2, 5029.1], [2466.2, 5027.1], [2474.2, 5027.1], [2474.2, 5029.1], [2478.2, 5029.1], [2478.2, 5031.1], [2480.2, 5031.1], [2480.2, 5035.1], [2482.2, 5035.1], [2482.2, 5039.1], [2480.2, 5039.1], [2480.2, 5043.1], [2478.2, 5043.1], [2478.2, 5045.0], [2476.2, 5045.0], [2476.2, 5047.0], [2472.2, 5047.0], [2472.2, 5049.0], [2464.2, 5049.0]]]}, "properties": {"cell_id": 248}}, {"type": "Feature", "geometry": {"type": "Polygon", "coordinates": [[[2145.2, 5017.2], [2145.2, 5015.2], [2141.2, 5015.2], [2141.2, 5009.2], [2139.2, 5009.2], [2139.2, 5003.2], [2137.2, 5003.2], [2137.2, 4999.2], [2135.3, 4999.2], [2135.3, 4995.3], [2137.2, 4995.3], [2137.2, 4991.3], [2141.2, 4991.3], [2141.2, 4989.3], [2149.2, 4989.3], [2149.2, 4991.3], [2153.2, 4991.3], [2153.2, 4993.3], [2155.2, 4993.3], [2155.2, 4995.3], [2157.2, 4995.3], [2157.2, 4999.2], [2159.2, 4999.2], [2159.2, 5001.2], [2157.2, 5001.2], [2157.2, 5003.2], [2155.2, 5003.2], [2155.2, 5007.2], [2153.2, 5007.2], [2153.2, 5009.2], [2151.2, 5009.2], [2151.2, 5015.2], [2149.2, 5015.2], [2149.2, 5017.2], [2145.2, 5017.2]]]}, "properties": {"cell_id": 249}}, {"type": "Feature", "geometry": {"type": "Polygon", "coordinates": [[[2482.2, 4913.5], [2482.2, 4911.5], [2478.2, 4911.5], [2478.2, 4909.5], [2476.2, 4909.5], [2476.2, 4903.5], [2474.2, 4903.5], [2474.2, 4899.5], [2472.2, 4899.5], [2472.2, 4895.5], [2474.2, 4895.5], [2474.2, 4891.5], [2476.2, 4891.5], [2476.2, 4889.5], [2480.2, 4889.5], [2480.2, 4887.5], [2482.2, 4887.5], [2482.2, 4889.5], [2486.1, 4889.5], [2486.1, 4891.5], [2490.1, 4891.5], [2490.1, 4893.5], [2492.1, 4893.5], [2492.1, 4907.5], [2490.1, 4907.5], [2490.1, 4909.5], [2488.1, 4909.5], [2488.1, 4911.5], [2484.2, 4911.5], [2484.2, 4913.5], [2482.2, 4913.5]]]}, "properties": {"cell_id": 250}}, {"type": "Feature", "geometry": {"type": "Polygon", "coordinates": [[[625.9, 4568.9], [625.9, 4566.9], [623.9, 4566.9], [623.9, 4548.9], [625.9, 4548.9], [625.9, 4550.9], [629.9, 4550.9], [629.9, 4552.9], [633.9, 4552.9], [633.9, 4554.9], [637.8, 4554.9], [637.8, 4556.9], [639.8, 4556.9], [639.8, 4560.9], [637.8, 4560.9], [637.8, 4566.9], [633.9, 4566.9], [633.9, 4568.9], [625.9, 4568.9]]]}, "properties": {"cell_id": 251}}, {"type": "Feature", "geometry": {"type": "Polygon", "coordinates": [[[2221.0, 5019.2], [2221.0, 5017.2], [2215.0, 5017.2], [2215.0, 5015.2], [2211.0, 5015.2], [2211.0, 5013.2], [2209.0, 5013.2], [2209.0, 5007.2], [2211.0, 5007.2], [2211.0, 5003.2], [2213.0, 5003.2], [2213.0, 5001.2], [2217.0, 5001.2], [2217.0, 4999.2], [2231.0, 4999.2], [2231.0, 5001.2], [2233.0, 5001.2], [2233.0, 5003.2], [2234.9, 5003.2], [2234.9, 5007.2], [2236.9, 5007.2], [2236.9, 5009.2], [2234.9, 5009.2], [2234.9, 5011.2], [2231.0, 5011.2], [2231.0, 5013.2], [2227.0, 5013.2], [2227.0, 5015.2], [2225.0, 5015.2], [2225.0, 5017.2], [2223.0, 5017.2], [2223.0, 5019.2], [2221.0, 5019.2]]]}, "properties": {"cell_id": 252}}, {"type": "Feature", "geometry": {"type": "Polygon", "coordinates": [[[1632.8, 4738.2], [1632.8, 4736.2], [1628.8, 4736.2], [1628.8, 4728.2], [1630.8, 4728.2], [1630.8, 4718.2], [1644.7, 4718.2], [1644.7, 4722.2], [1646.7, 4722.2], [1646.7, 4728.2], [1644.7, 4728.2], [1644.7, 4732.2], [1642.7, 4732.2], [1642.7, 4734.2], [1638.8, 4734.2], [1638.8, 4736.2], [1634.8, 4736.2], [1634.8, 4738.2], [1632.8, 4738.2]]]}, "properties": {"cell_id": 253}}, {"type": "Feature", "geometry": {"type": "Polygon", "coordinates": [[[1563.0, 5061.1], [1563.0, 5059.2], [1559.1, 5059.2], [1559.1, 5053.2], [1557.1, 5053.2], [1557.1, 5051.2], [1559.1, 5051.2], [1559.1, 5047.2], [1561.1, 5047.2], [1561.1, 5045.2], [1565.0, 5045.2], [1565.0, 5043.2], [1567.0, 5043.2], [1567.0, 5041.2], [1569.0, 5041.2], [1569.0, 5039.2], [1571.0, 5039.2], [1571.0, 5041.2], [1577.0, 5041.2], [1577.0, 5043.2], [1579.0, 5043.2], [1579.0, 5045.2], [1581.0, 5045.2], [1581.0, 5049.2], [1579.0, 5049.2], [1579.0, 5053.2], [1577.0, 5053.2], [1577.0, 5055.2], [1575.0, 5055.2], [1575.0, 5057.2], [1573.0, 5057.2], [1573.0, 5059.2], [1569.0, 5059.2], [1569.0, 5061.1], [1563.0, 5061.1]]]}, "properties": {"cell_id": 254}}, {"type": "Feature", "geometry": {"type": "Polygon", "coordinates": [[[2141.1, 4496.8], [2141.1, 4494.8], [2137.2, 4494.8], [2137.2, 4492.8], [2135.2, 4492.8], [2135.2, 4490.8], [2133.2, 4490.8], [2133.2, 4488.9], [2135.2, 4488.9], [2135.2, 4484.9], [2137.2, 4484.9], [2137.2, 4482.9], [2139.2, 4482.9], [2139.2, 4476.9], [2141.1, 4476.9], [2141.1, 4472.9], [2145.1, 4472.9], [2145.1, 4474.9], [2149.1, 4474.9], [2149.1, 4476.9], [2151.1, 4476.9], [2151.1, 4480.9], [2153.1, 4480.9], [2153.1, 4486.9], [2151.1, 4486.9], [2151.1, 4490.8], [2149.1, 4490.8], [2149.1, 4492.8], [2145.1, 4492.8], [2145.1, 4494.8], [2143.1, 4494.8], [2143.1, 4496.8], [2141.1, 4496.8]]]}, "properties": {"cell_id": 255}}, {"type": "Feature", "geometry": {"type": "Polygon", "coordinates": [[[1888.0, 4989.3], [1888.0, 4987.3], [1886.0, 4987.3], [1886.0, 4985.3], [1884.0, 4985.3], [1884.0, 4979.4], [1882.0, 4979.4], [1882.0, 4975.4], [1880.0, 4975.4], [1880.0, 4969.4], [1882.0, 4969.4], [1882.0, 4967.4], [1884.0, 4967.4], [1884.0, 4965.4], [1888.0, 4965.4], [1888.0, 4963.4], [1892.0, 4963.4], [1892.0, 4967.4], [1894.0, 4967.4], [1894.0, 4971.4], [1896.0, 4971.4], [1896.0, 4973.4], [1898.0, 4973.4], [1898.0, 4975.4], [1900.0, 4975.4], [1900.0, 4979.3], [1898.0, 4979.3], [1898.0, 4981.3], [1896.0, 4981.3], [1896.0, 4983.3], [1892.0, 4983.3], [1892.0, 4985.3], [1890.0, 4985.3], [1890.0, 4989.3], [1888.0, 4989.3]]]}, "properties": {"cell_id": 256}}, {"type": "Feature", "geometry": {"type": "Polygon", "coordinates": [[[526.2, 4871.9], [526.2, 4869.9], [524.2, 4869.9], [524.2, 4867.9], [518.3, 4867.9], [518.3, 4865.9], [516.3, 4865.9], [516.3, 4863.9], [514.3, 4863.9], [514.3, 4856.0], [516.3, 4856.0], [516.3, 4852.0], [518.3, 4852.0], [518.3, 4850.0], [522.3, 4850.0], [522.3, 4848.0], [528.2, 4848.0], [528.2, 4850.0], [532.2, 4850.0], [532.2, 4852.0], [534.2, 4852.0], [534.2, 4854.0], [536.2, 4854.0], [536.2, 4858.0], [538.2, 4858.0], [538.2, 4863.9], [536.2, 4863.9], [536.2, 4867.9], [534.2, 4867.9], [534.2, 4869.9], [530.2, 4869.9], [530.2, 4871.9], [526.2, 4871.9]]]}, "properties": {"cell_id": 257}}, {"type": "Feature", "geometry": {"type": "Polygon", "coordinates": [[[1602.9, 4975.4], [1602.9, 4973.4], [1600.9, 4973.4], [1600.9, 4967.4], [1598.9, 4967.4], [1598.9, 4965.4], [1596.9, 4965.4], [1596.9, 4959.5], [1598.9, 4959.5], [1598.9, 4957.5], [1614.9, 4957.5], [1614.9, 4961.5], [1616.9, 4961.5], [1616.9, 4967.4], [1614.9, 4967.4], [1614.9, 4971.4], [1612.9, 4971.4], [1612.9, 4973.4], [1608.9, 4973.4], [1608.9, 4975.4], [1602.9, 4975.4]]]}, "properties": {"cell_id": 258}}, {"type": "Feature", "geometry": {"type": "Polygon", "coordinates": [[[2143.1, 4526.7], [2143.1, 4524.7], [2139.2, 4524.7], [2139.2, 4522.7], [2137.2, 4522.7], [2137.2, 4518.8], [2135.2, 4518.8], [2135.2, 4516.8], [2137.2, 4516.8], [2137.2, 4512.8], [2139.2, 4512.8], [2139.2, 4508.8], [2141.2, 4508.8], [2141.2, 4506.8], [2143.1, 4506.8], [2143.1, 4508.8], [2157.1, 4508.8], [2157.1, 4512.8], [2159.1, 4512.8], [2159.1, 4518.8], [2157.1, 4518.8], [2157.1, 4522.7], [2155.1, 4522.7], [2155.1, 4524.7], [2151.1, 4524.7], [2151.1, 4526.7], [2143.1, 4526.7]]]}, "properties": {"cell_id": 259}}, {"type": "Feature", "geometry": {"type": "Polygon", "coordinates": [[[1858.1, 4883.7], [1858.1, 4881.7], [1856.1, 4881.7], [1856.1, 4879.7], [1854.1, 4879.7], [1854.1, 4875.7], [1852.1, 4875.7], [1852.1, 4869.7], [1854.1, 4869.7], [1854.1, 4865.7], [1856.1, 4865.7], [1856.1, 4863.7], [1858.1, 4863.7], [1858.1, 4861.7], [1862.1, 4861.7], [1862.1, 4859.7], [1866.1, 4859.7], [1866.1, 4861.7], [1870.1, 4861.7], [1870.1, 4863.7], [1872.1, 4863.7], [1872.1, 4867.7], [1874.0, 4867.7], [1874.0, 4869.7], [1872.1, 4869.7], [1872.1, 4871.7], [1870.1, 4871.7], [1870.1, 4873.7], [1868.1, 4873.7], [1868.1, 4875.7], [1866.1, 4875.7], [1866.1, 4879.7], [1864.1, 4879.7], [1864.1, 4883.7], [1858.1, 4883.7]]]}, "properties": {"cell_id": 260}}, {"type": "Feature", "geometry": {"type": "Polygon", "coordinates": [[[1573.0, 4985.4], [1573.0, 4983.4], [1571.0, 4983.4], [1571.0, 4981.4], [1569.0, 4981.4], [1569.0, 4975.4], [1567.0, 4975.4], [1567.0, 4967.4], [1565.0, 4967.4], [1565.0, 4963.5], [1567.0, 4963.5], [1567.0, 4961.5], [1571.0, 4961.5], [1571.0, 4959.5], [1577.0, 4959.5], [1577.0, 4961.5], [1581.0, 4961.5], [1581.0, 4969.4], [1583.0, 4969.4], [1583.0, 4971.4], [1585.0, 4971.4], [1585.0, 4975.4], [1587.0, 4975.4], [1587.0, 4977.4], [1585.0, 4977.4], [1585.0, 4979.4], [1583.0, 4979.4], [1583.0, 4981.4], [1581.0, 4981.4], [1581.0, 4983.4], [1579.0, 4983.4], [1579.0, 4985.4], [1573.0, 4985.4]]]}, "properties": {"cell_id": 261}}, {"type": "Feature", "geometry": {"type": "Polygon", "coordinates": [[[1772.3, 4782.0], [1772.3, 4780.0], [1768.4, 4780.0], [1768.4, 4778.0], [1766.4, 4778.0], [1766.4, 4776.0], [1764.4, 4776.0], [1764.4, 4772.0], [1762.4, 4772.0], [1762.4, 4770.0], [1764.4, 4770.0], [1764.4, 4766.0], [1768.4, 4766.0], [1768.4, 4764.0], [1770.3, 4764.0], [1770.3, 4762.1], [1772.3, 4762.1], [1772.3, 4760.1], [1774.3, 4760.1], [1774.3, 4758.1], [1776.3, 4758.1], [1776.3, 4760.1], [1780.3, 4760.1], [1780.3, 4762.1], [1784.3, 4762.1], [1784.3, 4764.0], [1786.3, 4764.0], [1786.3, 4768.0], [1788.3, 4768.0], [1788.3, 4774.0], [1786.3, 4774.0], [1786.3, 4778.0], [1784.3, 4778.0], [1784.3, 4780.0], [1780.3, 4780.0], [1780.3, 4782.0], [1772.3, 4782.0]]]}, "properties": {"cell_id": 262}}, {"type": "Feature", "geometry": {"type": "Polygon", "coordinates": [[[1768.4, 5007.3], [1768.4, 5005.3], [1764.4, 5005.3], [1764.4, 5003.3], [1762.4, 5003.3], [1762.4, 5001.3], [1760.4, 5001.3], [1760.4, 4999.3], [1758.4, 4999.3], [1758.4, 4997.3], [1756.4, 4997.3], [1756.4, 4995.3], [1758.4, 4995.3], [1758.4, 4991.3], [1760.4, 4991.3], [1760.4, 4989.3], [1762.4, 4989.3], [1762.4, 4987.3], [1766.4, 4987.3], [1766.4, 4985.4], [1768.4, 4985.4], [1768.4, 4987.3], [1772.4, 4987.3], [1772.4, 4989.3], [1774.4, 4989.3], [1774.4, 4991.3], [1776.4, 4991.3], [1776.4, 4995.3], [1778.4, 4995.3], [1778.4, 5001.3], [1776.4, 5001.3], [1776.4, 5005.3], [1774.4, 5005.3], [1774.4, 5007.3], [1768.4, 5007.3]]]}, "properties": {"cell_id": 263}}, {"type": "Feature", "geometry": {"type": "Polygon", "coordinates": [[[2488.1, 4833.7], [2488.1, 4831.7], [2486.1, 4831.7], [2486.1, 4829.7], [2484.1, 4829.7], [2484.1, 4827.7], [2482.1, 4827.7], [2482.1, 4825.7], [2480.2, 4825.7], [2480.2, 4821.7], [2478.2, 4821.7], [2478.2, 4819.8], [2476.2, 4819.8], [2476.2, 4817.8], [2478.2, 4817.8], [2478.2, 4815.8], [2480.1, 4815.8], [2480.1, 4813.8], [2482.1, 4813.8], [2482.1, 4811.8], [2486.1, 4811.8], [2486.1, 4809.8], [2490.1, 4809.8], [2490.1, 4811.8], [2494.1, 4811.8], [2494.1, 4813.8], [2496.1, 4813.8], [2496.1, 4815.8], [2498.1, 4815.8], [2498.1, 4819.8], [2500.1, 4819.8], [2500.1, 4821.7], [2498.1, 4821.7], [2498.1, 4825.7], [2496.1, 4825.7], [2496.1, 4827.7], [2494.1, 4827.7], [2494.1, 4829.7], [2492.1, 4829.7], [2492.1, 4831.7], [2490.1, 4831.7], [2490.1, 4833.7], [2488.1, 4833.7]]]}, "properties": {"cell_id": 264}}, {"type": "Feature", "geometry": {"type": "Polygon", "coordinates": [[[586.0, 4694.5], [586.0, 4692.5], [584.0, 4692.5], [584.0, 4690.5], [582.0, 4690.5], [582.0, 4688.5], [578.0, 4688.5], [578.0, 4686.5], [576.1, 4686.5], [576.1, 4684.5], [574.1, 4684.5], [574.1, 4682.5], [572.1, 4682.5], [572.1, 4680.5], [574.1, 4680.5], [574.1, 4676.5], [576.1, 4676.5], [576.1, 4674.5], [578.0, 4674.5], [578.0, 4676.5], [582.0, 4676.5], [582.0, 4678.5], [584.0, 4678.5], [584.0, 4680.5], [590.0, 4680.5], [590.0, 4682.5], [594.0, 4682.5], [594.0, 4684.5], [596.0, 4684.5], [596.0, 4688.5], [594.0, 4688.5], [594.0, 4692.5], [592.0, 4692.5], [592.0, 4694.5], [586.0, 4694.5]]]}, "properties": {"cell_id": 265}}, {"type": "Feature", "geometry": {"type": "Polygon", "coordinates": [[[683.7, 4844.0], [683.7, 4842.0], [679.8, 4842.0], [679.8, 4840.0], [677.8, 4840.0], [677.8, 4836.0], [675.8, 4836.0], [675.8, 4828.0], [677.8, 4828.0], [677.8, 4824.0], [679.8, 4824.0], [679.8, 4822.0], [683.7, 4822.0], [683.7, 4820.1], [687.7, 4820.1], [687.7, 4822.0], [689.7, 4822.0], [689.7, 4824.0], [691.7, 4824.0], [691.7, 4826.0], [693.7, 4826.0], [693.7, 4828.0], [695.7, 4828.0], [695.7, 4834.0], [693.7, 4834.0], [693.7, 4838.0], [691.7, 4838.0], [691.7, 4840.0], [689.7, 4840.0], [689.7, 4844.0], [683.7, 4844.0]]]}, "properties": {"cell_id": 266}}, {"type": "Feature", "geometry": {"type": "Polygon", "coordinates": [[[2442.3, 4999.2], [2442.3, 4997.2], [2440.3, 4997.2], [2440.3, 4993.2], [2438.3, 4993.2], [2438.3, 4989.2], [2440.3, 4989.2], [2440.3, 4985.2], [2442.3, 4985.2], [2442.3, 4981.3], [2444.3, 4981.3], [2444.3, 4979.3], [2448.3, 4979.3], [2448.3, 4977.3], [2454.3, 4977.3], [2454.3, 4979.3], [2458.2, 4979.3], [2458.2, 4987.2], [2460.2, 4987.2], [2460.2, 4993.2], [2458.2, 4993.2], [2458.2, 4995.2], [2456.3, 4995.2], [2456.3, 4999.2], [2442.3, 4999.2]]]}, "properties": {"cell_id": 267}}, {"type": "Feature", "geometry": {"type": "Polygon", "coordinates": [[[1604.9, 4943.5], [1604.9, 4931.5], [1606.9, 4931.5], [1606.9, 4927.6], [1608.9, 4927.6], [1608.9, 4925.6], [1610.9, 4925.6], [1610.9, 4923.6], [1614.9, 4923.6], [1614.9, 4921.6], [1618.8, 4921.6], [1618.8, 4923.6], [1622.8, 4923.6], [1622.8, 4925.6], [1624.8, 4925.6], [1624.8, 4927.6], [1626.8, 4927.6], [1626.8, 4931.5], [1628.8, 4931.5], [1628.8, 4937.5], [1626.8, 4937.5], [1626.8, 4941.5], [1612.9, 4941.5], [1612.9, 4943.5], [1604.9, 4943.5]]]}, "properties": {"cell_id": 268}}, {"type": "Feature", "geometry": {"type": "Polygon", "coordinates": [[[994.8, 4931.6], [994.8, 4929.7], [990.8, 4929.7], [990.8, 4927.7], [988.8, 4927.7], [988.8, 4923.7], [986.8, 4923.7], [986.8, 4915.7], [988.8, 4915.7], [988.8, 4911.7], [990.8, 4911.7], [990.8, 4909.7], [994.8, 4909.7], [994.8, 4907.7], [996.8, 4907.7], [996.8, 4909.7], [998.8, 4909.7], [998.8, 4911.7], [1000.8, 4911.7], [1000.8, 4913.7], [1002.8, 4913.7], [1002.8, 4915.7], [1006.8, 4915.7], [1006.8, 4917.7], [1010.7, 4917.7], [1010.7, 4923.7], [1008.7, 4923.7], [1008.7, 4927.7], [1006.8, 4927.7], [1006.8, 4929.7], [1002.8, 4929.7], [1002.8, 4931.6], [994.8, 4931.6]]]}, "properties": {"cell_id": 269}}, {"type": "Feature", "geometry": {"type": "Polygon", "coordinates": [[[2115.3, 4728.1], [2115.3, 4726.1], [2111.3, 4726.1], [2111.3, 4724.1], [2109.3, 4724.1], [2109.3, 4722.1], [2107.3, 4722.1], [2107.3, 4718.1], [2105.3, 4718.1], [2105.3, 4714.1], [2107.3, 4714.1], [2107.3, 4712.2], [2111.3, 4712.2], [2111.3, 4710.2], [2115.3, 4710.2], [2115.3, 4708.2], [2119.3, 4708.2], [2119.3, 4706.2], [2125.2, 4706.2], [2125.2, 4708.2], [2127.2, 4708.2], [2127.2, 4712.2], [2129.2, 4712.2], [2129.2, 4718.1], [2127.2, 4718.1], [2127.2, 4722.1], [2125.2, 4722.1], [2125.2, 4724.1], [2123.2, 4724.1], [2123.2, 4726.1], [2119.3, 4726.1], [2119.3, 4728.1], [2115.3, 4728.1]]]}, "properties": {"cell_id": 270}}, {"type": "Feature", "geometry": {"type": "Polygon", "coordinates": [[[1836.2, 5017.2], [1836.2, 5015.2], [1832.2, 5015.2], [1832.2, 5005.3], [1830.2, 5005.3], [1830.2, 5003.3], [1832.2, 5003.3], [1832.2, 4999.3], [1838.2, 4999.3], [1838.2, 5001.3], [1840.2, 5001.3], [1840.2, 5003.3], [1842.2, 5003.3], [1842.2, 5005.3], [1844.2, 5005.3], [1844.2, 5007.3], [1846.2, 5007.3], [1846.2, 5009.3], [1848.2, 5009.3], [1848.2, 5013.2], [1846.2, 5013.2], [1846.2, 5015.2], [1842.2, 5015.2], [1842.2, 5017.2], [1836.2, 5017.2]]]}, "properties": {"cell_id": 271}}, {"type": "Feature", "geometry": {"type": "Polygon", "coordinates": [[[1754.5, 5107.0], [1754.5, 5103.0], [1752.5, 5103.0], [1752.5, 5095.0], [1750.5, 5095.0], [1750.5, 5087.0], [1752.5, 5087.0], [1752.5, 5085.0], [1756.4, 5085.0], [1756.4, 5089.0], [1758.4, 5089.0], [1758.4, 5091.0], [1762.4, 5091.0], [1762.4, 5093.0], [1764.4, 5093.0], [1764.4, 5095.0], [1762.4, 5095.0], [1762.4, 5101.0], [1760.4, 5101.0], [1760.4, 5103.0], [1758.4, 5103.0], [1758.4, 5107.0], [1754.5, 5107.0]]]}, "properties": {"cell_id": 272}}, {"type": "Feature", "geometry": {"type": "Polygon", "coordinates": [[[508.2, 4511.1], [508.2, 4509.1], [504.2, 4509.1], [504.2, 4507.1], [502.3, 4507.1], [502.3, 4505.1], [500.3, 4505.1], [500.3, 4503.1], [498.3, 4503.1], [498.3, 4501.1], [496.3, 4501.1], [496.3, 4497.1], [494.3, 4497.1], [494.3, 4493.1], [496.3, 4493.1], [496.3, 4489.1], [498.3, 4489.1], [498.3, 4487.1], [500.3, 4487.1], [500.3, 4485.1], [504.2, 4485.1], [504.2, 4483.1], [512.2, 4483.1], [512.2, 4485.1], [516.2, 4485.1], [516.2, 4487.1], [518.2, 4487.1], [518.2, 4489.1], [520.2, 4489.1], [520.2, 4491.1], [522.2, 4491.1], [522.2, 4495.1], [524.2, 4495.1], [524.2, 4499.1], [522.2, 4499.1], [522.2, 4503.1], [520.2, 4503.1], [520.2, 4505.1], [518.2, 4505.1], [518.2, 4507.1], [516.2, 4507.1], [516.2, 4509.1], [512.2, 4509.1], [512.2, 4511.1], [508.2, 4511.1]]]}, "properties": {"cell_id": 273}}, {"type": "Feature", "geometry": {"type": "Polygon", "coordinates": [[[1652.7, 4576.7], [1652.7, 4574.7], [1648.7, 4574.7], [1648.7, 4572.7], [1646.7, 4572.7], [1646.7, 4570.7], [1644.7, 4570.7], [1644.7, 4566.7], [1642.7, 4566.7], [1642.7, 4560.7], [1644.7, 4560.7], [1644.7, 4556.7], [1646.7, 4556.7], [1646.7, 4554.7], [1650.7, 4554.7], [1650.7, 4552.7], [1658.7, 4552.7], [1658.7, 4554.7], [1662.6, 4554.7], [1662.6, 4556.7], [1664.6, 4556.7], [1664.6, 4560.7], [1666.6, 4560.7], [1666.6, 4566.7], [1664.6, 4566.7], [1664.6, 4570.7], [1662.7, 4570.7], [1662.7, 4572.7], [1660.7, 4572.7], [1660.7, 4574.7], [1656.7, 4574.7], [1656.7, 4576.7], [1652.7, 4576.7]]]}, "properties": {"cell_id": 274}}, {"type": "Feature", "geometry": {"type": "Polygon", "coordinates": [[[1120.4, 4710.3], [1120.4, 4708.3], [1118.4, 4708.3], [1118.4, 4706.3], [1114.4, 4706.3], [1114.4, 4704.3], [1112.4, 4704.3], [1112.4, 4702.4], [1110.4, 4702.4], [1110.4, 4700.4], [1106.4, 4700.4], [1106.4, 4694.4], [1108.4, 4694.4], [1108.4, 4692.4], [1110.4, 4692.4], [1110.4, 4690.4], [1114.4, 4690.4], [1114.4, 4688.4], [1118.4, 4688.4], [1118.4, 4690.4], [1120.4, 4690.4], [1120.4, 4692.4], [1122.4, 4692.4], [1122.4, 4694.4], [1124.3, 4694.4], [1124.3, 4696.4], [1126.3, 4696.4], [1126.3, 4698.4], [1128.3, 4698.4], [1128.3, 4702.3], [1126.3, 4702.3], [1126.3, 4706.3], [1124.4, 4706.3], [1124.4, 4708.3], [1122.4, 4708.3], [1122.4, 4710.3], [1120.4, 4710.3]]]}, "properties": {"cell_id": 275}}, {"type": "Feature", "geometry": {"type": "Polygon", "coordinates": [[[552.1, 4499.1], [552.1, 4497.1], [548.1, 4497.1], [548.1, 4495.1], [546.1, 4495.1], [546.1, 4491.1], [544.1, 4491.1], [544.1, 4485.1], [546.1, 4485.1], [546.1, 4481.1], [548.1, 4481.1], [548.1, 4479.1], [552.1, 4479.1], [552.1, 4477.2], [556.1, 4477.2], [556.1, 4475.2], [560.1, 4475.2], [560.1, 4477.2], [562.1, 4477.2], [562.1, 4485.1], [564.1, 4485.1], [564.1, 4487.1], [562.1, 4487.1], [562.1, 4491.1], [564.1, 4491.1], [564.1, 4497.1], [560.1, 4497.1], [560.1, 4499.1], [552.1, 4499.1]]]}, "properties": {"cell_id": 276}}, {"type": "Feature", "geometry": {"type": "Polygon", "coordinates": [[[2498.1, 4911.5], [2498.1, 4909.5], [2494.1, 4909.5], [2494.1, 4907.5], [2492.1, 4907.5], [2492.1, 4893.5], [2494.1, 4893.5], [2494.1, 4891.5], [2496.1, 4891.5], [2496.1, 4889.5], [2500.1, 4889.5], [2500.1, 4887.5], [2506.1, 4887.5], [2506.1, 4889.5], [2510.1, 4889.5], [2510.1, 4891.5], [2512.1, 4891.5], [2512.1, 4893.5], [2514.1, 4893.5], [2514.1, 4897.5], [2516.1, 4897.5], [2516.1, 4901.5], [2514.1, 4901.5], [2514.1, 4905.5], [2512.1, 4905.5], [2512.1, 4907.5], [2510.1, 4907.5], [2510.1, 4909.5], [2506.1, 4909.5], [2506.1, 4911.5], [2498.1, 4911.5]]]}, "properties": {"cell_id": 277}}, {"type": "Feature", "geometry": {"type": "Polygon", "coordinates": [[[1531.1, 4748.1], [1531.1, 4746.1], [1523.1, 4746.1], [1523.1, 4744.2], [1521.1, 4744.2], [1521.1, 4742.2], [1519.1, 4742.2], [1519.1, 4740.2], [1521.1, 4740.2], [1521.1, 4736.2], [1523.1, 4736.2], [1523.1, 4734.2], [1525.1, 4734.2], [1525.1, 4732.2], [1527.1, 4732.2], [1527.1, 4730.2], [1537.1, 4730.2], [1537.1, 4732.2], [1539.1, 4732.2], [1539.1, 4734.2], [1541.1, 4734.2], [1541.1, 4738.2], [1543.1, 4738.2], [1543.1, 4744.1], [1541.1, 4744.1], [1541.1, 4748.1], [1531.1, 4748.1]]]}, "properties": {"cell_id": 278}}, {"type": "Feature", "geometry": {"type": "Polygon", "coordinates": [[[293.0, 4816.1], [293.0, 4814.1], [289.0, 4814.1], [289.0, 4812.1], [287.0, 4812.1], [287.0, 4808.2], [285.0, 4808.2], [285.0, 4806.2], [287.0, 4806.2], [287.0, 4804.2], [289.0, 4804.2], [289.0, 4802.2], [291.0, 4802.2], [291.0, 4800.2], [298.9, 4800.2], [298.9, 4798.2], [302.9, 4798.2], [302.9, 4800.2], [304.9, 4800.2], [304.9, 4804.2], [306.9, 4804.2], [306.9, 4812.1], [304.9, 4812.1], [304.9, 4814.1], [300.9, 4814.1], [300.9, 4816.1], [293.0, 4816.1]]]}, "properties": {"cell_id": 279}}, {"type": "Feature", "geometry": {"type": "Polygon", "coordinates": [[[1142.4, 5035.3], [1142.4, 5031.3], [1140.4, 5031.3], [1140.4, 5029.3], [1138.4, 5029.3], [1138.4, 5027.3], [1136.4, 5027.3], [1136.4, 5021.3], [1138.4, 5021.3], [1138.4, 5019.3], [1140.4, 5019.3], [1140.4, 5017.4], [1144.3, 5017.4], [1144.3, 5015.4], [1146.3, 5015.4], [1146.3, 5017.4], [1148.3, 5017.4], [1148.3, 5019.3], [1150.3, 5019.3], [1150.3, 5023.3], [1152.3, 5023.3], [1152.3, 5031.3], [1150.3, 5031.3], [1150.3, 5033.3], [1144.3, 5033.3], [1144.3, 5035.3], [1142.4, 5035.3]]]}, "properties": {"cell_id": 280}}, {"type": "Feature", "geometry": {"type": "Polygon", "coordinates": [[[727.6, 5031.4], [727.6, 5029.4], [723.7, 5029.4], [723.7, 5027.4], [721.7, 5027.4], [721.7, 5023.4], [719.7, 5023.4], [719.7, 5015.4], [721.7, 5015.4], [721.7, 5011.4], [723.7, 5011.4], [723.7, 5009.4], [727.6, 5009.4], [727.6, 5007.5], [733.6, 5007.5], [733.6, 5009.4], [737.6, 5009.4], [737.6, 5011.4], [739.6, 5011.4], [739.6, 5017.4], [737.6, 5017.4], [737.6, 5023.4], [735.6, 5023.4], [735.6, 5027.4], [733.6, 5027.4], [733.6, 5031.4], [727.6, 5031.4]]]}, "properties": {"cell_id": 281}}, {"type": "Feature", "geometry": {"type": "Polygon", "coordinates": [[[1652.7, 4911.6], [1652.7, 4909.6], [1648.8, 4909.6], [1648.8, 4905.6], [1646.8, 4905.6], [1646.8, 4895.7], [1648.8, 4895.7], [1648.8, 4891.7], [1650.7, 4891.7], [1650.7, 4889.7], [1654.7, 4889.7], [1654.7, 4887.7], [1660.7, 4887.7], [1660.7, 4889.7], [1664.7, 4889.7], [1664.7, 4891.7], [1666.7, 4891.7], [1666.7, 4893.7], [1668.7, 4893.7], [1668.7, 4897.6], [1670.7, 4897.6], [1670.7, 4905.6], [1668.7, 4905.6], [1668.7, 4909.6], [1666.7, 4909.6], [1666.7, 4911.6], [1652.7, 4911.6]]]}, "properties": {"cell_id": 282}}, {"type": "Feature", "geometry": {"type": "Polygon", "coordinates": [[[2217.0, 5027.1], [2217.0, 5025.2], [2215.0, 5025.2], [2215.0, 5021.2], [2213.0, 5021.2], [2213.0, 5015.2], [2215.0, 5015.2], [2215.0, 5017.2], [2221.0, 5017.2], [2221.0, 5019.2], [2223.0, 5019.2], [2223.0, 5021.2], [2225.0, 5021.2], [2225.0, 5025.1], [2221.0, 5025.1], [2221.0, 5027.1], [2217.0, 5027.1]]]}, "properties": {"cell_id": 283}}, {"type": "Feature", "geometry": {"type": "Polygon", "coordinates": [[[1913.9, 4987.3], [1913.9, 4985.3], [1911.9, 4985.3], [1911.9, 4981.3], [1906.0, 4981.3], [1906.0, 4979.3], [1904.0, 4979.3], [1904.0, 4975.4], [1906.0, 4975.4], [1906.0, 4973.4], [1908.0, 4973.4], [1908.0, 4971.4], [1911.9, 4971.4], [1911.9, 4973.4], [1913.9, 4973.4], [1913.9, 4977.4], [1917.9, 4977.4], [1917.9, 4979.3], [1919.9, 4979.3], [1919.9, 4981.3], [1921.9, 4981.3], [1921.9, 4985.3], [1917.9, 4985.3], [1917.9, 4987.3], [1913.9, 4987.3]]]}, "properties": {"cell_id": 284}}, {"type": "Feature", "geometry": {"type": "Polygon", "coordinates": [[[1784.3, 4987.3], [1784.3, 4985.3], [1780.4, 4985.3], [1780.4, 4983.4], [1778.4, 4983.4], [1778.4, 4981.4], [1776.4, 4981.4], [1776.4, 4977.4], [1774.4, 4977.4], [1774.4, 4973.4], [1776.4, 4973.4], [1776.4, 4969.4], [1778.4, 4969.4], [1778.4, 4967.4], [1780.4, 4967.4], [1780.4, 4965.4], [1784.3, 4965.4], [1784.3, 4963.4], [1790.3, 4963.4], [1790.3, 4965.4], [1794.3, 4965.4], [1794.3, 4967.4], [1796.3, 4967.4], [1796.3, 4971.4], [1798.3, 4971.4], [1798.3, 4977.4], [1796.3, 4977.4], [1796.3, 4981.4], [1794.3, 4981.4], [1794.3, 4983.4], [1792.3, 4983.4], [1792.3, 4985.3], [1788.3, 4985.3], [1788.3, 4987.3], [1784.3, 4987.3]]]}, "properties": {"cell_id": 285}}, {"type": "Feature", "geometry": {"type": "Polygon", "coordinates": [[[2474.2, 4841.7], [2474.2, 4839.7], [2470.2, 4839.7], [2470.2, 4837.7], [2468.2, 4837.7], [2468.2, 4833.7], [2466.2, 4833.7], [2466.2, 4825.7], [2468.2, 4825.7], [2468.2, 4821.7], [2470.2, 4821.7], [2470.2, 4819.8], [2474.2, 4819.8], [2474.2, 4817.8], [2476.2, 4817.8], [2476.2, 4819.8], [2478.2, 4819.8], [2478.2, 4821.7], [2480.2, 4821.7], [2480.2, 4825.7], [2482.1, 4825.7], [2482.1, 4827.7], [2484.1, 4827.7], [2484.1, 4829.7], [2486.1, 4829.7], [2486.1, 4831.7], [2488.1, 4831.7], [2488.1, 4837.7], [2486.1, 4837.7], [2486.1, 4839.7], [2482.1, 4839.7], [2482.1, 4841.7], [2474.2, 4841.7]]]}, "properties": {"cell_id": 286}}, {"type": "Feature", "geometry": {"type": "Polygon", "coordinates": [[[530.2, 4790.2], [530.2, 4788.2], [528.2, 4788.2], [528.2, 4786.2], [526.2, 4786.2], [526.2, 4782.2], [524.2, 4782.2], [524.2, 4778.2], [528.2, 4778.2], [528.2, 4776.2], [534.2, 4776.2], [534.2, 4778.2], [538.2, 4778.2], [538.2, 4788.2], [536.2, 4788.2], [536.2, 4790.2], [530.2, 4790.2]]]}, "properties": {"cell_id": 287}}, {"type": "Feature", "geometry": {"type": "Polygon", "coordinates": [[[1557.1, 5047.2], [1557.1, 5043.2], [1555.1, 5043.2], [1555.1, 5039.2], [1557.1, 5039.2], [1557.1, 5037.2], [1561.0, 5037.2], [1561.0, 5035.2], [1563.0, 5035.2], [1563.0, 5033.2], [1567.0, 5033.2], [1567.0, 5035.2], [1569.0, 5035.2], [1569.0, 5041.2], [1567.0, 5041.2], [1567.0, 5043.2], [1565.0, 5043.2], [1565.0, 5045.2], [1561.1, 5045.2], [1561.1, 5047.2], [1557.1, 5047.2]]]}, "properties": {"cell_id": 288}}, {"type": "Feature", "geometry": {"type": "Polygon", "coordinates": [[[2366.5, 5037.1], [2366.5, 5035.1], [2362.6, 5035.1], [2362.6, 5033.1], [2360.6, 5033.1], [2360.6, 5029.1], [2358.6, 5029.1], [2358.6, 5027.1], [2360.6, 5027.1], [2360.6, 5025.1], [2362.6, 5025.1], [2362.6, 5023.1], [2370.5, 5023.1], [2370.5, 5021.1], [2372.5, 5021.1], [2372.5, 5019.1], [2376.5, 5019.1], [2376.5, 5017.1], [2378.5, 5017.1], [2378.5, 5019.1], [2380.5, 5019.1], [2380.5, 5023.1], [2382.5, 5023.1], [2382.5, 5029.1], [2380.5, 5029.1], [2380.5, 5033.1], [2378.5, 5033.1], [2378.5, 5035.1], [2368.5, 5035.1], [2368.5, 5037.1], [2366.5, 5037.1]]]}, "properties": {"cell_id": 289}}, {"type": "Feature", "geometry": {"type": "Polygon", "coordinates": [[[2404.4, 4969.3], [2404.4, 4967.3], [2402.4, 4967.3], [2402.4, 4965.3], [2400.4, 4965.3], [2400.4, 4963.3], [2396.4, 4963.3], [2396.4, 4961.3], [2394.4, 4961.3], [2394.4, 4959.3], [2396.4, 4959.3], [2396.4, 4957.3], [2398.4, 4957.3], [2398.4, 4955.3], [2404.4, 4955.3], [2404.4, 4951.4], [2406.4, 4951.4], [2406.4, 4949.4], [2408.4, 4949.4], [2408.4, 4947.4], [2410.4, 4947.4], [2410.4, 4953.3], [2412.4, 4953.3], [2412.4, 4959.3], [2414.4, 4959.3], [2414.4, 4965.3], [2410.4, 4965.3], [2410.4, 4967.3], [2406.4, 4967.3], [2406.4, 4969.3], [2404.4, 4969.3]]]}, "properties": {"cell_id": 290}}, {"type": "Feature", "geometry": {"type": "Polygon", "coordinates": [[[1772.4, 5089.0], [1772.4, 5087.0], [1770.4, 5087.0], [1770.4, 5085.0], [1768.4, 5085.0], [1768.4, 5083.0], [1766.4, 5083.0], [1766.4, 5081.0], [1764.4, 5081.1], [1764.4, 5077.1], [1766.4, 5077.1], [1766.4, 5069.1], [1768.4, 5069.1], [1768.4, 5065.1], [1770.4, 5065.1], [1770.4, 5067.1], [1772.4, 5067.1], [1772.4, 5069.1], [1776.4, 5069.1], [1776.4, 5071.1], [1778.4, 5071.1], [1778.4, 5073.1], [1780.4, 5073.1], [1780.4, 5075.1], [1782.4, 5075.1], [1782.4, 5079.1], [1780.4, 5079.1], [1780.4, 5081.0], [1778.4, 5081.0], [1778.4, 5083.0], [1776.4, 5083.0], [1776.4, 5089.0], [1772.4, 5089.0]]]}, "properties": {"cell_id": 291}}, {"type": "Feature", "geometry": {"type": "Polygon", "coordinates": [[[994.8, 4776.1], [994.8, 4774.1], [990.8, 4774.1], [990.8, 4772.2], [988.8, 4772.2], [988.8, 4768.2], [986.8, 4768.2], [986.8, 4764.2], [988.8, 4764.2], [988.8, 4758.2], [990.8, 4758.2], [990.8, 4754.2], [992.8, 4754.2], [992.8, 4752.2], [996.8, 4752.2], [996.8, 4750.2], [1002.7, 4750.2], [1002.7, 4752.2], [1006.7, 4752.2], [1006.7, 4754.2], [1008.7, 4754.2], [1008.7, 4758.2], [1010.7, 4758.2], [1010.7, 4768.2], [1008.7, 4768.2], [1008.7, 4772.1], [1006.7, 4772.1], [1006.7, 4774.1], [1002.7, 4774.1], [1002.7, 4776.1], [994.8, 4776.1]]]}, "properties": {"cell_id": 292}}, {"type": "Feature", "geometry": {"type": "Polygon", "coordinates": [[[2103.3, 4927.5], [2103.3, 4925.5], [2099.4, 4925.5], [2099.4, 4923.5], [2097.4, 4923.5], [2097.4, 4921.5], [2095.4, 4921.5], [2095.4, 4917.5], [2093.4, 4917.5], [2093.4, 4913.5], [2097.4, 4913.5], [2097.4, 4911.5], [2103.3, 4911.5], [2103.3, 4909.5], [2105.3, 4909.5], [2105.3, 4907.5], [2107.3, 4907.5], [2107.3, 4905.5], [2109.3, 4905.5], [2109.3, 4903.6], [2115.3, 4903.6], [2115.3, 4905.5], [2117.3, 4905.5], [2117.3, 4909.5], [2119.3, 4909.5], [2119.3, 4915.5], [2117.3, 4915.5], [2117.3, 4919.5], [2115.3, 4919.5], [2115.3, 4921.5], [2113.3, 4921.5], [2113.3, 4923.5], [2109.3, 4923.5], [2109.3, 4925.5], [2105.3, 4925.5], [2105.3, 4927.5], [2103.3, 4927.5]]]}, "properties": {"cell_id": 293}}, {"type": "Feature", "geometry": {"type": "Polygon", "coordinates": [[[2344.6, 5029.1], [2344.6, 5027.1], [2340.6, 5027.1], [2340.6, 5025.1], [2338.6, 5025.1], [2338.6, 5021.1], [2336.6, 5021.1], [2336.6, 5017.2], [2340.6, 5017.2], [2340.6, 5015.2], [2342.6, 5015.2], [2342.6, 5013.2], [2348.6, 5013.2], [2348.6, 5011.2], [2354.6, 5011.2], [2354.6, 5009.2], [2358.6, 5009.2], [2358.6, 5019.1], [2356.6, 5019.1], [2356.6, 5025.1], [2352.6, 5025.1], [2352.6, 5027.1], [2348.6, 5027.1], [2348.6, 5029.1], [2344.6, 5029.1]]]}, "properties": {"cell_id": 294}}, {"type": "Feature", "geometry": {"type": "Polygon", "coordinates": [[[554.1, 4568.9], [554.1, 4566.9], [550.1, 4566.9], [550.1, 4564.9], [548.1, 4564.9], [548.1, 4560.9], [546.1, 4560.9], [546.1, 4552.9], [548.1, 4552.9], [548.1, 4548.9], [550.1, 4548.9], [550.1, 4546.9], [554.1, 4546.9], [554.1, 4544.9], [562.1, 4544.9], [562.1, 4546.9], [566.1, 4546.9], [566.1, 4548.9], [568.1, 4548.9], [568.1, 4550.9], [570.0, 4550.9], [570.0, 4554.9], [572.0, 4554.9], [572.0, 4558.9], [570.1, 4558.9], [570.1, 4562.9], [568.1, 4562.9], [568.1, 4564.9], [566.1, 4564.9], [566.1, 4566.9], [562.1, 4566.9], [562.1, 4568.9], [554.1, 4568.9]]]}, "properties": {"cell_id": 295}}, {"type": "Feature", "geometry": {"type": "Polygon", "coordinates": [[[1676.7, 4873.7], [1676.7, 4871.7], [1672.7, 4871.7], [1672.7, 4869.7], [1670.7, 4869.7], [1670.7, 4867.7], [1668.7, 4867.7], [1668.7, 4863.8], [1666.7, 4863.8], [1666.7, 4859.8], [1668.7, 4859.8], [1668.7, 4855.8], [1670.7, 4855.8], [1670.7, 4853.8], [1672.7, 4853.8], [1672.7, 4851.8], [1676.7, 4851.8], [1676.7, 4849.8], [1682.6, 4849.8], [1682.6, 4851.8], [1686.6, 4851.8], [1686.6, 4853.8], [1688.6, 4853.8], [1688.6, 4855.8], [1690.6, 4855.8], [1690.6, 4859.8], [1692.6, 4859.8], [1692.6, 4863.7], [1690.6, 4863.7], [1690.6, 4867.7], [1688.6, 4867.7], [1688.6, 4869.7], [1686.6, 4869.7], [1686.6, 4871.7], [1682.6, 4871.7], [1682.6, 4873.7], [1676.7, 4873.7]]]}, "properties": {"cell_id": 296}}, {"type": "Feature", "geometry": {"type": "Polygon", "coordinates": [[[2217.0, 5045.1], [2217.0, 5043.1], [2215.0, 5043.1], [2215.0, 5039.1], [2213.0, 5039.1], [2213.0, 5035.1], [2211.0, 5035.1], [2211.0, 5031.1], [2213.0, 5031.1], [2213.0, 5027.1], [2215.0, 5027.1], [2215.0, 5025.2], [2217.0, 5025.2], [2217.0, 5027.1], [2219.0, 5027.1], [2219.0, 5035.1], [2221.0, 5035.1], [2221.0, 5043.1], [2219.0, 5043.1], [2219.0, 5045.1], [2217.0, 5045.1]]]}, "properties": {"cell_id": 297}}, {"type": "Feature", "geometry": {"type": "Polygon", "coordinates": [[[2312.7, 5019.2], [2312.7, 5015.2], [2310.7, 5015.2], [2310.7, 5009.2], [2312.7, 5009.2], [2312.7, 5005.2], [2310.7, 5005.2], [2310.7, 5003.2], [2316.7, 5003.2], [2316.7, 5001.2], [2320.7, 5001.2], [2320.7, 4999.2], [2322.7, 4999.2], [2322.7, 5001.2], [2320.7, 5001.2], [2320.7, 5009.2], [2318.7, 5009.2], [2318.7, 5013.2], [2316.7, 5013.2], [2316.7, 5017.2], [2314.7, 5017.2], [2314.7, 5019.2], [2312.7, 5019.2]]]}, "properties": {"cell_id": 298}}, {"type": "Feature", "geometry": {"type": "Polygon", "coordinates": [[[1816.2, 5003.3], [1816.2, 4999.3], [1814.3, 4999.3], [1814.3, 4989.3], [1816.2, 4989.3], [1816.2, 4991.3], [1824.2, 4991.3], [1824.2, 4993.3], [1830.2, 4993.3], [1830.2, 4999.3], [1832.2, 4999.3], [1832.2, 5003.3], [1816.2, 5003.3]]]}, "properties": {"cell_id": 299}}, {"type": "Feature", "geometry": {"type": "Polygon", "coordinates": [[[324.9, 4824.1], [324.9, 4822.1], [320.9, 4822.1], [320.9, 4820.1], [318.9, 4820.1], [318.9, 4818.1], [320.9, 4818.1], [320.9, 4814.1], [322.9, 4814.1], [322.9, 4804.2], [324.9, 4804.2], [324.9, 4800.2], [330.8, 4800.2], [330.8, 4802.2], [334.8, 4802.2], [334.8, 4804.2], [336.8, 4804.2], [336.8, 4808.1], [338.8, 4808.1], [338.8, 4816.1], [336.8, 4816.1], [336.8, 4820.1], [334.8, 4820.1], [334.8, 4822.1], [330.8, 4822.1], [330.8, 4824.1], [324.9, 4824.1]]]}, "properties": {"cell_id": 300}}, {"type": "Feature", "geometry": {"type": "Polygon", "coordinates": [[[1457.3, 4610.6], [1457.3, 4608.6], [1455.3, 4608.6], [1455.3, 4604.6], [1453.3, 4604.6], [1453.3, 4594.6], [1467.3, 4594.6], [1467.3, 4592.6], [1471.3, 4592.6], [1471.3, 4588.6], [1475.2, 4588.6], [1475.2, 4590.6], [1477.2, 4590.6], [1477.2, 4592.6], [1479.2, 4592.6], [1479.2, 4594.6], [1481.2, 4594.6], [1481.2, 4598.6], [1475.2, 4598.6], [1475.2, 4600.6], [1473.2, 4600.6], [1473.2, 4602.6], [1471.3, 4602.6], [1471.3, 4604.6], [1469.3, 4604.6], [1469.3, 4606.6], [1467.3, 4606.6], [1467.3, 4608.6], [1465.3, 4608.6], [1465.3, 4610.6], [1457.3, 4610.6]]]}, "properties": {"cell_id": 301}}, {"type": "Feature", "geometry": {"type": "Polygon", "coordinates": [[[655.8, 4899.8], [655.8, 4897.8], [651.9, 4897.8], [651.9, 4895.8], [649.9, 4895.8], [649.9, 4893.8], [647.9, 4893.8], [647.9, 4889.8], [645.9, 4889.8], [645.9, 4887.8], [647.9, 4887.8], [647.9, 4885.9], [651.9, 4885.9], [651.9, 4883.9], [655.8, 4883.9], [655.8, 4881.9], [657.8, 4881.9], [657.8, 4879.9], [659.8, 4879.9], [659.8, 4877.9], [661.8, 4877.9], [661.8, 4875.9], [663.8, 4875.9], [663.8, 4877.9], [667.8, 4877.9], [667.8, 4879.9], [669.8, 4879.9], [669.8, 4893.8], [667.8, 4893.8], [667.8, 4895.8], [665.8, 4895.8], [665.8, 4897.8], [661.8, 4897.8], [661.8, 4899.8], [655.8, 4899.8]]]}, "properties": {"cell_id": 302}}, {"type": "Feature", "geometry": {"type": "Polygon", "coordinates": [[[801.3, 4624.6], [801.3, 4622.7], [797.4, 4622.7], [797.4, 4620.7], [793.4, 4620.7], [793.4, 4618.7], [791.4, 4618.7], [791.4, 4614.7], [789.4, 4614.7], [789.4, 4610.7], [787.4, 4610.7], [787.4, 4604.7], [789.4, 4604.7], [789.4, 4600.7], [791.4, 4600.7], [791.4, 4598.7], [793.4, 4598.7], [793.4, 4596.7], [797.3, 4596.7], [797.3, 4594.7], [801.3, 4594.7], [801.3, 4596.7], [805.3, 4596.7], [805.3, 4598.7], [807.3, 4598.7], [807.3, 4600.7], [809.3, 4600.7], [809.3, 4602.7], [811.3, 4602.7], [811.3, 4606.7], [813.3, 4606.7], [813.3, 4614.7], [811.3, 4614.7], [811.3, 4618.7], [809.3, 4618.7], [809.3, 4620.7], [807.3, 4620.7], [807.3, 4622.7], [803.3, 4622.7], [803.3, 4624.6], [801.3, 4624.6]]]}, "properties": {"cell_id": 303}}, {"type": "Feature", "geometry": {"type": "Polygon", "coordinates": [[[2067.4, 4897.6], [2067.4, 4893.6], [2065.5, 4893.6], [2065.5, 4891.6], [2067.4, 4891.6], [2067.4, 4889.6], [2071.4, 4889.6], [2071.4, 4887.6], [2075.4, 4887.6], [2075.4, 4885.6], [2077.4, 4885.6], [2077.4, 4881.6], [2081.4, 4881.6], [2081.4, 4879.6], [2083.4, 4879.6], [2083.4, 4897.6], [2067.4, 4897.6]]]}, "properties": {"cell_id": 304}}, {"type": "Feature", "geometry": {"type": "Polygon", "coordinates": [[[2129.2, 4490.8], [2129.2, 4488.9], [2125.2, 4488.9], [2125.2, 4486.9], [2123.2, 4486.9], [2123.2, 4472.9], [2125.2, 4472.9], [2125.2, 4470.9], [2129.2, 4470.9], [2129.2, 4468.9], [2135.2, 4468.9], [2135.2, 4470.9], [2139.2, 4470.9], [2139.2, 4472.9], [2141.1, 4472.9], [2141.1, 4476.9], [2139.2, 4476.9], [2139.2, 4482.9], [2137.2, 4482.9], [2137.2, 4484.9], [2135.2, 4484.9], [2135.2, 4488.9], [2133.2, 4488.9], [2133.2, 4490.8], [2129.2, 4490.8]]]}, "properties": {"cell_id": 305}}, {"type": "Feature", "geometry": {"type": "Polygon", "coordinates": [[[659.8, 4871.9], [659.8, 4869.9], [653.8, 4869.9], [653.8, 4867.9], [649.9, 4867.9], [649.9, 4863.9], [647.9, 4863.9], [647.9, 4859.9], [649.9, 4859.9], [649.9, 4857.9], [651.8, 4857.9], [651.8, 4855.9], [655.8, 4855.9], [655.8, 4854.0], [661.8, 4853.9], [661.8, 4852.0], [665.8, 4852.0], [665.8, 4853.9], [667.8, 4853.9], [667.8, 4855.9], [669.8, 4855.9], [669.8, 4859.9], [671.8, 4859.9], [671.8, 4863.9], [669.8, 4863.9], [669.8, 4867.9], [667.8, 4867.9], [667.8, 4869.9], [665.8, 4869.9], [665.8, 4871.9], [659.8, 4871.9]]]}, "properties": {"cell_id": 306}}, {"type": "Feature", "geometry": {"type": "Polygon", "coordinates": [[[1852.1, 4863.7], [1852.1, 4861.7], [1848.1, 4861.7], [1848.1, 4859.7], [1846.1, 4859.7], [1846.1, 4855.7], [1844.1, 4855.7], [1844.1, 4849.8], [1846.1, 4849.8], [1846.1, 4847.8], [1850.1, 4847.8], [1850.1, 4845.8], [1854.1, 4845.8], [1854.1, 4843.8], [1862.1, 4843.8], [1862.1, 4845.8], [1864.1, 4845.8], [1864.1, 4847.8], [1866.1, 4847.8], [1866.1, 4853.7], [1864.1, 4853.7], [1864.1, 4857.7], [1862.1, 4857.7], [1862.1, 4859.7], [1860.1, 4859.7], [1860.1, 4861.7], [1856.1, 4861.7], [1856.1, 4863.7], [1852.1, 4863.7]]]}, "properties": {"cell_id": 307}}, {"type": "Feature", "geometry": {"type": "Polygon", "coordinates": [[[1150.3, 4941.6], [1150.3, 4939.6], [1146.3, 4939.6], [1146.3, 4937.6], [1144.3, 4937.6], [1144.3, 4935.6], [1142.3, 4935.6], [1142.3, 4931.6], [1140.3, 4931.6], [1140.3, 4927.6], [1142.3, 4927.6], [1142.3, 4923.6], [1144.3, 4923.6], [1144.3, 4921.7], [1146.3, 4921.7], [1146.3, 4919.7], [1150.3, 4919.7], [1150.3, 4917.7], [1156.3, 4917.7], [1156.3, 4919.7], [1160.3, 4919.7], [1160.3, 4921.7], [1162.3, 4921.7], [1162.3, 4923.6], [1164.3, 4923.6], [1164.3, 4927.6], [1166.3, 4927.6], [1166.3, 4929.6], [1164.3, 4929.6], [1164.3, 4933.6], [1162.3, 4933.6], [1162.3, 4937.6], [1160.3, 4937.6], [1160.3, 4939.6], [1156.3, 4939.6], [1156.3, 4941.6], [1150.3, 4941.6]]]}, "properties": {"cell_id": 308}}, {"type": "Feature", "geometry": {"type": "Polygon", "coordinates": [[[1569.0, 4931.6], [1569.0, 4925.6], [1567.0, 4925.6], [1567.0, 4921.6], [1565.0, 4921.6], [1565.0, 4919.6], [1563.0, 4919.6], [1563.0, 4917.6], [1565.0, 4917.6], [1565.0, 4915.6], [1577.0, 4915.6], [1577.0, 4917.6], [1579.0, 4917.6], [1579.0, 4919.6], [1581.0, 4919.6], [1581.0, 4921.6], [1586.9, 4921.6], [1586.9, 4927.6], [1583.0, 4927.6], [1583.0, 4929.6], [1575.0, 4929.6], [1575.0, 4931.6], [1569.0, 4931.6]]]}, "properties": {"cell_id": 309}}, {"type": "Feature", "geometry": {"type": "Polygon", "coordinates": [[[1684.6, 4927.5], [1684.6, 4925.6], [1680.7, 4925.6], [1680.7, 4923.6], [1678.7, 4923.6], [1678.7, 4921.6], [1676.7, 4921.6], [1676.7, 4917.6], [1674.7, 4917.6], [1674.7, 4911.6], [1676.7, 4911.6], [1676.7, 4907.6], [1678.7, 4907.6], [1678.7, 4905.6], [1682.6, 4905.6], [1682.6, 4903.6], [1688.6, 4903.6], [1688.6, 4905.6], [1692.6, 4905.6], [1692.6, 4907.6], [1694.6, 4907.6], [1694.6, 4909.6], [1696.6, 4909.6], [1696.6, 4913.6], [1698.6, 4913.6], [1698.6, 4919.6], [1696.6, 4919.6], [1696.6, 4923.6], [1694.6, 4923.6], [1694.6, 4925.6], [1690.6, 4925.6], [1690.6, 4927.5], [1684.6, 4927.5]]]}, "properties": {"cell_id": 310}}, {"type": "Feature", "geometry": {"type": "Polygon", "coordinates": [[[572.0, 4517.0], [572.0, 4515.0], [568.0, 4515.0], [568.0, 4513.0], [566.1, 4513.0], [566.1, 4511.0], [564.1, 4511.0], [564.1, 4507.1], [562.1, 4507.1], [562.1, 4501.1], [564.1, 4501.1], [564.1, 4497.1], [576.0, 4497.1], [576.0, 4495.1], [578.0, 4495.1], [578.0, 4493.1], [582.0, 4493.1], [582.0, 4495.1], [586.0, 4495.1], [586.0, 4497.1], [588.0, 4497.1], [588.0, 4501.1], [590.0, 4501.1], [590.0, 4507.1], [588.0, 4507.1], [588.0, 4509.0], [586.0, 4509.0], [586.0, 4511.0], [582.0, 4511.0], [582.0, 4513.0], [578.0, 4513.0], [578.0, 4515.0], [574.0, 4515.0], [574.0, 4517.0], [572.0, 4517.0]]]}, "properties": {"cell_id": 311}}, {"type": "Feature", "geometry": {"type": "Polygon", "coordinates": [[[376.7, 4708.5], [376.7, 4706.5], [372.7, 4706.5], [372.7, 4700.5], [374.7, 4700.5], [374.7, 4694.5], [372.7, 4694.5], [372.7, 4690.5], [374.7, 4690.5], [374.7, 4688.5], [380.7, 4688.5], [380.7, 4686.5], [388.6, 4686.5], [388.6, 4688.5], [390.6, 4688.5], [390.6, 4692.5], [392.6, 4692.5], [392.6, 4696.5], [390.6, 4696.5], [390.6, 4700.5], [388.6, 4700.5], [388.6, 4702.5], [384.7, 4702.5], [384.7, 4704.5], [380.7, 4704.5], [380.7, 4706.5], [378.7, 4706.5], [378.7, 4708.5], [376.7, 4708.5]]]}, "properties": {"cell_id": 312}}, {"type": "Feature", "geometry": {"type": "Polygon", "coordinates": [[[2065.5, 4915.5], [2065.5, 4909.5], [2067.4, 4909.5], [2067.4, 4899.6], [2069.4, 4899.6], [2069.4, 4897.6], [2083.4, 4897.6], [2083.4, 4899.6], [2085.4, 4899.6], [2085.4, 4901.6], [2087.4, 4901.6], [2087.4, 4903.6], [2089.4, 4903.6], [2089.4, 4905.5], [2087.4, 4905.5], [2087.4, 4909.5], [2085.4, 4909.5], [2085.4, 4911.5], [2083.4, 4911.5], [2083.4, 4913.5], [2077.4, 4913.5], [2077.4, 4915.5], [2065.5, 4915.5]]]}, "properties": {"cell_id": 313}}, {"type": "Feature", "geometry": {"type": "Polygon", "coordinates": [[[927.0, 4861.9], [927.0, 4859.9], [925.0, 4859.9], [925.0, 4849.9], [923.0, 4849.9], [923.0, 4839.9], [927.0, 4839.9], [927.0, 4838.0], [935.0, 4838.0], [935.0, 4839.9], [939.0, 4839.9], [939.0, 4841.9], [940.9, 4841.9], [940.9, 4845.9], [942.9, 4845.9], [942.9, 4851.9], [940.9, 4851.9], [940.9, 4855.9], [939.0, 4855.9], [939.0, 4857.9], [937.0, 4857.9], [937.0, 4859.9], [933.0, 4859.9], [933.0, 4861.9], [927.0, 4861.9]]]}, "properties": {"cell_id": 314}}, {"type": "Feature", "geometry": {"type": "Polygon", "coordinates": [[[1866.1, 4849.8], [1866.1, 4847.8], [1864.1, 4847.8], [1864.1, 4845.8], [1862.1, 4845.8], [1862.1, 4843.8], [1860.1, 4843.8], [1860.1, 4831.8], [1870.1, 4831.8], [1870.1, 4833.8], [1876.0, 4833.8], [1876.0, 4835.8], [1878.0, 4835.8], [1878.0, 4841.8], [1876.0, 4841.8], [1876.0, 4845.8], [1874.0, 4845.8], [1874.0, 4847.8], [1870.1, 4847.8], [1870.1, 4849.8], [1866.1, 4849.8]]]}, "properties": {"cell_id": 315}}, {"type": "Feature", "geometry": {"type": "Polygon", "coordinates": [[[1311.7, 4520.9], [1311.7, 4518.9], [1309.7, 4518.9], [1309.7, 4516.9], [1307.7, 4516.9], [1307.7, 4514.9], [1305.8, 4514.9], [1305.8, 4510.9], [1303.8, 4510.9], [1303.8, 4499.0], [1307.7, 4499.0], [1307.7, 4497.0], [1311.7, 4497.0], [1311.7, 4499.0], [1315.7, 4499.0], [1315.7, 4501.0], [1319.7, 4501.0], [1319.7, 4502.9], [1321.7, 4502.9], [1321.7, 4506.9], [1323.7, 4506.9], [1323.7, 4512.9], [1321.7, 4512.9], [1321.7, 4516.9], [1319.7, 4516.9], [1319.7, 4518.9], [1315.7, 4518.9], [1315.7, 4520.9], [1311.7, 4520.9]]]}, "properties": {"cell_id": 316}}, {"type": "Feature", "geometry": {"type": "Polygon", "coordinates": [[[1748.5, 5089.0], [1748.5, 5087.0], [1746.5, 5087.0], [1746.5, 5085.0], [1742.5, 5085.0], [1742.5, 5083.0], [1740.5, 5083.0], [1740.5, 5081.1], [1738.5, 5081.1], [1738.5, 5079.1], [1736.5, 5079.1], [1736.5, 5075.1], [1738.5, 5075.1], [1738.5, 5073.1], [1742.5, 5073.1], [1742.5, 5071.1], [1748.5, 5071.1], [1748.5, 5073.1], [1750.5, 5073.1], [1750.5, 5081.1], [1752.5, 5081.1], [1752.5, 5087.0], [1750.5, 5087.0], [1750.5, 5089.0], [1748.5, 5089.0]]]}, "properties": {"cell_id": 317}}, {"type": "Feature", "geometry": {"type": "Polygon", "coordinates": [[[2418.3, 4494.8], [2418.3, 4492.8], [2416.3, 4492.8], [2416.3, 4488.8], [2414.3, 4488.8], [2414.3, 4482.8], [2416.3, 4482.8], [2416.3, 4478.8], [2418.3, 4478.8], [2418.3, 4474.8], [2420.3, 4474.8], [2420.3, 4472.9], [2424.3, 4472.9], [2424.3, 4470.9], [2432.2, 4470.9], [2432.2, 4472.9], [2436.2, 4472.9], [2436.2, 4474.8], [2438.2, 4474.8], [2438.2, 4478.8], [2440.2, 4478.8], [2440.2, 4484.8], [2438.2, 4484.8], [2438.2, 4488.8], [2436.2, 4488.8], [2436.2, 4490.8], [2434.2, 4490.8], [2434.2, 4492.8], [2430.2, 4492.8], [2430.2, 4494.8], [2418.3, 4494.8]]]}, "properties": {"cell_id": 318}}, {"type": "Feature", "geometry": {"type": "Polygon", "coordinates": [[[2498.1, 4596.5], [2498.1, 4594.5], [2494.1, 4594.5], [2494.1, 4592.5], [2490.1, 4592.5], [2490.1, 4590.5], [2488.1, 4590.5], [2488.1, 4588.5], [2486.1, 4588.5], [2486.1, 4586.5], [2484.1, 4586.5], [2484.1, 4584.5], [2486.1, 4584.5], [2486.1, 4580.5], [2490.1, 4580.5], [2490.1, 4578.5], [2492.1, 4578.5], [2492.1, 4580.5], [2498.1, 4580.5], [2498.1, 4582.5], [2506.0, 4582.5], [2506.0, 4586.5], [2508.0, 4586.5], [2508.0, 4590.5], [2506.0, 4590.5], [2506.0, 4594.5], [2504.0, 4594.5], [2504.0, 4596.5], [2498.1, 4596.5]]]}, "properties": {"cell_id": 319}}, {"type": "Feature", "geometry": {"type": "Polygon", "coordinates": [[[951.0, 5045.3], [951.0, 5043.3], [947.0, 5043.3], [947.0, 5041.3], [945.0, 5041.3], [945.0, 5039.3], [943.0, 5039.3], [943.0, 5035.3], [941.0, 5035.3], [941.0, 5027.4], [943.0, 5027.4], [943.0, 5023.4], [945.0, 5023.4], [945.0, 5021.4], [949.0, 5021.4], [949.0, 5019.4], [956.9, 5019.4], [956.9, 5021.4], [960.9, 5021.4], [960.9, 5023.4], [962.9, 5023.4], [962.9, 5027.4], [964.9, 5027.4], [964.9, 5031.3], [966.9, 5031.3], [966.9, 5033.3], [964.9, 5033.3], [964.9, 5037.3], [962.9, 5037.3], [962.9, 5041.3], [960.9, 5041.3], [960.9, 5043.3], [956.9, 5043.3], [956.9, 5045.3], [951.0, 5045.3]]]}, "properties": {"cell_id": 320}}, {"type": "Feature", "geometry": {"type": "Polygon", "coordinates": [[[651.8, 4750.3], [651.8, 4748.3], [647.8, 4748.3], [647.8, 4746.3], [645.8, 4746.3], [645.8, 4742.3], [643.9, 4742.3], [643.9, 4736.3], [645.8, 4736.3], [645.8, 4734.3], [647.8, 4734.3], [647.8, 4732.3], [651.8, 4732.3], [651.8, 4730.3], [653.8, 4730.3], [653.8, 4728.3], [655.8, 4728.3], [655.8, 4730.3], [657.8, 4730.3], [657.8, 4732.3], [659.8, 4732.3], [659.8, 4734.3], [661.8, 4734.3], [661.8, 4736.3], [663.8, 4736.3], [663.8, 4738.3], [665.8, 4738.3], [665.8, 4740.3], [667.8, 4740.3], [667.8, 4742.3], [665.8, 4742.3], [665.8, 4746.3], [663.8, 4746.3], [663.8, 4748.3], [659.8, 4748.3], [659.8, 4750.3], [651.8, 4750.3]]]}, "properties": {"cell_id": 321}}, {"type": "Feature", "geometry": {"type": "Polygon", "coordinates": [[[1604.9, 5005.3], [1604.9, 5003.3], [1600.9, 5003.3], [1600.9, 4983.4], [1604.9, 4983.4], [1604.9, 4981.4], [1608.9, 4981.4], [1608.9, 4983.4], [1612.9, 4983.4], [1612.9, 4985.4], [1614.9, 4985.4], [1614.9, 4989.4], [1616.9, 4989.4], [1616.9, 4993.4], [1618.9, 4993.4], [1618.9, 4995.3], [1616.9, 4995.3], [1616.9, 4999.3], [1614.9, 4999.3], [1614.9, 5001.3], [1612.9, 5001.3], [1612.9, 5003.3], [1608.9, 5003.3], [1608.9, 5005.3], [1604.9, 5005.3]]]}, "properties": {"cell_id": 322}}, {"type": "Feature", "geometry": {"type": "Polygon", "coordinates": [[[598.0, 4558.9], [598.0, 4556.9], [594.0, 4556.9], [594.0, 4554.9], [592.0, 4554.9], [592.0, 4552.9], [590.0, 4552.9], [590.0, 4550.9], [592.0, 4550.9], [592.0, 4546.9], [594.0, 4546.9], [594.0, 4544.9], [596.0, 4544.9], [596.0, 4539.0], [598.0, 4539.0], [598.0, 4535.0], [600.0, 4535.0], [600.0, 4533.0], [603.9, 4533.0], [603.9, 4535.0], [605.9, 4535.0], [605.9, 4537.0], [607.9, 4537.0], [607.9, 4538.9], [609.9, 4538.9], [609.9, 4540.9], [611.9, 4540.9], [611.9, 4542.9], [613.9, 4542.9], [613.9, 4544.9], [615.9, 4544.9], [615.9, 4546.9], [613.9, 4546.9], [613.9, 4548.9], [611.9, 4548.9], [611.9, 4550.9], [609.9, 4550.9], [609.9, 4552.9], [607.9, 4552.9], [607.9, 4554.9], [605.9, 4554.9], [605.9, 4556.9], [603.9, 4556.9], [603.9, 4558.9], [598.0, 4558.9]]]}, "properties": {"cell_id": 323}}, {"type": "Feature", "geometry": {"type": "Polygon", "coordinates": [[[155.3, 4509.1], [155.3, 4507.1], [151.3, 4507.1], [151.3, 4505.1], [149.4, 4505.1], [149.4, 4503.1], [147.4, 4503.1], [147.4, 4499.2], [145.4, 4499.2], [145.4, 4491.2], [149.3, 4491.2], [149.3, 4489.2], [157.3, 4489.2], [157.3, 4487.2], [165.3, 4487.2], [165.3, 4491.2], [167.3, 4491.2], [167.3, 4495.2], [169.3, 4495.2], [169.3, 4497.2], [167.3, 4497.2], [167.3, 4501.1], [165.3, 4501.1], [165.3, 4505.1], [163.3, 4505.1], [163.3, 4507.1], [159.3, 4507.1], [159.3, 4509.1], [155.3, 4509.1]]]}, "properties": {"cell_id": 324}}, {"type": "Feature", "geometry": {"type": "Polygon", "coordinates": [[[1585.0, 4975.4], [1585.0, 4971.4], [1583.0, 4971.4], [1583.0, 4969.4], [1581.0, 4969.4], [1581.0, 4961.5], [1596.9, 4961.5], [1596.9, 4965.4], [1598.9, 4965.4], [1598.9, 4967.4], [1600.9, 4967.4], [1600.9, 4973.4], [1592.9, 4973.4], [1592.9, 4975.4], [1585.0, 4975.4]]]}, "properties": {"cell_id": 325}}, {"type": "Feature", "geometry": {"type": "Polygon", "coordinates": [[[1501.2, 4708.3], [1501.2, 4706.3], [1499.2, 4706.3], [1499.2, 4704.3], [1501.2, 4704.3], [1501.2, 4702.3], [1503.2, 4702.3], [1503.2, 4700.3], [1505.2, 4700.3], [1505.2, 4696.3], [1507.2, 4696.3], [1507.2, 4694.3], [1509.2, 4694.3], [1509.1, 4690.3], [1511.1, 4690.3], [1511.1, 4688.3], [1513.1, 4688.3], [1513.1, 4686.3], [1517.1, 4686.3], [1517.1, 4684.3], [1523.1, 4684.3], [1523.1, 4686.3], [1525.1, 4686.3], [1525.1, 4690.3], [1527.1, 4690.3], [1527.1, 4706.3], [1523.1, 4706.3], [1523.1, 4708.3], [1501.2, 4708.3]]]}, "properties": {"cell_id": 326}}, {"type": "Feature", "geometry": {"type": "Polygon", "coordinates": [[[410.6, 4889.9], [410.6, 4885.9], [406.6, 4885.9], [406.6, 4883.9], [404.6, 4883.9], [404.6, 4881.9], [402.6, 4881.9], [402.6, 4879.9], [404.6, 4879.9], [404.6, 4877.9], [406.6, 4877.9], [406.6, 4875.9], [408.6, 4875.9], [408.6, 4873.9], [410.6, 4873.9], [410.6, 4875.9], [412.6, 4875.9], [412.6, 4877.9], [422.6, 4877.9], [422.6, 4879.9], [426.6, 4879.9], [426.6, 4881.9], [422.6, 4881.9], [422.6, 4883.9], [420.6, 4883.9], [420.6, 4885.9], [418.6, 4885.9], [418.6, 4887.9], [414.6, 4887.9], [414.6, 4889.9], [410.6, 4889.9]]]}, "properties": {"cell_id": 327}}, {"type": "Feature", "geometry": {"type": "Polygon", "coordinates": [[[2488.1, 4608.4], [2488.1, 4606.4], [2484.1, 4606.4], [2484.1, 4604.4], [2482.1, 4604.4], [2482.1, 4602.4], [2480.1, 4602.4], [2480.1, 4600.4], [2478.1, 4600.4], [2478.1, 4596.5], [2476.1, 4596.5], [2476.1, 4594.5], [2478.1, 4594.5], [2478.1, 4590.5], [2480.1, 4590.5], [2480.1, 4588.5], [2484.1, 4588.5], [2484.1, 4586.5], [2486.1, 4586.5], [2486.1, 4588.5], [2488.1, 4588.5], [2488.1, 4590.5], [2490.1, 4590.5], [2490.1, 4592.5], [2494.1, 4592.5], [2494.1, 4594.5], [2498.1, 4594.5], [2498.1, 4596.5], [2502.0, 4596.5], [2502.0, 4600.4], [2500.1, 4600.4], [2500.1, 4604.4], [2498.1, 4604.4], [2498.1, 4606.4], [2494.1, 4606.4], [2494.1, 4608.4], [2488.1, 4608.4]]]}, "properties": {"cell_id": 328}}, {"type": "Feature", "geometry": {"type": "Polygon", "coordinates": [[[1961.8, 5009.2], [1961.8, 5007.2], [1955.8, 5007.3], [1955.8, 5003.3], [1953.8, 5003.3], [1953.8, 5001.3], [1951.8, 5001.3], [1951.8, 4997.3], [1957.8, 4997.3], [1957.8, 4995.3], [1959.8, 4995.3], [1959.8, 4991.3], [1963.8, 4991.3], [1963.8, 4989.3], [1967.8, 4989.3], [1967.8, 4993.3], [1969.8, 4993.3], [1969.8, 4997.3], [1967.8, 4997.3], [1967.8, 5001.3], [1965.8, 5001.3], [1965.8, 5007.2], [1963.8, 5007.2], [1963.8, 5009.2], [1961.8, 5009.2]]]}, "properties": {"cell_id": 329}}, {"type": "Feature", "geometry": {"type": "Polygon", "coordinates": [[[584.1, 4812.1], [584.1, 4810.1], [580.1, 4810.1], [580.1, 4808.1], [578.1, 4808.1], [578.1, 4804.1], [576.1, 4804.1], [576.1, 4798.1], [578.1, 4798.1], [578.1, 4796.1], [580.1, 4796.1], [580.1, 4792.2], [582.1, 4792.2], [582.1, 4788.2], [586.0, 4788.2], [586.0, 4786.2], [592.0, 4786.2], [592.0, 4788.2], [596.0, 4788.2], [596.0, 4790.2], [598.0, 4790.2], [598.0, 4794.1], [600.0, 4794.1], [600.0, 4798.1], [598.0, 4798.1], [598.0, 4802.1], [596.0, 4802.1], [596.0, 4806.1], [594.0, 4806.1], [594.0, 4808.1], [592.0, 4808.1], [592.0, 4810.1], [588.0, 4810.1], [588.0, 4812.1], [584.1, 4812.1]]]}, "properties": {"cell_id": 330}}, {"type": "Feature", "geometry": {"type": "Polygon", "coordinates": [[[1993.7, 5011.2], [1993.7, 5009.2], [1991.7, 5009.2], [1991.7, 5005.3], [1993.7, 5005.3], [1993.7, 4999.3], [1995.7, 4999.3], [1995.7, 4995.3], [1997.7, 4995.3], [1997.7, 4991.3], [1999.7, 4991.3], [1999.7, 4995.3], [2001.7, 4995.3], [2001.7, 4999.3], [2003.7, 4999.3], [2003.7, 5005.2], [2005.7, 5005.2], [2005.7, 5009.2], [1999.7, 5009.2], [1999.7, 5011.2], [1993.7, 5011.2]]]}, "properties": {"cell_id": 331}}, {"type": "Feature", "geometry": {"type": "Polygon", "coordinates": [[[811.3, 4844.0], [811.3, 4842.0], [807.4, 4842.0], [807.4, 4840.0], [805.4, 4840.0], [805.4, 4838.0], [803.4, 4838.0], [803.4, 4836.0], [801.4, 4836.0], [801.4, 4832.0], [799.4, 4832.0], [799.4, 4826.0], [797.4, 4826.0], [797.4, 4824.0], [799.4, 4824.0], [799.4, 4820.0], [801.4, 4820.0], [801.4, 4816.0], [803.4, 4816.0], [803.4, 4814.1], [807.4, 4814.1], [807.4, 4812.1], [811.3, 4812.1], [811.3, 4814.0], [815.3, 4814.0], [815.3, 4816.0], [817.3, 4816.0], [817.3, 4818.0], [819.3, 4818.0], [819.3, 4822.0], [821.3, 4822.0], [821.3, 4828.0], [823.3, 4828.0], [823.3, 4832.0], [821.3, 4832.0], [821.3, 4836.0], [819.3, 4836.0], [819.3, 4840.0], [817.3, 4840.0], [817.3, 4842.0], [813.3, 4842.0], [813.3, 4844.0], [811.3, 4844.0]]]}, "properties": {"cell_id": 332}}, {"type": "Feature", "geometry": {"type": "Polygon", "coordinates": [[[2472.1, 4510.7], [2472.1, 4508.7], [2468.1, 4508.7], [2468.1, 4506.7], [2466.1, 4506.7], [2466.1, 4502.8], [2464.1, 4502.8], [2464.1, 4500.8], [2466.1, 4500.8], [2466.1, 4498.8], [2468.1, 4498.8], [2468.1, 4496.8], [2470.1, 4496.8], [2470.1, 4494.8], [2474.1, 4494.8], [2474.1, 4492.8], [2476.1, 4492.8], [2476.1, 4490.8], [2478.1, 4490.8], [2478.1, 4488.8], [2484.1, 4488.8], [2484.1, 4490.8], [2486.1, 4490.8], [2486.1, 4494.8], [2488.1, 4494.8], [2488.1, 4500.8], [2486.1, 4500.8], [2486.1, 4504.7], [2484.1, 4504.7], [2484.1, 4506.7], [2482.1, 4506.7], [2482.1, 4508.7], [2478.1, 4508.7], [2478.1, 4510.7], [2472.1, 4510.7]]]}, "properties": {"cell_id": 333}}, {"type": "Feature", "geometry": {"type": "Polygon", "coordinates": [[[1487.2, 4706.3], [1487.2, 4704.3], [1483.2, 4704.3], [1483.2, 4702.3], [1481.2, 4702.3], [1481.2, 4700.3], [1479.2, 4700.3], [1479.2, 4696.3], [1477.3, 4696.3], [1477.2, 4690.3], [1479.2, 4690.3], [1479.2, 4686.3], [1481.2, 4686.3], [1481.2, 4684.3], [1485.2, 4684.3], [1485.2, 4682.4], [1493.2, 4682.4], [1493.2, 4684.3], [1495.2, 4684.3], [1495.2, 4696.3], [1493.2, 4696.3], [1493.2, 4704.3], [1489.2, 4704.3], [1489.2, 4706.3], [1487.2, 4706.3]]]}, "properties": {"cell_id": 334}}, {"type": "Feature", "geometry": {"type": "Polygon", "coordinates": [[[2402.4, 4995.2], [2402.4, 4993.2], [2400.4, 4993.2], [2400.4, 4991.2], [2398.4, 4991.2], [2398.4, 4989.2], [2396.4, 4989.2], [2396.4, 4987.2], [2394.4, 4987.2], [2394.4, 4985.2], [2396.4, 4985.2], [2396.4, 4981.3], [2398.4, 4981.3], [2398.4, 4977.3], [2400.4, 4977.3], [2400.4, 4975.3], [2404.4, 4975.3], [2404.4, 4973.3], [2412.4, 4973.3], [2412.4, 4975.3], [2416.4, 4975.3], [2416.4, 4977.3], [2418.4, 4977.3], [2418.4, 4981.3], [2420.4, 4981.3], [2420.4, 4985.2], [2418.4, 4985.2], [2418.4, 4989.2], [2416.4, 4989.2], [2416.4, 4991.2], [2414.4, 4991.2], [2414.4, 4993.2], [2410.4, 4993.2], [2410.4, 4995.2], [2402.4, 4995.2]]]}, "properties": {"cell_id": 335}}, {"type": "Feature", "geometry": {"type": "Polygon", "coordinates": [[[2358.6, 5027.1], [2358.6, 5025.1], [2356.6, 5025.1], [2356.6, 5019.1], [2358.6, 5019.1], [2358.6, 5009.2], [2362.5, 5009.2], [2362.5, 5007.2], [2368.5, 5007.2], [2368.5, 5009.2], [2372.5, 5009.2], [2372.5, 5011.2], [2374.5, 5011.2], [2374.5, 5013.2], [2376.5, 5013.2], [2376.5, 5019.1], [2372.5, 5019.1], [2372.5, 5021.1], [2370.5, 5021.1], [2370.5, 5023.1], [2362.6, 5023.1], [2362.6, 5025.1], [2360.6, 5025.1], [2360.6, 5027.1], [2358.6, 5027.1]]]}, "properties": {"cell_id": 336}}, {"type": "Feature", "geometry": {"type": "Polygon", "coordinates": [[[1876.0, 4835.8], [1876.0, 4833.8], [1870.1, 4833.8], [1870.1, 4831.8], [1868.1, 4831.8], [1868.1, 4823.8], [1870.0, 4823.8], [1870.0, 4813.9], [1874.0, 4813.9], [1874.0, 4815.9], [1878.0, 4815.9], [1878.0, 4817.9], [1880.0, 4817.9], [1880.0, 4819.9], [1882.0, 4819.9], [1882.0, 4823.8], [1884.0, 4823.8], [1884.0, 4827.8], [1882.0, 4827.8], [1882.0, 4831.8], [1880.0, 4831.8], [1880.0, 4833.8], [1878.0, 4833.8], [1878.0, 4835.8], [1876.0, 4835.8]]]}, "properties": {"cell_id": 337}}, {"type": "Feature", "geometry": {"type": "Polygon", "coordinates": [[[893.1, 4830.0], [893.1, 4816.0], [891.1, 4816.0], [891.1, 4808.1], [895.1, 4808.1], [895.1, 4806.1], [901.1, 4806.1], [901.1, 4808.1], [905.1, 4808.1], [905.1, 4828.0], [901.1, 4828.0], [901.1, 4830.0], [893.1, 4830.0]]]}, "properties": {"cell_id": 338}}, {"type": "Feature", "geometry": {"type": "Polygon", "coordinates": [[[2500.1, 4955.3], [2500.1, 4953.3], [2498.1, 4953.3], [2498.1, 4951.3], [2492.1, 4951.3], [2492.1, 4949.3], [2490.1, 4949.3], [2490.1, 4943.4], [2492.1, 4943.4], [2492.1, 4937.4], [2494.1, 4937.4], [2494.1, 4935.4], [2496.1, 4935.4], [2496.1, 4933.4], [2498.1, 4933.4], [2498.1, 4931.4], [2502.1, 4931.4], [2502.1, 4933.4], [2506.1, 4933.4], [2506.1, 4935.4], [2508.1, 4935.4], [2508.1, 4939.4], [2510.1, 4939.4], [2510.1, 4947.3], [2508.1, 4947.3], [2508.1, 4951.3], [2506.1, 4951.3], [2506.1, 4953.3], [2502.1, 4953.3], [2502.1, 4955.3], [2500.1, 4955.3]]]}, "properties": {"cell_id": 339}}, {"type": "Feature", "geometry": {"type": "Polygon", "coordinates": [[[1846.2, 5009.3], [1846.2, 5007.3], [1844.2, 5007.3], [1844.2, 5005.3], [1842.2, 5005.3], [1842.2, 5003.3], [1840.2, 5003.3], [1840.2, 5001.3], [1838.2, 5001.3], [1838.2, 4999.3], [1840.2, 4999.3], [1840.2, 4997.3], [1844.2, 4997.3], [1844.2, 4995.3], [1846.2, 4995.3], [1846.2, 4991.3], [1848.1, 4991.3], [1848.1, 4989.3], [1850.1, 4989.3], [1850.1, 4991.3], [1852.1, 4991.3], [1852.1, 4995.3], [1854.1, 4995.3], [1854.1, 4999.3], [1856.1, 4999.3], [1856.1, 5005.3], [1854.1, 5005.3], [1854.1, 5007.3], [1852.1, 5007.3], [1852.1, 5009.3], [1846.2, 5009.3]]]}, "properties": {"cell_id": 340}}, {"type": "Feature", "geometry": {"type": "Polygon", "coordinates": [[[2474.2, 4979.3], [2474.2, 4977.3], [2468.2, 4977.3], [2468.2, 4975.3], [2466.2, 4975.3], [2466.2, 4971.3], [2464.2, 4971.3], [2464.2, 4967.3], [2466.2, 4967.3], [2466.2, 4965.3], [2474.2, 4965.3], [2474.2, 4963.3], [2484.2, 4963.3], [2484.2, 4965.3], [2486.2, 4965.3], [2486.2, 4967.3], [2488.2, 4967.3], [2488.2, 4971.3], [2486.2, 4971.3], [2486.2, 4975.3], [2484.2, 4975.3], [2484.2, 4977.3], [2480.2, 4977.3], [2480.2, 4979.3], [2474.2, 4979.3]]]}, "properties": {"cell_id": 341}}, {"type": "Feature", "geometry": {"type": "Polygon", "coordinates": [[[2472.2, 4955.3], [2472.2, 4951.3], [2470.2, 4951.3], [2470.2, 4947.4], [2468.2, 4947.4], [2468.2, 4945.4], [2470.2, 4945.4], [2470.2, 4943.4], [2474.2, 4943.4], [2474.2, 4945.4], [2476.2, 4945.4], [2476.2, 4947.4], [2480.2, 4947.4], [2480.2, 4949.3], [2486.2, 4949.3], [2486.2, 4953.3], [2484.2, 4953.3], [2484.2, 4955.3], [2472.2, 4955.3]]]}, "properties": {"cell_id": 342}}, {"type": "Feature", "geometry": {"type": "Polygon", "coordinates": [[[839.3, 5033.4], [839.3, 5031.4], [835.3, 5031.4], [835.3, 5029.4], [833.3, 5029.4], [833.3, 5027.4], [831.3, 5027.4], [831.3, 5025.4], [829.3, 5025.4], [829.3, 5021.4], [827.3, 5021.4], [827.3, 5017.4], [825.3, 5017.4], [825.3, 5013.4], [827.3, 5013.4], [827.3, 5009.4], [829.3, 5009.4], [829.3, 5007.4], [831.3, 5007.4], [831.3, 5005.4], [833.3, 5005.4], [833.3, 5007.4], [843.3, 5007.4], [843.3, 5009.4], [847.3, 5009.4], [847.3, 5013.4], [849.3, 5013.4], [849.3, 5017.4], [851.3, 5017.4], [851.3, 5023.4], [849.3, 5023.4], [849.3, 5027.4], [847.3, 5027.4], [847.3, 5029.4], [845.3, 5029.4], [845.3, 5031.4], [841.3, 5031.4], [841.3, 5033.4], [839.3, 5033.4]]]}, "properties": {"cell_id": 343}}, {"type": "Feature", "geometry": {"type": "Polygon", "coordinates": [[[1937.9, 5015.2], [1937.9, 5013.2], [1933.9, 5013.2], [1933.9, 5011.2], [1931.9, 5011.2], [1931.9, 5009.2], [1929.9, 5009.2], [1929.9, 5005.3], [1927.9, 5005.3], [1927.9, 5003.3], [1929.9, 5003.3], [1929.9, 4999.3], [1933.9, 4999.3], [1933.9, 4997.3], [1935.9, 4997.3], [1935.9, 4999.3], [1939.9, 4999.3], [1939.9, 5001.3], [1953.8, 5001.3], [1953.8, 5003.3], [1955.8, 5003.3], [1955.8, 5007.3], [1947.8, 5007.3], [1947.8, 5009.2], [1943.9, 5009.2], [1943.9, 5011.2], [1941.9, 5011.2], [1941.9, 5013.2], [1939.9, 5013.2], [1939.9, 5015.2], [1937.9, 5015.2]]]}, "properties": {"cell_id": 344}}, {"type": "Feature", "geometry": {"type": "Polygon", "coordinates": [[[1150.3, 5051.2], [1150.3, 5049.3], [1146.3, 5049.3], [1146.3, 5047.3], [1144.3, 5047.3], [1144.3, 5033.3], [1150.3, 5033.3], [1150.3, 5031.3], [1156.3, 5031.3], [1156.3, 5049.3], [1154.3, 5049.3], [1154.3, 5051.2], [1150.3, 5051.2]]]}, "properties": {"cell_id": 345}}, {"type": "Feature", "geometry": {"type": "Polygon", "coordinates": [[[735.6, 5033.4], [735.6, 5031.4], [733.6, 5031.4], [733.6, 5027.4], [735.6, 5027.4], [735.6, 5023.4], [737.6, 5023.4], [737.6, 5017.4], [739.6, 5017.4], [739.6, 5013.4], [745.6, 5013.4], [745.6, 5015.4], [749.6, 5015.4], [749.6, 5017.4], [751.6, 5017.4], [751.6, 5023.4], [747.6, 5023.4], [747.6, 5025.4], [745.6, 5025.4], [745.6, 5027.4], [743.6, 5027.4], [743.6, 5029.4], [739.6, 5029.4], [739.6, 5031.4], [737.6, 5031.4], [737.6, 5033.4], [735.6, 5033.4]]]}, "properties": {"cell_id": 346}}, {"type": "Feature", "geometry": {"type": "Polygon", "coordinates": [[[1955.8, 4819.8], [1955.8, 4817.8], [1951.8, 4817.8], [1951.8, 4815.9], [1949.8, 4815.9], [1949.8, 4811.9], [1947.8, 4811.9], [1947.8, 4803.9], [1949.8, 4803.9], [1949.8, 4799.9], [1951.8, 4799.9], [1951.8, 4797.9], [1955.8, 4797.9], [1955.8, 4795.9], [1963.8, 4795.9], [1963.8, 4797.9], [1967.7, 4797.9], [1967.7, 4799.9], [1969.7, 4799.9], [1969.7, 4803.9], [1971.7, 4803.9], [1971.7, 4809.9], [1969.7, 4809.9], [1969.7, 4813.9], [1967.7, 4813.9], [1967.7, 4815.9], [1965.8, 4815.9], [1965.8, 4817.8], [1961.8, 4817.8], [1961.8, 4819.8], [1955.8, 4819.8]]]}, "properties": {"cell_id": 347}}, {"type": "Feature", "geometry": {"type": "Polygon", "coordinates": [[[2077.4, 4975.3], [2077.4, 4973.3], [2069.5, 4973.3], [2069.5, 4971.3], [2065.5, 4971.3], [2065.5, 4967.4], [2063.5, 4967.4], [2063.5, 4965.4], [2061.5, 4965.4], [2061.5, 4963.4], [2063.5, 4963.4], [2063.5, 4961.4], [2065.5, 4961.4], [2065.5, 4959.4], [2073.4, 4959.4], [2073.4, 4961.4], [2089.4, 4961.4], [2089.4, 4967.4], [2087.4, 4967.4], [2087.4, 4971.3], [2085.4, 4971.3], [2085.4, 4973.3], [2083.4, 4973.3], [2083.4, 4975.3], [2077.4, 4975.3]]]}, "properties": {"cell_id": 348}}, {"type": "Feature", "geometry": {"type": "Polygon", "coordinates": [[[2201.1, 5053.1], [2201.1, 5051.1], [2197.1, 5051.1], [2197.1, 5049.1], [2195.1, 5049.1], [2195.1, 5045.1], [2197.1, 5045.1], [2197.1, 5041.1], [2199.1, 5041.1], [2199.1, 5035.1], [2201.1, 5035.1], [2201.1, 5033.1], [2211.0, 5033.1], [2211.0, 5035.1], [2213.0, 5035.1], [2213.0, 5039.1], [2215.0, 5039.1], [2215.0, 5043.1], [2217.0, 5043.1], [2217.0, 5045.1], [2215.0, 5045.1], [2215.0, 5047.1], [2213.0, 5047.1], [2213.0, 5049.1], [2209.0, 5049.1], [2209.0, 5051.1], [2205.0, 5051.1], [2205.0, 5053.1], [2201.1, 5053.1]]]}, "properties": {"cell_id": 349}}, {"type": "Feature", "geometry": {"type": "Polygon", "coordinates": [[[2444.3, 5188.6], [2444.3, 5186.6], [2442.3, 5186.6], [2442.3, 5184.6], [2440.3, 5184.6], [2440.3, 5180.6], [2438.3, 5180.6], [2438.3, 5174.6], [2440.3, 5174.6], [2440.3, 5172.6], [2458.3, 5172.6], [2458.3, 5174.6], [2456.3, 5174.6], [2456.3, 5176.6], [2454.3, 5176.6], [2454.3, 5180.6], [2452.3, 5180.6], [2452.3, 5182.6], [2450.3, 5182.6], [2450.3, 5184.6], [2448.3, 5184.6], [2448.3, 5186.6], [2446.3, 5186.6], [2446.3, 5188.6], [2444.3, 5188.6]]]}, "properties": {"cell_id": 350}}, {"type": "Feature", "geometry": {"type": "Polygon", "coordinates": [[[2131.3, 5019.2], [2131.3, 5017.2], [2129.3, 5017.2], [2129.3, 5015.2], [2127.3, 5015.2], [2127.3, 5011.2], [2125.3, 5011.2], [2125.3, 5005.2], [2129.3, 5005.2], [2129.3, 5003.2], [2131.3, 5003.2], [2131.3, 5001.2], [2133.3, 5001.2], [2133.3, 4999.2], [2137.2, 4999.2], [2137.2, 5003.2], [2139.2, 5003.2], [2139.2, 5009.2], [2141.2, 5009.2], [2141.2, 5015.2], [2139.2, 5015.2], [2139.2, 5017.2], [2133.3, 5017.2], [2133.3, 5019.2], [2131.3, 5019.2]]]}, "properties": {"cell_id": 351}}, {"type": "Feature", "geometry": {"type": "Polygon", "coordinates": [[[807.4, 4796.1], [807.4, 4794.1], [803.4, 4794.1], [803.4, 4792.1], [801.4, 4792.1], [801.4, 4790.1], [799.4, 4790.1], [799.4, 4788.1], [797.4, 4788.1], [797.4, 4784.1], [795.4, 4784.1], [795.4, 4776.2], [797.4, 4776.2], [797.4, 4772.2], [799.4, 4772.2], [799.4, 4770.2], [801.4, 4770.2], [801.4, 4768.2], [805.4, 4768.2], [805.4, 4766.2], [807.3, 4766.2], [807.3, 4768.2], [813.3, 4768.2], [813.3, 4770.2], [817.3, 4770.2], [817.3, 4772.2], [819.3, 4772.2], [819.3, 4774.2], [821.3, 4774.2], [821.3, 4778.2], [823.3, 4778.2], [823.3, 4782.1], [825.3, 4782.1], [825.3, 4786.1], [823.3, 4786.1], [823.3, 4790.1], [821.3, 4790.1], [821.3, 4792.1], [819.3, 4792.1], [819.3, 4794.1], [815.3, 4794.1], [815.3, 4796.1], [807.4, 4796.1]]]}, "properties": {"cell_id": 352}}, {"type": "Feature", "geometry": {"type": "Polygon", "coordinates": [[[362.7, 4652.6], [362.7, 4650.6], [342.8, 4650.6], [342.8, 4648.6], [340.8, 4648.6], [340.8, 4640.7], [342.8, 4640.7], [342.8, 4636.7], [344.8, 4636.7], [344.8, 4634.7], [346.8, 4634.7], [346.8, 4632.7], [350.7, 4632.7], [350.7, 4630.7], [352.7, 4630.7], [352.7, 4632.7], [356.7, 4632.7], [356.7, 4634.7], [360.7, 4634.7], [360.7, 4636.7], [362.7, 4636.7], [362.7, 4638.7], [364.7, 4638.7], [364.7, 4640.7], [366.7, 4640.7], [366.7, 4644.7], [368.7, 4644.7], [368.7, 4648.6], [366.7, 4648.6], [366.7, 4652.6], [362.7, 4652.6]]]}, "properties": {"cell_id": 353}}, {"type": "Feature", "geometry": {"type": "Polygon", "coordinates": [[[2414.4, 4965.3], [2414.4, 4959.3], [2412.4, 4959.3], [2412.4, 4953.3], [2410.4, 4953.3], [2410.4, 4945.4], [2412.4, 4945.4], [2412.4, 4943.4], [2416.4, 4943.4], [2416.4, 4941.4], [2418.4, 4941.4], [2418.4, 4943.4], [2420.4, 4943.4], [2420.4, 4945.4], [2424.3, 4945.4], [2424.3, 4947.4], [2426.3, 4947.4], [2426.3, 4949.4], [2428.3, 4949.4], [2428.3, 4951.3], [2430.3, 4951.3], [2430.3, 4955.3], [2428.3, 4955.3], [2428.3, 4959.3], [2426.3, 4959.3], [2426.3, 4961.3], [2424.3, 4961.3], [2424.3, 4963.3], [2420.4, 4963.3], [2420.4, 4965.3], [2414.4, 4965.3]]]}, "properties": {"cell_id": 354}}, {"type": "Feature", "geometry": {"type": "Polygon", "coordinates": [[[1590.9, 4831.9], [1590.9, 4829.9], [1586.9, 4829.9], [1586.9, 4827.9], [1584.9, 4827.9], [1584.9, 4825.9], [1582.9, 4825.9], [1582.9, 4821.9], [1580.9, 4821.9], [1580.9, 4813.9], [1582.9, 4813.9], [1582.9, 4809.9], [1584.9, 4809.9], [1584.9, 4807.9], [1586.9, 4807.9], [1586.9, 4805.9], [1590.9, 4805.9], [1590.9, 4804.0], [1594.9, 4804.0], [1594.9, 4805.9], [1598.9, 4805.9], [1598.9, 4807.9], [1600.9, 4807.9], [1600.9, 4809.9], [1602.9, 4809.9], [1602.9, 4813.9], [1604.9, 4813.9], [1604.9, 4817.9], [1606.9, 4817.9], [1606.9, 4821.9], [1604.9, 4821.9], [1604.9, 4825.9], [1602.9, 4825.9], [1602.9, 4827.9], [1600.9, 4827.9], [1600.9, 4829.9], [1596.9, 4829.9], [1596.9, 4831.9], [1590.9, 4831.9]]]}, "properties": {"cell_id": 355}}, {"type": "Feature", "geometry": {"type": "Polygon", "coordinates": [[[2233.0, 5049.1], [2233.0, 5047.1], [2229.0, 5047.1], [2229.0, 5045.1], [2227.0, 5045.1], [2227.0, 5041.1], [2229.0, 5041.1], [2229.0, 5037.1], [2231.0, 5037.1], [2231.0, 5035.1], [2233.0, 5035.1], [2233.0, 5031.1], [2234.9, 5031.1], [2234.9, 5029.1], [2236.9, 5029.1], [2236.9, 5027.1], [2240.9, 5027.1], [2240.9, 5025.1], [2246.9, 5025.1], [2246.9, 5045.1], [2242.9, 5045.1], [2242.9, 5047.1], [2238.9, 5047.1], [2238.9, 5049.1], [2233.0, 5049.1]]]}, "properties": {"cell_id": 356}}, {"type": "Feature", "geometry": {"type": "Polygon", "coordinates": [[[721.6, 4652.6], [721.6, 4650.6], [717.6, 4650.6], [717.6, 4648.6], [715.6, 4648.6], [715.6, 4646.6], [713.6, 4646.6], [713.6, 4644.6], [711.6, 4644.6], [711.6, 4640.6], [709.6, 4640.6], [709.6, 4634.6], [711.6, 4634.6], [711.6, 4630.6], [713.6, 4630.6], [713.6, 4628.6], [719.6, 4628.6], [719.6, 4630.6], [721.6, 4630.6], [721.6, 4632.6], [723.6, 4632.6], [723.6, 4634.6], [727.6, 4634.6], [727.6, 4636.6], [731.6, 4636.6], [731.6, 4638.6], [733.6, 4638.6], [733.6, 4644.6], [731.6, 4644.6], [731.6, 4648.6], [729.6, 4648.6], [729.6, 4650.6], [725.6, 4650.6], [725.6, 4652.6], [721.6, 4652.6]]]}, "properties": {"cell_id": 357}}, {"type": "Feature", "geometry": {"type": "Polygon", "coordinates": [[[1602.9, 4895.7], [1602.9, 4893.7], [1598.9, 4893.7], [1598.9, 4891.7], [1596.9, 4891.7], [1596.9, 4889.7], [1594.9, 4889.7], [1594.9, 4885.7], [1592.9, 4885.7], [1592.9, 4881.7], [1590.9, 4881.7], [1590.9, 4879.7], [1592.9, 4879.7], [1592.9, 4877.7], [1594.9, 4877.7], [1594.9, 4875.7], [1598.9, 4875.7], [1598.9, 4873.7], [1602.9, 4873.7], [1602.9, 4875.7], [1606.9, 4875.7], [1606.9, 4877.7], [1608.9, 4877.7], [1608.9, 4879.7], [1610.9, 4879.7], [1610.9, 4883.7], [1612.9, 4883.7], [1612.9, 4889.7], [1610.9, 4889.7], [1610.9, 4893.7], [1608.9, 4893.7], [1608.9, 4895.7], [1602.9, 4895.7]]]}, "properties": {"cell_id": 358}}, {"type": "Feature", "geometry": {"type": "Polygon", "coordinates": [[[2368.5, 5057.0], [2368.5, 5055.0], [2364.6, 5055.0], [2364.5, 5053.0], [2362.6, 5053.0], [2362.6, 5049.1], [2360.6, 5049.1], [2360.6, 5043.1], [2362.6, 5043.1], [2362.6, 5039.1], [2364.5, 5039.1], [2364.5, 5037.1], [2368.5, 5037.1], [2368.5, 5035.1], [2378.5, 5035.1], [2378.5, 5037.1], [2382.5, 5037.1], [2382.5, 5039.1], [2384.5, 5039.1], [2384.5, 5043.1], [2386.5, 5043.1], [2386.5, 5049.0], [2384.5, 5049.0], [2384.5, 5053.0], [2382.5, 5053.0], [2382.5, 5055.0], [2378.5, 5055.0], [2378.5, 5057.0], [2368.5, 5057.0]]]}, "properties": {"cell_id": 359}}, {"type": "Feature", "geometry": {"type": "Polygon", "coordinates": [[[2294.8, 4973.3], [2294.8, 4971.3], [2292.8, 4971.3], [2292.8, 4969.3], [2290.8, 4969.3], [2290.8, 4967.3], [2288.8, 4967.3], [2288.8, 4961.3], [2290.8, 4961.3], [2290.8, 4959.3], [2300.7, 4959.3], [2300.7, 4957.4], [2304.7, 4957.3], [2304.7, 4955.4], [2308.7, 4955.4], [2308.7, 4953.4], [2310.7, 4953.4], [2310.7, 4955.4], [2312.7, 4955.4], [2312.7, 4957.3], [2314.7, 4957.3], [2314.7, 4961.3], [2316.7, 4961.3], [2316.7, 4965.3], [2314.7, 4965.3], [2314.7, 4969.3], [2312.7, 4969.3], [2312.7, 4971.3], [2310.7, 4971.3], [2310.7, 4973.3], [2294.8, 4973.3]]]}, "properties": {"cell_id": 360}}, {"type": "Feature", "geometry": {"type": "Polygon", "coordinates": [[[1577.0, 5043.2], [1577.0, 5041.2], [1571.0, 5041.2], [1571.0, 5039.2], [1569.0, 5039.2], [1569.0, 5035.2], [1567.0, 5035.2], [1567.0, 5029.2], [1569.0, 5029.2], [1569.0, 5025.3], [1571.0, 5025.3], [1571.0, 5023.3], [1573.0, 5023.3], [1573.0, 5025.3], [1577.0, 5025.3], [1577.0, 5027.3], [1579.0, 5027.3], [1579.0, 5029.2], [1581.0, 5029.2], [1581.0, 5031.2], [1585.0, 5031.2], [1585.0, 5037.2], [1583.0, 5037.2], [1583.0, 5041.2], [1581.0, 5041.2], [1581.0, 5043.2], [1577.0, 5043.2]]]}, "properties": {"cell_id": 361}}, {"type": "Feature", "geometry": {"type": "Polygon", "coordinates": [[[1557.0, 4943.5], [1557.0, 4941.5], [1553.1, 4941.5], [1553.1, 4939.5], [1551.1, 4939.5], [1551.1, 4937.5], [1549.1, 4937.5], [1549.1, 4933.6], [1547.1, 4933.6], [1547.1, 4929.6], [1549.1, 4929.6], [1549.1, 4925.6], [1551.1, 4925.6], [1551.1, 4921.6], [1553.1, 4921.6], [1553.1, 4919.6], [1557.0, 4919.6], [1557.0, 4917.6], [1563.0, 4917.6], [1563.0, 4919.6], [1565.0, 4919.6], [1565.0, 4921.6], [1567.0, 4921.6], [1567.0, 4925.6], [1569.0, 4925.6], [1569.0, 4931.6], [1565.0, 4931.6], [1565.0, 4935.5], [1563.0, 4935.5], [1563.0, 4937.5], [1561.0, 4937.5], [1561.0, 4939.5], [1559.0, 4939.5], [1559.0, 4943.5], [1557.0, 4943.5]]]}, "properties": {"cell_id": 362}}, {"type": "Feature", "geometry": {"type": "Polygon", "coordinates": [[[2482.1, 4562.6], [2482.1, 4560.6], [2478.1, 4560.6], [2478.1, 4556.6], [2476.1, 4556.6], [2476.1, 4546.6], [2478.1, 4546.6], [2478.1, 4542.6], [2480.1, 4542.6], [2480.1, 4540.6], [2484.1, 4540.6], [2484.1, 4538.6], [2490.1, 4538.6], [2490.1, 4540.6], [2494.1, 4540.6], [2494.1, 4542.6], [2496.1, 4542.6], [2496.1, 4544.6], [2498.0, 4544.6], [2498.0, 4548.6], [2500.0, 4548.6], [2500.0, 4554.6], [2498.0, 4554.6], [2498.0, 4558.6], [2496.1, 4558.6], [2496.1, 4560.6], [2494.1, 4560.6], [2494.1, 4562.6], [2482.1, 4562.6]]]}, "properties": {"cell_id": 363}}, {"type": "Feature", "geometry": {"type": "Polygon", "coordinates": [[[663.8, 4844.0], [663.8, 4842.0], [661.8, 4842.0], [661.8, 4840.0], [659.8, 4840.0], [659.8, 4838.0], [655.8, 4838.0], [655.8, 4836.0], [653.8, 4836.0], [653.8, 4834.0], [651.8, 4834.0], [651.8, 4830.0], [653.8, 4830.0], [653.8, 4826.0], [655.8, 4826.0], [655.8, 4824.0], [659.8, 4824.0], [659.8, 4822.0], [663.8, 4822.0], [663.8, 4820.1], [665.8, 4820.1], [665.8, 4822.0], [669.8, 4822.0], [669.8, 4824.0], [671.8, 4824.0], [671.8, 4826.0], [673.8, 4826.0], [673.8, 4830.0], [675.8, 4830.0], [675.8, 4834.0], [673.8, 4834.0], [673.8, 4838.0], [671.8, 4838.0], [671.8, 4840.0], [669.8, 4840.0], [669.8, 4842.0], [665.8, 4842.0], [665.8, 4844.0], [663.8, 4844.0]]]}, "properties": {"cell_id": 364}}, {"type": "Feature", "geometry": {"type": "Polygon", "coordinates": [[[1088.5, 5039.3], [1088.5, 5037.3], [1086.5, 5037.3], [1086.5, 5035.3], [1084.5, 5035.3], [1084.5, 5031.3], [1082.5, 5031.3], [1082.5, 5029.3], [1080.5, 5029.3], [1080.5, 5025.3], [1082.5, 5025.3], [1082.5, 5023.3], [1084.5, 5023.3], [1084.5, 5021.4], [1086.5, 5021.4], [1086.5, 5019.4], [1090.5, 5019.4], [1090.5, 5017.4], [1092.5, 5017.4], [1092.5, 5015.4], [1098.5, 5015.4], [1098.5, 5017.4], [1100.5, 5017.4], [1100.5, 5023.3], [1098.5, 5023.3], [1098.5, 5035.3], [1096.5, 5035.3], [1096.5, 5037.3], [1092.5, 5037.3], [1092.5, 5039.3], [1088.5, 5039.3]]]}, "properties": {"cell_id": 365}}, {"type": "Feature", "geometry": {"type": "Polygon", "coordinates": [[[2097.3, 4706.2], [2097.3, 4704.2], [2095.3, 4704.2], [2095.3, 4702.2], [2091.3, 4702.2], [2091.3, 4700.2], [2089.3, 4700.2], [2089.3, 4698.2], [2087.4, 4698.2], [2087.4, 4692.2], [2089.3, 4692.2], [2089.3, 4688.2], [2091.3, 4688.2], [2091.3, 4684.2], [2093.3, 4684.2], [2093.3, 4682.3], [2097.3, 4682.3], [2097.3, 4680.3], [2101.3, 4680.3], [2101.3, 4682.2], [2103.3, 4682.2], [2103.3, 4684.2], [2105.3, 4684.2], [2105.3, 4688.2], [2107.3, 4688.2], [2107.3, 4696.2], [2105.3, 4696.2], [2105.3, 4698.2], [2103.3, 4698.2], [2103.3, 4702.2], [2101.3, 4702.2], [2101.3, 4704.2], [2099.3, 4704.2], [2099.3, 4706.2], [2097.3, 4706.2]]]}, "properties": {"cell_id": 366}}, {"type": "Feature", "geometry": {"type": "Polygon", "coordinates": [[[1921.9, 4983.3], [1921.9, 4981.3], [1919.9, 4981.3], [1919.9, 4979.3], [1917.9, 4979.3], [1917.9, 4977.4], [1913.9, 4977.4], [1913.9, 4973.4], [1911.9, 4973.4], [1911.9, 4971.4], [1910.0, 4971.4], [1910.0, 4969.4], [1911.9, 4969.4], [1911.9, 4963.4], [1917.9, 4963.4], [1917.9, 4965.4], [1919.9, 4965.4], [1919.9, 4967.4], [1921.9, 4967.4], [1921.9, 4969.4], [1929.9, 4969.4], [1929.9, 4971.4], [1931.9, 4971.4], [1931.9, 4975.4], [1929.9, 4975.4], [1929.9, 4977.3], [1927.9, 4977.3], [1927.9, 4979.3], [1925.9, 4979.3], [1925.9, 4981.3], [1923.9, 4981.3], [1923.9, 4983.3], [1921.9, 4983.3]]]}, "properties": {"cell_id": 367}}, {"type": "Feature", "geometry": {"type": "Polygon", "coordinates": [[[2454.3, 4955.3], [2454.3, 4953.3], [2452.3, 4953.3], [2452.3, 4951.3], [2448.3, 4951.3], [2448.3, 4947.4], [2450.3, 4947.4], [2450.3, 4945.4], [2454.3, 4945.4], [2454.3, 4947.4], [2456.2, 4947.4], [2456.2, 4945.4], [2458.2, 4945.4], [2458.2, 4943.4], [2462.2, 4943.4], [2462.2, 4945.4], [2466.2, 4945.4], [2466.2, 4947.4], [2464.2, 4947.4], [2464.2, 4949.3], [2462.2, 4949.3], [2462.2, 4953.3], [2456.2, 4953.3], [2456.2, 4955.3], [2454.3, 4955.3]]]}, "properties": {"cell_id": 368}}, {"type": "Feature", "geometry": {"type": "Polygon", "coordinates": [[[877.1, 4538.9], [877.1, 4536.9], [875.1, 4536.9], [875.1, 4534.9], [871.1, 4534.9], [871.1, 4532.9], [869.1, 4532.9], [869.1, 4530.9], [867.1, 4530.9], [867.1, 4526.9], [869.1, 4526.9], [869.1, 4525.0], [875.1, 4524.9], [875.1, 4523.0], [877.1, 4523.0], [877.1, 4521.0], [879.1, 4521.0], [879.1, 4519.0], [881.1, 4519.0], [881.1, 4517.0], [883.1, 4517.0], [883.1, 4519.0], [885.1, 4519.0], [885.1, 4523.0], [887.1, 4523.0], [887.1, 4530.9], [885.1, 4530.9], [885.1, 4534.9], [883.1, 4534.9], [883.1, 4536.9], [881.1, 4536.9], [881.1, 4538.9], [877.1, 4538.9]]]}, "properties": {"cell_id": 369}}, {"type": "Feature", "geometry": {"type": "Polygon", "coordinates": [[[639.9, 4780.2], [639.9, 4776.2], [637.9, 4776.2], [637.9, 4770.2], [639.9, 4770.2], [639.9, 4766.2], [641.9, 4766.2], [641.9, 4764.2], [643.9, 4764.2], [643.9, 4762.2], [647.8, 4762.2], [647.8, 4760.2], [653.8, 4760.2], [653.8, 4762.2], [657.8, 4762.2], [657.8, 4764.2], [659.8, 4764.2], [659.8, 4768.2], [661.8, 4768.2], [661.8, 4772.2], [651.8, 4772.2], [651.8, 4774.2], [647.8, 4774.2], [647.8, 4776.2], [645.9, 4776.2], [645.9, 4778.2], [643.9, 4778.2], [643.9, 4780.2], [639.9, 4780.2]]]}, "properties": {"cell_id": 370}}, {"type": "Feature", "geometry": {"type": "Polygon", "coordinates": [[[2045.5, 5007.2], [2045.5, 5005.2], [2043.5, 5005.2], [2043.5, 5003.2], [2041.5, 5003.2], [2041.5, 4999.3], [2043.5, 4999.3], [2043.5, 4997.3], [2045.5, 4997.3], [2045.5, 4993.3], [2049.5, 4993.3], [2049.5, 4991.3], [2051.5, 4991.3], [2051.5, 4989.3], [2055.5, 4989.3], [2055.5, 4995.3], [2057.5, 4995.3], [2057.5, 4997.3], [2053.5, 4997.3], [2053.5, 5001.3], [2051.5, 5001.3], [2051.5, 5003.2], [2049.5, 5003.2], [2049.5, 5005.2], [2047.5, 5005.2], [2047.5, 5007.2], [2045.5, 5007.2]]]}, "properties": {"cell_id": 371}}, {"type": "Feature", "geometry": {"type": "Polygon", "coordinates": [[[452.5, 4891.9], [452.5, 4889.9], [448.5, 4889.9], [448.5, 4887.9], [446.5, 4887.9], [446.5, 4883.9], [444.5, 4883.9], [444.5, 4877.9], [446.5, 4877.9], [446.5, 4873.9], [448.5, 4873.9], [448.5, 4871.9], [450.5, 4871.9], [450.5, 4869.9], [454.5, 4869.9], [454.5, 4867.9], [458.5, 4867.9], [458.5, 4869.9], [462.4, 4869.9], [462.4, 4871.9], [464.4, 4871.9], [464.4, 4873.9], [466.4, 4873.9], [466.4, 4877.9], [468.4, 4877.9], [468.4, 4881.9], [466.4, 4881.9], [466.4, 4885.9], [464.4, 4885.9], [464.4, 4887.9], [462.4, 4887.9], [462.4, 4889.9], [458.5, 4889.9], [458.5, 4891.9], [452.5, 4891.9]]]}, "properties": {"cell_id": 372}}, {"type": "Feature", "geometry": {"type": "Polygon", "coordinates": [[[2232.9, 4849.7], [2232.9, 4847.7], [2230.9, 4847.7], [2230.9, 4845.7], [2226.9, 4845.7], [2226.9, 4843.7], [2224.9, 4843.7], [2224.9, 4825.8], [2228.9, 4825.8], [2228.9, 4823.8], [2232.9, 4823.8], [2232.9, 4825.8], [2236.9, 4825.8], [2236.9, 4827.8], [2238.9, 4827.8], [2238.9, 4831.8], [2240.9, 4831.8], [2240.9, 4843.7], [2238.9, 4843.7], [2238.9, 4847.7], [2236.9, 4847.7], [2236.9, 4849.7], [2232.9, 4849.7]]]}, "properties": {"cell_id": 373}}, {"type": "Feature", "geometry": {"type": "Polygon", "coordinates": [[[572.1, 4704.4], [572.1, 4702.4], [568.1, 4702.4], [568.1, 4700.4], [566.1, 4700.4], [566.1, 4696.5], [564.1, 4696.5], [564.1, 4690.5], [566.1, 4690.5], [566.1, 4686.5], [568.1, 4686.5], [568.1, 4684.5], [572.1, 4684.5], [572.1, 4682.5], [574.1, 4682.5], [574.1, 4684.5], [576.1, 4684.5], [576.1, 4686.5], [578.0, 4686.5], [578.0, 4688.5], [582.0, 4688.5], [582.0, 4690.5], [584.0, 4690.5], [584.0, 4692.5], [586.0, 4692.5], [586.0, 4694.5], [590.0, 4694.5], [590.0, 4696.5], [588.0, 4696.5], [588.0, 4698.5], [586.0, 4698.5], [586.0, 4700.4], [580.0, 4700.4], [580.0, 4702.4], [574.1, 4702.4], [574.1, 4704.4], [572.1, 4704.4]]]}, "properties": {"cell_id": 374}}, {"type": "Feature", "geometry": {"type": "Polygon", "coordinates": [[[195.2, 4507.1], [195.2, 4505.1], [191.2, 4505.1], [191.2, 4503.1], [189.2, 4503.1], [189.2, 4501.1], [187.2, 4501.1], [187.2, 4497.2], [185.2, 4497.2], [185.2, 4493.2], [187.2, 4493.2], [187.2, 4489.2], [189.2, 4489.2], [189.2, 4487.2], [191.2, 4487.2], [191.2, 4485.2], [195.2, 4485.2], [195.2, 4483.2], [205.2, 4483.2], [205.2, 4485.2], [209.2, 4485.2], [209.2, 4487.2], [211.2, 4487.2], [211.2, 4491.2], [213.1, 4491.2], [213.2, 4497.1], [211.2, 4497.1], [211.2, 4501.1], [209.2, 4501.1], [209.2, 4503.1], [205.2, 4503.1], [205.2, 4505.1], [201.2, 4505.1], [201.2, 4507.1], [195.2, 4507.1]]]}, "properties": {"cell_id": 375}}, {"type": "Feature", "geometry": {"type": "Polygon", "coordinates": [[[974.8, 4517.0], [974.8, 4515.0], [970.8, 4515.0], [970.8, 4513.0], [968.8, 4513.0], [968.8, 4511.0], [966.8, 4511.0], [966.8, 4507.0], [964.8, 4507.0], [964.8, 4499.0], [966.8, 4499.0], [966.8, 4495.0], [968.8, 4495.0], [968.8, 4493.0], [972.8, 4493.0], [972.8, 4491.0], [978.8, 4491.0], [978.8, 4493.0], [982.8, 4493.0], [982.8, 4495.0], [984.7, 4495.0], [984.7, 4497.0], [986.7, 4497.0], [986.7, 4499.0], [988.7, 4499.0], [988.7, 4503.0], [990.7, 4503.0], [990.7, 4507.0], [988.7, 4507.0], [988.7, 4511.0], [986.7, 4511.0], [986.7, 4513.0], [984.8, 4513.0], [984.8, 4515.0], [980.8, 4515.0], [980.8, 4517.0], [974.8, 4517.0]]]}, "properties": {"cell_id": 376}}, {"type": "Feature", "geometry": {"type": "Polygon", "coordinates": [[[486.3, 4584.8], [486.3, 4582.8], [482.3, 4582.8], [482.3, 4580.8], [480.3, 4580.8], [480.3, 4578.8], [478.3, 4578.8], [478.3, 4574.9], [476.3, 4574.9], [476.3, 4568.9], [478.3, 4568.9], [478.3, 4564.9], [480.3, 4564.9], [480.3, 4562.9], [484.3, 4562.9], [484.3, 4560.9], [492.3, 4560.9], [492.3, 4562.9], [496.3, 4562.9], [496.3, 4564.9], [498.3, 4564.9], [498.3, 4566.9], [500.3, 4566.9], [500.3, 4570.9], [502.3, 4570.9], [502.3, 4574.9], [500.3, 4574.9], [500.3, 4578.8], [498.3, 4578.8], [498.3, 4580.8], [496.3, 4580.8], [496.3, 4582.8], [492.3, 4582.8], [492.3, 4584.8], [486.3, 4584.8]]]}, "properties": {"cell_id": 377}}, {"type": "Feature", "geometry": {"type": "Polygon", "coordinates": [[[1254.0, 4879.8], [1254.0, 4877.8], [1250.0, 4877.8], [1250.0, 4875.8], [1248.0, 4875.8], [1248.0, 4871.8], [1246.0, 4871.8], [1246.0, 4863.8], [1248.0, 4863.8], [1248.0, 4859.8], [1250.0, 4859.8], [1250.0, 4857.8], [1252.0, 4857.8], [1252.0, 4855.8], [1256.0, 4855.8], [1256.0, 4853.9], [1263.9, 4853.8], [1263.9, 4855.8], [1267.9, 4855.8], [1267.9, 4857.8], [1269.9, 4857.8], [1269.9, 4861.8], [1271.9, 4861.8], [1271.9, 4869.8], [1269.9, 4869.8], [1269.9, 4873.8], [1267.9, 4873.8], [1267.9, 4875.8], [1265.9, 4875.8], [1265.9, 4877.8], [1262.0, 4877.8], [1262.0, 4879.8], [1254.0, 4879.8]]]}, "properties": {"cell_id": 378}}, {"type": "Feature", "geometry": {"type": "Polygon", "coordinates": [[[1672.7, 4829.9], [1672.7, 4827.9], [1668.7, 4827.9], [1668.7, 4825.9], [1666.7, 4825.9], [1666.7, 4821.9], [1664.7, 4821.9], [1664.7, 4817.9], [1662.7, 4817.9], [1662.7, 4813.9], [1664.7, 4813.9], [1664.7, 4809.9], [1666.7, 4809.9], [1666.7, 4807.9], [1668.7, 4807.9], [1668.7, 4805.9], [1672.7, 4805.9], [1672.7, 4803.9], [1674.7, 4803.9], [1674.7, 4805.9], [1678.6, 4805.9], [1678.6, 4807.9], [1682.6, 4807.9], [1682.6, 4809.9], [1684.6, 4809.9], [1684.6, 4811.9], [1686.6, 4811.9], [1686.6, 4815.9], [1688.6, 4815.9], [1688.6, 4821.9], [1686.6, 4821.9], [1686.6, 4825.9], [1684.6, 4825.9], [1684.6, 4827.9], [1680.6, 4827.9], [1680.6, 4829.9], [1672.7, 4829.9]]]}, "properties": {"cell_id": 379}}, {"type": "Feature", "geometry": {"type": "Polygon", "coordinates": [[[1866.0, 4508.8], [1866.0, 4506.8], [1864.0, 4506.8], [1864.0, 4504.8], [1862.0, 4504.8], [1862.0, 4494.9], [1864.0, 4494.9], [1864.0, 4492.9], [1866.0, 4492.9], [1866.0, 4490.9], [1868.0, 4490.9], [1868.0, 4486.9], [1870.0, 4486.9], [1870.0, 4484.9], [1872.0, 4484.9], [1872.0, 4482.9], [1874.0, 4482.9], [1874.0, 4478.9], [1878.0, 4478.9], [1878.0, 4476.9], [1880.0, 4476.9], [1880.0, 4478.9], [1883.9, 4478.9], [1883.9, 4480.9], [1887.9, 4480.9], [1887.9, 4482.9], [1889.9, 4482.9], [1889.9, 4484.9], [1891.9, 4484.9], [1891.9, 4488.9], [1893.9, 4488.9], [1893.9, 4500.9], [1891.9, 4500.9], [1891.9, 4504.8], [1889.9, 4504.8], [1889.9, 4506.8], [1876.0, 4506.8], [1876.0, 4508.8], [1866.0, 4508.8]]]}, "properties": {"cell_id": 380}}, {"type": "Feature", "geometry": {"type": "Polygon", "coordinates": [[[1872.1, 4997.3], [1872.1, 4995.3], [1870.1, 4995.3], [1870.1, 4991.3], [1868.1, 4991.3], [1868.1, 4987.3], [1866.1, 4987.3], [1866.1, 4983.3], [1864.1, 4983.3], [1864.1, 4981.3], [1866.1, 4981.3], [1866.1, 4979.4], [1868.1, 4979.4], [1868.1, 4977.4], [1870.1, 4977.4], [1870.1, 4975.4], [1874.1, 4975.4], [1874.1, 4973.4], [1878.1, 4973.4], [1878.1, 4971.4], [1880.0, 4971.4], [1880.0, 4975.4], [1882.0, 4975.4], [1882.0, 4979.4], [1884.0, 4979.4], [1884.0, 4985.3], [1886.0, 4985.3], [1886.0, 4989.3], [1884.0, 4989.3], [1884.0, 4991.3], [1882.0, 4991.3], [1882.0, 4993.3], [1880.0, 4993.3], [1880.0, 4995.3], [1876.1, 4995.3], [1876.1, 4997.3], [1872.1, 4997.3]]]}, "properties": {"cell_id": 381}}, {"type": "Feature", "geometry": {"type": "Polygon", "coordinates": [[[1638.8, 5103.0], [1638.8, 5101.0], [1634.8, 5101.0], [1634.8, 5099.0], [1632.8, 5099.0], [1632.8, 5097.0], [1630.8, 5097.0], [1630.8, 5093.0], [1628.8, 5093.0], [1628.8, 5091.0], [1630.8, 5091.0], [1630.8, 5089.0], [1632.8, 5089.0], [1632.8, 5087.1], [1634.8, 5087.1], [1634.8, 5083.1], [1636.8, 5083.1], [1636.8, 5079.1], [1640.8, 5079.1], [1640.8, 5077.1], [1644.8, 5077.1], [1644.8, 5079.1], [1648.8, 5079.1], [1648.8, 5081.1], [1652.8, 5081.1], [1652.8, 5083.1], [1654.8, 5083.1], [1654.8, 5085.1], [1656.8, 5085.1], [1656.8, 5093.0], [1654.8, 5093.0], [1654.8, 5099.0], [1650.8, 5099.0], [1650.8, 5101.0], [1646.8, 5101.0], [1646.8, 5103.0], [1638.8, 5103.0]]]}, "properties": {"cell_id": 382}}, {"type": "Feature", "geometry": {"type": "Polygon", "coordinates": [[[1481.3, 5077.1], [1481.3, 5073.1], [1479.3, 5073.1], [1479.3, 5069.1], [1477.3, 5069.1], [1477.3, 5065.1], [1475.3, 5065.1], [1475.3, 5061.2], [1473.3, 5061.2], [1473.3, 5059.2], [1475.3, 5059.2], [1475.3, 5057.2], [1477.3, 5057.2], [1477.3, 5055.2], [1481.3, 5055.2], [1481.3, 5053.2], [1487.3, 5053.2], [1487.3, 5055.2], [1491.3, 5055.2], [1491.3, 5057.2], [1493.3, 5057.2], [1493.3, 5061.2], [1495.3, 5061.2], [1495.3, 5069.1], [1493.3, 5069.1], [1493.3, 5073.1], [1491.3, 5073.1], [1491.3, 5075.1], [1487.3, 5075.1], [1487.3, 5077.1], [1481.3, 5077.1]]]}, "properties": {"cell_id": 383}}, {"type": "Feature", "geometry": {"type": "Polygon", "coordinates": [[[645.9, 4887.8], [645.9, 4885.9], [643.9, 4885.9], [643.9, 4881.9], [641.9, 4881.9], [641.9, 4873.9], [643.9, 4873.9], [643.9, 4869.9], [645.9, 4869.9], [645.9, 4867.9], [653.8, 4867.9], [653.8, 4869.9], [659.8, 4869.9], [659.8, 4871.9], [661.8, 4871.9], [661.8, 4873.9], [663.8, 4873.9], [663.8, 4875.9], [661.8, 4875.9], [661.8, 4877.9], [659.8, 4877.9], [659.8, 4879.9], [657.8, 4879.9], [657.8, 4881.9], [655.8, 4881.9], [655.8, 4883.9], [651.9, 4883.9], [651.9, 4885.9], [647.9, 4885.9], [647.9, 4887.8], [645.9, 4887.8]]]}, "properties": {"cell_id": 384}}, {"type": "Feature", "geometry": {"type": "Polygon", "coordinates": [[[1525.1, 4682.3], [1525.1, 4680.4], [1523.1, 4680.4], [1523.1, 4678.4], [1521.1, 4678.4], [1521.1, 4674.4], [1519.1, 4674.4], [1519.1, 4670.4], [1517.1, 4670.4], [1517.1, 4662.4], [1519.1, 4662.4], [1519.1, 4658.4], [1521.1, 4658.4], [1521.1, 4656.4], [1525.1, 4656.4], [1525.1, 4654.4], [1533.1, 4654.4], [1533.1, 4656.4], [1537.1, 4656.4], [1537.1, 4658.4], [1539.1, 4658.4], [1539.1, 4662.4], [1541.0, 4662.4], [1541.0, 4668.4], [1539.1, 4668.4], [1539.1, 4672.4], [1537.1, 4672.4], [1537.1, 4676.4], [1535.1, 4676.4], [1535.1, 4678.4], [1531.1, 4678.4], [1531.1, 4680.4], [1527.1, 4680.4], [1527.1, 4682.3], [1525.1, 4682.3]]]}, "properties": {"cell_id": 385}}, {"type": "Feature", "geometry": {"type": "Polygon", "coordinates": [[[1515.2, 5083.1], [1515.2, 5081.1], [1511.2, 5081.1], [1511.2, 5079.1], [1509.2, 5079.1], [1509.2, 5077.1], [1507.2, 5077.1], [1507.2, 5073.1], [1505.2, 5073.1], [1505.2, 5067.1], [1507.2, 5067.1], [1507.2, 5063.1], [1509.2, 5063.1], [1509.2, 5061.2], [1513.2, 5061.2], [1513.2, 5059.2], [1519.2, 5059.2], [1519.2, 5061.2], [1523.2, 5061.2], [1523.2, 5063.1], [1525.2, 5063.1], [1525.2, 5069.1], [1527.2, 5069.1], [1527.2, 5077.1], [1525.2, 5077.1], [1525.2, 5079.1], [1521.2, 5079.1], [1521.2, 5081.1], [1517.2, 5081.1], [1517.2, 5083.1], [1515.2, 5083.1]]]}, "properties": {"cell_id": 386}}, {"type": "Feature", "geometry": {"type": "Polygon", "coordinates": [[[314.9, 4820.1], [314.9, 4818.1], [310.9, 4818.1], [310.9, 4816.1], [308.9, 4816.1], [308.9, 4814.1], [306.9, 4814.1], [306.9, 4806.2], [310.9, 4806.2], [310.9, 4804.2], [312.9, 4804.2], [312.9, 4802.2], [316.9, 4802.2], [316.9, 4800.2], [320.9, 4800.2], [320.9, 4798.2], [322.9, 4798.2], [322.9, 4800.2], [324.9, 4800.2], [324.9, 4804.2], [322.9, 4804.2], [322.9, 4814.1], [320.9, 4814.1], [320.9, 4818.1], [318.9, 4818.1], [318.9, 4820.1], [314.9, 4820.1]]]}, "properties": {"cell_id": 387}}, {"type": "Feature", "geometry": {"type": "Polygon", "coordinates": [[[911.0, 4830.0], [911.0, 4828.0], [905.1, 4828.0], [905.1, 4808.1], [909.0, 4808.1], [909.0, 4806.1], [915.0, 4806.1], [915.0, 4808.1], [919.0, 4808.1], [919.0, 4810.0], [921.0, 4810.0], [921.0, 4814.0], [923.0, 4814.0], [923.0, 4822.0], [921.0, 4822.0], [921.0, 4826.0], [919.0, 4826.0], [919.0, 4828.0], [915.0, 4828.0], [915.0, 4830.0], [911.0, 4830.0]]]}, "properties": {"cell_id": 388}}, {"type": "Feature", "geometry": {"type": "Polygon", "coordinates": [[[2496.1, 5051.0], [2496.1, 5049.0], [2490.2, 5049.0], [2490.2, 5047.0], [2484.2, 5047.0], [2484.2, 5045.0], [2480.2, 5045.0], [2480.2, 5041.1], [2482.2, 5041.1], [2482.2, 5037.1], [2484.2, 5037.1], [2484.2, 5035.1], [2488.2, 5035.1], [2488.2, 5033.1], [2494.1, 5033.1], [2494.1, 5035.1], [2498.1, 5035.1], [2498.1, 5037.1], [2500.1, 5037.1], [2500.1, 5041.1], [2502.1, 5041.1], [2502.1, 5047.0], [2500.1, 5047.0], [2500.1, 5051.0], [2496.1, 5051.0]]]}, "properties": {"cell_id": 389}}, {"type": "Feature", "geometry": {"type": "Polygon", "coordinates": [[[598.0, 4848.0], [598.0, 4846.0], [594.0, 4846.0], [594.0, 4844.0], [590.0, 4844.0], [590.0, 4836.0], [592.0, 4836.0], [592.0, 4826.0], [600.0, 4826.0], [600.0, 4828.0], [604.0, 4828.0], [604.0, 4830.0], [606.0, 4830.0], [606.0, 4832.0], [608.0, 4832.0], [608.0, 4836.0], [610.0, 4836.0], [610.0, 4842.0], [608.0, 4842.0], [608.0, 4846.0], [606.0, 4846.0], [606.0, 4848.0], [598.0, 4848.0]]]}, "properties": {"cell_id": 390}}, {"type": "Feature", "geometry": {"type": "Polygon", "coordinates": [[[1762.4, 5093.0], [1762.4, 5091.0], [1758.4, 5091.0], [1758.4, 5089.0], [1756.4, 5089.0], [1756.4, 5083.0], [1758.4, 5083.0], [1758.4, 5081.1], [1760.4, 5081.1], [1760.4, 5079.1], [1764.4, 5079.1], [1764.4, 5081.1], [1766.4, 5081.0], [1766.4, 5083.0], [1768.4, 5083.0], [1768.4, 5085.0], [1770.4, 5085.0], [1770.4, 5087.0], [1772.4, 5087.0], [1772.4, 5091.0], [1768.4, 5091.0], [1768.4, 5093.0], [1762.4, 5093.0]]]}, "properties": {"cell_id": 391}}, {"type": "Feature", "geometry": {"type": "Polygon", "coordinates": [[[2173.1, 5045.1], [2173.1, 5037.1], [2175.1, 5037.1], [2175.1, 5035.1], [2173.1, 5035.1], [2173.1, 5033.1], [2177.1, 5033.1], [2177.1, 5037.1], [2185.1, 5037.1], [2185.1, 5043.1], [2181.1, 5043.1], [2181.1, 5045.1], [2173.1, 5045.1]]]}, "properties": {"cell_id": 392}}, {"type": "Feature", "geometry": {"type": "Polygon", "coordinates": [[[1694.6, 4662.4], [1694.6, 4660.4], [1690.6, 4660.4], [1690.6, 4658.4], [1688.6, 4658.4], [1688.6, 4654.4], [1686.6, 4654.4], [1686.6, 4646.4], [1688.6, 4646.4], [1688.6, 4642.4], [1690.6, 4642.4], [1690.6, 4640.4], [1694.6, 4640.4], [1694.6, 4638.5], [1698.6, 4638.5], [1698.6, 4640.4], [1702.5, 4640.4], [1702.5, 4642.4], [1706.5, 4642.4], [1706.5, 4644.4], [1708.5, 4644.4], [1708.5, 4648.4], [1710.5, 4648.4], [1710.5, 4654.4], [1708.5, 4654.4], [1708.5, 4658.4], [1706.5, 4658.4], [1706.5, 4660.4], [1702.5, 4660.4], [1702.5, 4662.4], [1694.6, 4662.4]]]}, "properties": {"cell_id": 393}}, {"type": "Feature", "geometry": {"type": "Polygon", "coordinates": [[[1892.0, 4780.0], [1892.0, 4772.0], [1890.0, 4772.0], [1890.0, 4770.0], [1892.0, 4770.0], [1892.0, 4768.0], [1894.0, 4768.0], [1894.0, 4766.0], [1896.0, 4766.0], [1896.0, 4764.0], [1898.0, 4764.0], [1898.0, 4762.0], [1899.9, 4762.0], [1899.9, 4760.0], [1901.9, 4760.0], [1901.9, 4758.0], [1907.9, 4758.0], [1907.9, 4760.0], [1909.9, 4760.0], [1909.9, 4764.0], [1911.9, 4764.0], [1911.9, 4770.0], [1909.9, 4770.0], [1909.9, 4772.0], [1903.9, 4772.0], [1903.9, 4774.0], [1899.9, 4774.0], [1899.9, 4776.0], [1898.0, 4776.0], [1898.0, 4778.0], [1894.0, 4778.0], [1894.0, 4780.0], [1892.0, 4780.0]]]}, "properties": {"cell_id": 394}}, {"type": "Feature", "geometry": {"type": "Polygon", "coordinates": [[[420.5, 4610.8], [420.5, 4608.8], [414.5, 4608.8], [414.5, 4606.8], [412.5, 4606.8], [412.5, 4604.8], [410.6, 4604.8], [410.6, 4600.8], [412.5, 4600.8], [412.5, 4596.8], [414.5, 4596.8], [414.5, 4594.8], [416.5, 4594.8], [416.5, 4592.8], [422.5, 4592.8], [422.5, 4594.8], [424.5, 4594.8], [424.5, 4596.8], [428.5, 4596.8], [428.5, 4600.8], [430.5, 4600.8], [430.5, 4602.8], [432.5, 4602.8], [432.5, 4608.8], [430.5, 4608.8], [430.5, 4610.8], [420.5, 4610.8]]]}, "properties": {"cell_id": 395}}, {"type": "Feature", "geometry": {"type": "Polygon", "coordinates": [[[1758.4, 5055.1], [1758.4, 5043.2], [1760.4, 5043.2], [1760.4, 5039.2], [1762.4, 5039.2], [1762.4, 5037.2], [1764.4, 5037.2], [1764.4, 5035.2], [1766.4, 5035.2], [1766.4, 5039.2], [1768.4, 5039.2], [1768.4, 5041.2], [1770.4, 5041.2], [1770.4, 5045.2], [1772.4, 5045.2], [1772.4, 5049.1], [1774.4, 5049.1], [1774.4, 5051.1], [1772.4, 5051.1], [1772.4, 5053.1], [1770.4, 5053.1], [1770.4, 5055.1], [1758.4, 5055.1]]]}, "properties": {"cell_id": 396}}, {"type": "Feature", "geometry": {"type": "Polygon", "coordinates": [[[751.5, 4628.6], [751.5, 4626.6], [745.5, 4626.7], [745.5, 4624.7], [743.5, 4624.7], [743.5, 4620.7], [741.5, 4620.7], [741.5, 4616.7], [743.5, 4616.7], [743.5, 4612.7], [745.5, 4612.7], [745.5, 4610.7], [749.5, 4610.7], [749.5, 4608.7], [757.5, 4608.7], [757.5, 4610.7], [761.5, 4610.7], [761.5, 4612.7], [763.5, 4612.7], [763.5, 4614.7], [765.5, 4614.7], [765.5, 4618.7], [767.4, 4618.7], [767.4, 4620.7], [765.5, 4620.7], [765.5, 4624.7], [763.5, 4624.7], [763.5, 4626.6], [761.5, 4626.6], [761.5, 4628.6], [751.5, 4628.6]]]}, "properties": {"cell_id": 397}}, {"type": "Feature", "geometry": {"type": "Polygon", "coordinates": [[[609.9, 4664.6], [609.9, 4662.6], [606.0, 4662.6], [606.0, 4660.6], [604.0, 4660.6], [604.0, 4656.6], [602.0, 4656.6], [602.0, 4648.6], [604.0, 4648.6], [604.0, 4646.6], [606.0, 4646.6], [606.0, 4644.6], [609.9, 4644.6], [609.9, 4642.6], [611.9, 4642.6], [611.9, 4640.6], [613.9, 4640.6], [613.9, 4638.6], [617.9, 4638.6], [617.9, 4640.6], [621.9, 4640.6], [621.9, 4642.6], [623.9, 4642.6], [623.9, 4646.6], [625.9, 4646.6], [625.9, 4652.6], [623.9, 4652.6], [623.9, 4656.6], [621.9, 4656.6], [621.9, 4658.6], [619.9, 4658.6], [619.9, 4660.6], [617.9, 4660.6], [617.9, 4662.6], [613.9, 4662.6], [613.9, 4664.6], [609.9, 4664.6]]]}, "properties": {"cell_id": 398}}, {"type": "Feature", "geometry": {"type": "Polygon", "coordinates": [[[580.1, 4959.6], [580.1, 4957.6], [576.1, 4957.6], [576.1, 4955.6], [574.1, 4955.6], [574.1, 4951.7], [572.1, 4951.7], [572.1, 4947.7], [574.1, 4947.7], [574.1, 4943.7], [576.1, 4943.7], [576.1, 4941.7], [578.1, 4941.7], [578.1, 4939.7], [580.1, 4939.7], [580.1, 4937.7], [584.1, 4937.7], [584.1, 4935.7], [590.1, 4935.7], [590.1, 4937.7], [594.0, 4937.7], [594.0, 4939.7], [596.0, 4939.7], [596.0, 4943.7], [598.0, 4943.7], [598.0, 4947.7], [596.0, 4947.7], [596.0, 4951.7], [594.0, 4951.7], [594.0, 4953.6], [592.1, 4953.6], [592.1, 4955.6], [590.1, 4955.6], [590.1, 4957.6], [586.1, 4957.6], [586.1, 4959.6], [580.1, 4959.6]]]}, "properties": {"cell_id": 399}}, {"type": "Feature", "geometry": {"type": "Polygon", "coordinates": [[[568.1, 4656.6], [568.1, 4654.6], [566.1, 4654.6], [566.1, 4650.6], [564.1, 4650.6], [564.1, 4646.6], [562.1, 4646.6], [562.1, 4640.6], [564.1, 4640.6], [564.1, 4636.6], [566.1, 4636.6], [566.1, 4634.7], [570.1, 4634.7], [570.1, 4632.7], [578.0, 4632.7], [578.0, 4634.7], [582.0, 4634.7], [582.0, 4636.6], [584.0, 4636.6], [584.0, 4640.6], [586.0, 4640.6], [586.0, 4648.6], [584.0, 4648.6], [584.0, 4650.6], [580.0, 4650.6], [580.0, 4652.6], [578.0, 4652.6], [578.0, 4654.6], [574.1, 4654.6], [574.1, 4656.6], [568.1, 4656.6]]]}, "properties": {"cell_id": 400}}, {"type": "Feature", "geometry": {"type": "Polygon", "coordinates": [[[2051.5, 4919.5], [2051.5, 4917.5], [2049.5, 4917.5], [2049.5, 4915.5], [2047.5, 4915.5], [2047.5, 4911.5], [2045.5, 4911.5], [2045.5, 4909.5], [2047.5, 4909.5], [2047.5, 4907.5], [2049.5, 4907.5], [2049.5, 4905.6], [2051.5, 4905.6], [2051.5, 4903.6], [2057.5, 4903.6], [2057.5, 4901.6], [2059.5, 4901.6], [2059.5, 4899.6], [2063.5, 4899.6], [2063.5, 4897.6], [2065.5, 4897.6], [2065.5, 4899.6], [2067.4, 4899.6], [2067.4, 4909.5], [2065.5, 4909.5], [2065.5, 4915.5], [2061.5, 4915.5], [2061.5, 4917.5], [2055.5, 4917.5], [2055.5, 4919.5], [2051.5, 4919.5]]]}, "properties": {"cell_id": 401}}, {"type": "Feature", "geometry": {"type": "Polygon", "coordinates": [[[2468.2, 4875.6], [2468.2, 4873.6], [2464.2, 4873.6], [2464.2, 4871.6], [2462.2, 4871.6], [2462.2, 4867.6], [2460.2, 4867.6], [2460.2, 4859.6], [2462.2, 4859.6], [2462.2, 4855.6], [2464.2, 4855.6], [2464.2, 4853.6], [2466.2, 4853.6], [2466.2, 4851.7], [2470.2, 4851.7], [2470.2, 4849.7], [2474.2, 4849.7], [2474.2, 4851.7], [2478.2, 4851.7], [2478.2, 4873.6], [2474.2, 4873.6], [2474.2, 4875.6], [2468.2, 4875.6]]]}, "properties": {"cell_id": 402}}, {"type": "Feature", "geometry": {"type": "Polygon", "coordinates": [[[921.0, 4911.7], [921.0, 4909.7], [917.0, 4909.7], [917.0, 4907.7], [915.0, 4907.7], [915.0, 4903.8], [913.0, 4903.8], [913.0, 4899.8], [915.0, 4899.8], [915.0, 4895.8], [917.0, 4895.8], [917.0, 4891.8], [919.0, 4891.8], [919.0, 4889.8], [921.0, 4889.8], [921.0, 4887.8], [925.0, 4887.8], [925.0, 4885.8], [929.0, 4885.8], [929.0, 4887.8], [933.0, 4887.8], [933.0, 4889.8], [935.0, 4889.8], [935.0, 4891.8], [937.0, 4891.8], [937.0, 4895.8], [939.0, 4895.8], [939.0, 4899.8], [937.0, 4899.8], [937.0, 4903.7], [935.0, 4903.7], [935.0, 4905.7], [933.0, 4905.7], [933.0, 4907.7], [931.0, 4907.7], [931.0, 4909.7], [927.0, 4909.7], [927.0, 4911.7], [921.0, 4911.7]]]}, "properties": {"cell_id": 403}}, {"type": "Feature", "geometry": {"type": "Polygon", "coordinates": [[[1463.4, 5065.2], [1463.4, 5063.2], [1459.4, 5063.2], [1459.4, 5061.2], [1457.4, 5061.2], [1457.4, 5059.2], [1455.4, 5059.2], [1455.4, 5055.2], [1453.4, 5055.2], [1453.4, 5053.2], [1455.4, 5053.2], [1455.4, 5049.2], [1457.4, 5049.2], [1457.4, 5045.2], [1459.4, 5045.2], [1459.4, 5043.2], [1463.4, 5043.2], [1463.4, 5041.2], [1469.3, 5041.2], [1469.3, 5043.2], [1473.3, 5043.2], [1473.3, 5045.2], [1475.3, 5045.2], [1475.3, 5047.2], [1477.3, 5047.2], [1477.3, 5051.2], [1479.3, 5051.2], [1479.3, 5053.2], [1477.3, 5053.2], [1477.3, 5057.2], [1475.3, 5057.2], [1475.3, 5059.2], [1473.3, 5059.2], [1473.3, 5061.2], [1469.3, 5061.2], [1469.3, 5063.2], [1465.4, 5063.2], [1465.4, 5065.1], [1463.4, 5065.2]]]}, "properties": {"cell_id": 404}}, {"type": "Feature", "geometry": {"type": "Polygon", "coordinates": [[[1951.8, 4997.3], [1951.8, 4995.3], [1949.8, 4995.3], [1949.8, 4983.3], [1951.8, 4983.3], [1951.8, 4979.3], [1959.8, 4979.3], [1959.8, 4981.3], [1963.8, 4981.3], [1963.8, 4983.3], [1965.8, 4983.3], [1965.8, 4987.3], [1967.8, 4987.3], [1967.8, 4989.3], [1963.8, 4989.3], [1963.8, 4991.3], [1959.8, 4991.3], [1959.8, 4995.3], [1957.8, 4995.3], [1957.8, 4997.3], [1951.8, 4997.3]]]}, "properties": {"cell_id": 405}}, {"type": "Feature", "geometry": {"type": "Polygon", "coordinates": [[[859.2, 4770.2], [859.2, 4768.2], [855.2, 4768.2], [855.2, 4766.2], [853.2, 4766.2], [853.2, 4762.2], [851.2, 4762.2], [851.2, 4754.2], [853.2, 4754.2], [853.2, 4750.2], [855.2, 4750.2], [855.2, 4748.2], [857.2, 4748.2], [857.2, 4746.3], [861.2, 4746.3], [861.2, 4744.3], [867.2, 4744.3], [867.2, 4746.3], [871.1, 4746.3], [871.1, 4748.2], [873.1, 4748.2], [873.1, 4752.2], [875.1, 4752.2], [875.1, 4760.2], [873.1, 4760.2], [873.1, 4764.2], [871.1, 4764.2], [871.1, 4766.2], [869.2, 4766.2], [869.2, 4768.2], [865.2, 4768.2], [865.2, 4770.2], [859.2, 4770.2]]]}, "properties": {"cell_id": 406}}, {"type": "Feature", "geometry": {"type": "Polygon", "coordinates": [[[452.4, 4626.7], [452.4, 4624.7], [444.5, 4624.7], [444.5, 4622.7], [438.5, 4622.7], [438.5, 4620.7], [436.5, 4620.7], [436.5, 4614.7], [434.5, 4614.7], [434.5, 4608.8], [436.5, 4608.8], [436.5, 4606.8], [440.5, 4606.8], [440.5, 4604.8], [446.4, 4604.8], [446.4, 4606.8], [450.4, 4606.8], [450.4, 4608.8], [454.4, 4608.8], [454.4, 4610.7], [456.4, 4610.7], [456.4, 4614.7], [458.4, 4614.7], [458.4, 4620.7], [456.4, 4620.7], [456.4, 4624.7], [454.4, 4624.7], [454.4, 4626.7], [452.4, 4626.7]]]}, "properties": {"cell_id": 407}}, {"type": "Feature", "geometry": {"type": "Polygon", "coordinates": [[[215.2, 4646.7], [215.2, 4644.7], [211.2, 4644.7], [211.2, 4642.7], [209.2, 4642.7], [209.2, 4638.7], [207.2, 4638.7], [207.2, 4632.7], [209.2, 4632.7], [209.2, 4630.7], [211.2, 4630.7], [211.2, 4628.7], [213.2, 4628.7], [213.2, 4626.7], [217.2, 4626.7], [217.2, 4628.7], [219.2, 4628.7], [219.2, 4630.7], [221.1, 4630.7], [221.1, 4632.7], [225.1, 4632.7], [225.1, 4634.7], [227.1, 4634.7], [227.1, 4636.7], [229.1, 4636.7], [229.1, 4638.7], [227.1, 4638.7], [227.1, 4640.7], [223.1, 4640.7], [223.1, 4642.7], [219.2, 4642.7], [219.2, 4644.7], [217.2, 4644.7], [217.2, 4646.7], [215.2, 4646.7]]]}, "properties": {"cell_id": 408}}, {"type": "Feature", "geometry": {"type": "Polygon", "coordinates": [[[362.7, 4706.5], [362.7, 4704.5], [358.7, 4704.5], [358.7, 4702.5], [356.7, 4702.5], [356.7, 4698.5], [354.7, 4698.5], [354.7, 4692.5], [356.7, 4692.5], [356.7, 4688.5], [358.7, 4688.5], [358.7, 4686.5], [362.7, 4686.5], [362.7, 4688.5], [370.7, 4688.5], [370.7, 4690.5], [372.7, 4690.5], [372.7, 4694.5], [374.7, 4694.5], [374.7, 4700.5], [372.7, 4700.5], [372.7, 4706.5], [362.7, 4706.5]]]}, "properties": {"cell_id": 409}}, {"type": "Feature", "geometry": {"type": "Polygon", "coordinates": [[[2087.4, 4903.6], [2087.4, 4901.6], [2085.4, 4901.6], [2085.4, 4899.6], [2083.4, 4899.6], [2083.4, 4881.6], [2085.4, 4881.6], [2085.4, 4879.6], [2091.4, 4879.6], [2091.4, 4881.6], [2093.4, 4881.6], [2093.4, 4883.6], [2095.4, 4883.6], [2095.4, 4891.6], [2097.4, 4891.6], [2097.4, 4893.6], [2095.4, 4893.6], [2095.4, 4897.6], [2093.4, 4897.6], [2093.4, 4899.6], [2091.4, 4899.6], [2091.4, 4901.6], [2089.4, 4901.6], [2089.4, 4903.6], [2087.4, 4903.6]]]}, "properties": {"cell_id": 410}}, {"type": "Feature", "geometry": {"type": "Polygon", "coordinates": [[[1656.8, 5033.2], [1656.7, 5031.2], [1654.8, 5031.2], [1654.8, 5029.2], [1652.8, 5029.2], [1652.8, 5025.2], [1650.8, 5025.2], [1650.8, 5021.3], [1652.8, 5021.3], [1652.8, 5017.3], [1654.8, 5017.3], [1654.8, 5015.3], [1660.7, 5015.3], [1660.7, 5013.3], [1668.7, 5013.3], [1668.7, 5015.3], [1672.7, 5015.3], [1672.7, 5017.3], [1674.7, 5017.3], [1674.7, 5021.3], [1672.7, 5021.3], [1672.7, 5023.2], [1670.7, 5023.2], [1670.7, 5025.2], [1668.7, 5025.2], [1668.7, 5027.2], [1666.7, 5027.2], [1666.7, 5029.2], [1664.7, 5029.2], [1664.7, 5031.2], [1662.7, 5031.2], [1662.7, 5033.2], [1656.8, 5033.2]]]}, "properties": {"cell_id": 411}}, {"type": "Feature", "geometry": {"type": "Polygon", "coordinates": [[[1692.6, 5073.1], [1692.6, 5071.1], [1688.7, 5071.1], [1688.7, 5051.2], [1690.6, 5051.2], [1690.6, 5049.2], [1696.6, 5049.2], [1696.6, 5051.2], [1700.6, 5051.2], [1700.6, 5053.1], [1702.6, 5053.1], [1702.6, 5069.1], [1700.6, 5069.1], [1700.6, 5071.1], [1698.6, 5071.1], [1698.6, 5073.1], [1692.6, 5073.1]]]}, "properties": {"cell_id": 412}}, {"type": "Feature", "geometry": {"type": "Polygon", "coordinates": [[[2025.6, 5019.2], [2025.6, 5017.2], [2023.6, 5017.2], [2023.6, 5015.2], [2021.6, 5015.2], [2021.6, 5013.2], [2023.6, 5013.2], [2023.6, 5011.2], [2019.6, 5011.2], [2019.6, 5005.2], [2021.6, 5005.2], [2021.6, 5001.3], [2025.6, 5001.3], [2025.6, 4999.3], [2031.6, 4999.3], [2031.6, 4997.3], [2035.6, 4997.3], [2035.6, 4999.3], [2037.6, 4999.3], [2037.6, 5001.3], [2035.6, 5001.3], [2035.6, 5005.2], [2033.6, 5005.2], [2033.6, 5011.2], [2031.6, 5011.2], [2031.6, 5013.2], [2029.6, 5013.2], [2029.6, 5017.2], [2027.6, 5017.2], [2027.6, 5019.2], [2025.6, 5019.2]]]}, "properties": {"cell_id": 413}}, {"type": "Feature", "geometry": {"type": "Polygon", "coordinates": [[[1778.3, 4829.8], [1778.3, 4827.8], [1774.3, 4827.8], [1774.3, 4825.9], [1772.4, 4825.9], [1772.4, 4821.9], [1770.4, 4821.9], [1770.4, 4815.9], [1772.4, 4815.9], [1772.4, 4811.9], [1774.3, 4811.9], [1774.3, 4809.9], [1776.3, 4809.9], [1776.3, 4807.9], [1780.3, 4807.9], [1780.3, 4805.9], [1786.3, 4805.9], [1786.3, 4807.9], [1790.3, 4807.9], [1790.3, 4809.9], [1792.3, 4809.9], [1792.3, 4813.9], [1794.3, 4813.9], [1794.3, 4819.9], [1792.3, 4819.9], [1792.3, 4823.9], [1790.3, 4823.9], [1790.3, 4825.8], [1786.3, 4825.8], [1786.3, 4827.8], [1782.3, 4827.8], [1782.3, 4829.8], [1778.3, 4829.8]]]}, "properties": {"cell_id": 414}}, {"type": "Feature", "geometry": {"type": "Polygon", "coordinates": [[[1042.6, 4568.8], [1042.6, 4566.8], [1038.6, 4566.8], [1038.6, 4564.8], [1036.6, 4564.8], [1036.6, 4562.8], [1034.6, 4562.8], [1034.6, 4558.8], [1032.6, 4558.8], [1032.6, 4554.8], [1034.6, 4554.8], [1034.6, 4550.8], [1036.6, 4550.8], [1036.6, 4548.8], [1038.6, 4548.8], [1038.6, 4546.9], [1042.6, 4546.9], [1042.6, 4544.9], [1050.6, 4544.9], [1050.6, 4546.9], [1054.5, 4546.9], [1054.5, 4548.8], [1056.5, 4548.8], [1056.5, 4550.8], [1058.5, 4550.8], [1058.5, 4554.8], [1060.5, 4554.8], [1060.5, 4556.8], [1058.5, 4556.8], [1058.5, 4560.8], [1056.5, 4560.8], [1056.5, 4562.8], [1054.5, 4562.8], [1054.5, 4564.8], [1052.5, 4564.8], [1052.5, 4566.8], [1048.6, 4566.8], [1048.6, 4568.8], [1042.6, 4568.8]]]}, "properties": {"cell_id": 415}}, {"type": "Feature", "geometry": {"type": "Polygon", "coordinates": [[[1158.3, 5051.2], [1158.3, 5049.3], [1156.3, 5049.3], [1156.3, 5031.3], [1164.3, 5031.3], [1164.3, 5029.3], [1168.3, 5029.3], [1168.3, 5031.3], [1170.3, 5031.3], [1170.3, 5033.3], [1172.3, 5033.3], [1172.3, 5037.3], [1174.3, 5037.3], [1174.3, 5041.3], [1172.3, 5041.3], [1172.3, 5045.3], [1170.3, 5045.3], [1170.3, 5047.3], [1166.3, 5047.3], [1166.3, 5049.2], [1160.3, 5049.3], [1160.3, 5051.2], [1158.3, 5051.2]]]}, "properties": {"cell_id": 416}}, {"type": "Feature", "geometry": {"type": "Polygon", "coordinates": [[[1495.2, 4706.3], [1495.2, 4704.3], [1493.2, 4704.3], [1493.2, 4696.3], [1495.2, 4696.3], [1495.2, 4686.3], [1497.2, 4686.3], [1497.2, 4684.3], [1499.2, 4684.3], [1499.2, 4686.3], [1505.2, 4686.3], [1505.2, 4688.3], [1507.2, 4688.3], [1507.2, 4690.3], [1509.1, 4690.3], [1509.2, 4694.3], [1507.2, 4694.3], [1507.2, 4696.3], [1505.2, 4696.3], [1505.2, 4700.3], [1503.2, 4700.3], [1503.2, 4702.3], [1501.2, 4702.3], [1501.2, 4704.3], [1499.2, 4704.3], [1499.2, 4706.3], [1495.2, 4706.3]]]}, "properties": {"cell_id": 417}}, {"type": "Feature", "geometry": {"type": "Polygon", "coordinates": [[[2183.1, 4957.4], [2183.1, 4955.4], [2179.1, 4955.4], [2179.1, 4953.4], [2177.1, 4953.4], [2177.1, 4947.4], [2175.1, 4947.4], [2175.1, 4941.4], [2177.1, 4941.4], [2177.1, 4939.4], [2189.1, 4939.4], [2189.1, 4937.4], [2191.1, 4937.4], [2191.1, 4939.4], [2195.1, 4939.4], [2195.1, 4941.4], [2199.0, 4941.4], [2199.0, 4947.4], [2197.1, 4947.4], [2197.1, 4951.4], [2195.1, 4951.4], [2195.1, 4953.4], [2191.1, 4953.4], [2191.1, 4955.4], [2187.1, 4955.4], [2187.1, 4957.4], [2183.1, 4957.4]]]}, "properties": {"cell_id": 418}}, {"type": "Feature", "geometry": {"type": "Polygon", "coordinates": [[[1533.1, 4782.0], [1533.1, 4780.0], [1529.1, 4780.0], [1529.1, 4778.0], [1527.1, 4778.0], [1527.1, 4776.1], [1525.1, 4776.1], [1525.1, 4772.1], [1523.1, 4772.1], [1523.1, 4768.1], [1539.1, 4768.1], [1539.1, 4766.1], [1541.1, 4766.1], [1541.1, 4764.1], [1547.0, 4764.1], [1547.0, 4766.1], [1551.0, 4766.1], [1551.0, 4768.1], [1549.0, 4768.1], [1549.0, 4772.1], [1547.0, 4772.1], [1547.0, 4776.0], [1545.1, 4776.0], [1545.1, 4778.0], [1543.1, 4778.0], [1543.1, 4780.0], [1539.1, 4780.0], [1539.1, 4782.0], [1533.1, 4782.0]]]}, "properties": {"cell_id": 419}}, {"type": "Feature", "geometry": {"type": "Polygon", "coordinates": [[[406.6, 4628.7], [406.6, 4626.7], [402.6, 4626.7], [402.6, 4624.7], [400.6, 4624.7], [400.6, 4620.7], [398.6, 4620.7], [398.6, 4614.7], [400.6, 4614.7], [400.6, 4610.8], [402.6, 4610.8], [402.6, 4608.8], [406.6, 4608.8], [406.6, 4606.8], [410.6, 4606.8], [410.6, 4604.8], [412.5, 4604.8], [412.5, 4606.8], [414.5, 4606.8], [414.5, 4608.8], [420.5, 4608.8], [420.5, 4610.8], [422.5, 4610.8], [422.5, 4616.7], [420.5, 4616.7], [420.5, 4620.7], [418.5, 4620.7], [418.5, 4626.7], [410.6, 4626.7], [410.6, 4628.7], [406.6, 4628.7]]]}, "properties": {"cell_id": 420}}, {"type": "Feature", "geometry": {"type": "Polygon", "coordinates": [[[542.2, 4800.1], [542.2, 4796.2], [540.2, 4796.2], [540.2, 4790.2], [538.2, 4790.2], [538.2, 4778.2], [542.2, 4778.2], [542.2, 4776.2], [548.2, 4776.2], [548.2, 4778.2], [552.1, 4778.2], [552.1, 4784.2], [554.1, 4784.2], [554.1, 4794.2], [552.1, 4794.2], [552.1, 4798.1], [546.2, 4798.1], [546.2, 4800.1], [542.2, 4800.1]]]}, "properties": {"cell_id": 421}}, {"type": "Feature", "geometry": {"type": "Polygon", "coordinates": [[[1882.0, 4923.5], [1882.0, 4913.6], [1880.0, 4913.6], [1880.0, 4907.6], [1878.0, 4907.6], [1878.0, 4903.6], [1882.0, 4903.6], [1882.0, 4901.6], [1886.0, 4901.6], [1886.0, 4903.6], [1890.0, 4903.6], [1890.0, 4905.6], [1892.0, 4905.6], [1892.0, 4907.6], [1894.0, 4907.6], [1894.0, 4911.6], [1896.0, 4911.6], [1896.0, 4915.5], [1894.0, 4915.5], [1894.0, 4919.5], [1892.0, 4919.5], [1892.0, 4921.5], [1888.0, 4921.5], [1888.0, 4923.5], [1882.0, 4923.5]]]}, "properties": {"cell_id": 422}}, {"type": "Feature", "geometry": {"type": "Polygon", "coordinates": [[[1764.4, 5035.2], [1764.4, 5033.2], [1760.4, 5033.2], [1760.4, 5031.2], [1758.4, 5031.2], [1758.4, 5029.2], [1756.4, 5029.2], [1756.4, 5027.2], [1754.4, 5027.2], [1754.4, 5019.2], [1756.4, 5019.2], [1756.4, 5015.3], [1762.4, 5015.3], [1762.4, 5013.3], [1770.4, 5013.3], [1770.4, 5015.3], [1772.4, 5015.3], [1772.4, 5023.2], [1774.4, 5023.2], [1774.4, 5029.2], [1772.4, 5029.2], [1772.4, 5031.2], [1768.4, 5031.2], [1768.4, 5033.2], [1766.4, 5033.2], [1766.4, 5035.2], [1764.4, 5035.2]]]}, "properties": {"cell_id": 423}}, {"type": "Feature", "geometry": {"type": "Polygon", "coordinates": [[[1850.1, 4985.3], [1850.1, 4983.3], [1846.2, 4983.3], [1846.2, 4981.4], [1844.2, 4981.4], [1844.2, 4977.4], [1842.2, 4977.4], [1842.2, 4971.4], [1844.2, 4971.4], [1844.2, 4967.4], [1846.1, 4967.4], [1846.1, 4965.4], [1852.1, 4965.4], [1852.1, 4967.4], [1854.1, 4967.4], [1854.1, 4969.4], [1856.1, 4969.4], [1856.1, 4971.4], [1860.1, 4971.4], [1860.1, 4973.4], [1862.1, 4973.4], [1862.1, 4975.4], [1864.1, 4975.4], [1864.1, 4977.4], [1862.1, 4977.4], [1862.1, 4981.3], [1860.1, 4981.3], [1860.1, 4983.3], [1852.1, 4983.3], [1852.1, 4985.3], [1850.1, 4985.3]]]}, "properties": {"cell_id": 424}}, {"type": "Feature", "geometry": {"type": "Polygon", "coordinates": [[[2151.2, 5045.1], [2151.2, 5043.1], [2147.2, 5043.1], [2147.2, 5041.1], [2145.2, 5041.1], [2145.2, 5033.1], [2147.2, 5033.1], [2147.2, 5023.2], [2149.2, 5023.2], [2149.2, 5021.2], [2151.2, 5021.2], [2151.2, 5023.2], [2153.2, 5023.2], [2153.2, 5025.2], [2155.2, 5025.2], [2155.2, 5033.1], [2161.2, 5033.1], [2161.2, 5037.1], [2159.2, 5037.1], [2159.2, 5041.1], [2157.2, 5041.1], [2157.2, 5045.1], [2151.2, 5045.1]]]}, "properties": {"cell_id": 425}}, {"type": "Feature", "geometry": {"type": "Polygon", "coordinates": [[[2155.2, 4915.5], [2155.2, 4913.5], [2153.2, 4913.5], [2153.2, 4909.5], [2151.2, 4909.5], [2151.2, 4905.5], [2153.2, 4905.5], [2153.2, 4901.6], [2161.2, 4901.5], [2161.2, 4899.6], [2165.1, 4899.6], [2165.1, 4897.6], [2171.1, 4897.6], [2171.1, 4899.6], [2175.1, 4899.6], [2175.1, 4901.5], [2179.1, 4901.5], [2179.1, 4903.5], [2177.1, 4903.5], [2177.1, 4905.5], [2175.1, 4905.5], [2175.1, 4907.5], [2173.1, 4907.5], [2173.1, 4909.5], [2169.1, 4909.5], [2169.1, 4911.5], [2165.1, 4911.5], [2165.1, 4913.5], [2159.2, 4913.5], [2159.2, 4915.5], [2155.2, 4915.5]]]}, "properties": {"cell_id": 426}}, {"type": "Feature", "geometry": {"type": "Polygon", "coordinates": [[[442.5, 4714.4], [442.5, 4710.4], [440.5, 4710.4], [440.5, 4706.5], [438.5, 4706.5], [438.5, 4704.5], [436.5, 4704.5], [436.5, 4700.5], [434.5, 4700.5], [434.5, 4698.5], [436.5, 4698.5], [436.5, 4696.5], [438.5, 4696.5], [438.5, 4694.5], [442.5, 4694.5], [442.5, 4692.5], [450.4, 4692.5], [450.4, 4694.5], [454.4, 4694.5], [454.4, 4696.5], [456.4, 4696.5], [456.4, 4700.5], [458.4, 4700.5], [458.4, 4702.5], [456.4, 4702.5], [456.4, 4706.4], [454.4, 4706.4], [454.4, 4708.4], [452.4, 4708.4], [452.4, 4710.4], [450.4, 4710.4], [450.5, 4712.4], [448.5, 4712.4], [448.5, 4714.4], [442.5, 4714.4]]]}, "properties": {"cell_id": 427}}, {"type": "Feature", "geometry": {"type": "Polygon", "coordinates": [[[2093.4, 4913.5], [2093.4, 4911.5], [2091.4, 4911.5], [2091.4, 4907.5], [2089.4, 4907.5], [2089.4, 4901.6], [2091.4, 4901.6], [2091.4, 4899.6], [2093.4, 4899.6], [2093.4, 4897.6], [2095.4, 4897.6], [2095.4, 4893.6], [2097.4, 4893.6], [2097.4, 4891.6], [2109.3, 4891.6], [2109.3, 4893.6], [2111.3, 4893.6], [2111.3, 4897.6], [2113.3, 4897.6], [2113.3, 4901.6], [2111.3, 4901.6], [2111.3, 4903.6], [2109.3, 4903.6], [2109.3, 4905.5], [2107.3, 4905.5], [2107.3, 4907.5], [2105.3, 4907.5], [2105.3, 4909.5], [2103.3, 4909.5], [2103.3, 4911.5], [2097.4, 4911.5], [2097.4, 4913.5], [2093.4, 4913.5]]]}, "properties": {"cell_id": 428}}, {"type": "Feature", "geometry": {"type": "Polygon", "coordinates": [[[2069.5, 5015.2], [2069.5, 5013.2], [2067.5, 5013.2], [2067.5, 5009.2], [2065.5, 5009.2], [2065.5, 5001.3], [2069.5, 5001.3], [2069.5, 4999.3], [2073.4, 4999.3], [2073.4, 5001.2], [2075.4, 5001.2], [2075.4, 5003.2], [2077.4, 5003.2], [2077.4, 5007.2], [2079.4, 5007.2], [2079.4, 5009.2], [2077.4, 5009.2], [2077.4, 5011.2], [2075.4, 5011.2], [2075.4, 5013.2], [2071.5, 5013.2], [2071.5, 5015.2], [2069.5, 5015.2]]]}, "properties": {"cell_id": 429}}, {"type": "Feature", "geometry": {"type": "Polygon", "coordinates": [[[1754.4, 4985.4], [1754.4, 4983.4], [1750.4, 4983.4], [1750.4, 4981.4], [1746.5, 4981.4], [1746.5, 4979.4], [1744.5, 4979.4], [1744.5, 4975.4], [1742.5, 4975.4], [1742.5, 4969.4], [1744.5, 4969.4], [1744.5, 4965.4], [1746.5, 4965.4], [1746.5, 4963.4], [1750.4, 4963.4], [1750.4, 4961.4], [1760.4, 4961.4], [1760.4, 4963.4], [1764.4, 4963.4], [1764.4, 4965.4], [1766.4, 4965.4], [1766.4, 4967.4], [1768.4, 4967.4], [1768.4, 4971.4], [1770.4, 4971.4], [1770.4, 4975.4], [1768.4, 4975.4], [1768.4, 4979.4], [1766.4, 4979.4], [1766.4, 4981.4], [1764.4, 4981.4], [1764.4, 4983.4], [1760.4, 4983.4], [1760.4, 4985.4], [1754.4, 4985.4]]]}, "properties": {"cell_id": 430}}, {"type": "Feature", "geometry": {"type": "Polygon", "coordinates": [[[741.5, 4650.6], [741.5, 4648.6], [737.5, 4648.6], [737.5, 4646.6], [735.6, 4646.6], [735.5, 4642.6], [733.6, 4642.6], [733.6, 4636.6], [735.5, 4636.6], [735.5, 4632.6], [737.5, 4632.6], [737.5, 4628.6], [739.5, 4628.6], [739.5, 4626.7], [743.5, 4626.7], [743.5, 4624.7], [745.5, 4624.7], [745.5, 4626.7], [751.5, 4626.6], [751.5, 4628.6], [757.5, 4628.6], [757.5, 4632.6], [759.5, 4632.6], [759.5, 4638.6], [757.5, 4638.6], [757.5, 4642.6], [755.5, 4642.6], [755.5, 4646.6], [753.5, 4646.6], [753.5, 4648.6], [749.5, 4648.6], [749.5, 4650.6], [741.5, 4650.6]]]}, "properties": {"cell_id": 431}}, {"type": "Feature", "geometry": {"type": "Polygon", "coordinates": [[[2199.0, 4863.7], [2199.0, 4861.7], [2195.0, 4861.7], [2195.0, 4859.7], [2193.1, 4859.7], [2193.0, 4851.7], [2195.0, 4851.7], [2195.0, 4849.7], [2197.0, 4849.7], [2197.0, 4845.7], [2199.0, 4845.7], [2199.0, 4843.7], [2201.0, 4843.7], [2201.0, 4841.7], [2203.0, 4841.7], [2203.0, 4839.7], [2207.0, 4839.7], [2207.0, 4841.7], [2209.0, 4841.7], [2209.0, 4849.7], [2207.0, 4849.7], [2207.0, 4853.7], [2205.0, 4853.7], [2205.0, 4857.7], [2203.0, 4857.7], [2203.0, 4861.7], [2201.0, 4861.7], [2201.0, 4863.7], [2199.0, 4863.7]]]}, "properties": {"cell_id": 432}}, {"type": "Feature", "geometry": {"type": "Polygon", "coordinates": [[[2137.2, 4851.7], [2137.2, 4849.7], [2133.2, 4849.7], [2133.2, 4847.7], [2131.2, 4847.7], [2131.2, 4845.7], [2129.2, 4845.7], [2129.2, 4841.7], [2127.3, 4841.7], [2127.3, 4835.8], [2129.2, 4835.8], [2129.2, 4831.8], [2131.2, 4831.8], [2131.2, 4829.8], [2133.2, 4829.8], [2133.2, 4827.8], [2137.2, 4827.8], [2137.2, 4825.8], [2143.2, 4825.8], [2143.2, 4827.8], [2145.2, 4827.8], [2145.2, 4829.8], [2147.2, 4829.8], [2147.2, 4831.8], [2149.2, 4831.8], [2149.2, 4835.8], [2151.2, 4835.8], [2151.2, 4837.8], [2153.2, 4837.8], [2153.2, 4839.7], [2151.2, 4839.7], [2151.2, 4847.7], [2149.2, 4847.7], [2149.2, 4849.7], [2145.2, 4849.7], [2145.2, 4851.7], [2137.2, 4851.7]]]}, "properties": {"cell_id": 433}}, {"type": "Feature", "geometry": {"type": "Polygon", "coordinates": [[[1569.0, 5025.3], [1569.0, 5023.3], [1563.0, 5023.3], [1563.0, 5021.3], [1561.0, 5021.3], [1561.0, 5013.3], [1559.1, 5013.3], [1559.1, 5009.3], [1561.0, 5009.3], [1561.0, 5007.3], [1563.0, 5007.3], [1563.0, 5003.3], [1567.0, 5003.3], [1567.0, 5001.3], [1573.0, 5001.3], [1573.0, 5003.3], [1577.0, 5003.3], [1577.0, 5007.3], [1575.0, 5007.3], [1575.0, 5019.3], [1573.0, 5019.3], [1573.0, 5023.3], [1571.0, 5023.3], [1571.0, 5025.3], [1569.0, 5025.3]]]}, "properties": {"cell_id": 434}}, {"type": "Feature", "geometry": {"type": "Polygon", "coordinates": [[[958.9, 4925.7], [958.9, 4923.7], [954.9, 4923.7], [954.9, 4921.7], [952.9, 4921.7], [952.9, 4919.7], [950.9, 4919.7], [950.9, 4915.7], [948.9, 4915.7], [948.9, 4907.7], [950.9, 4907.7], [950.9, 4903.7], [952.9, 4903.7], [952.9, 4901.8], [960.9, 4901.7], [960.9, 4899.8], [964.9, 4899.8], [964.9, 4901.7], [966.9, 4901.7], [966.9, 4903.7], [968.9, 4903.7], [968.9, 4909.7], [970.9, 4909.7], [970.9, 4913.7], [972.9, 4913.7], [972.9, 4915.7], [970.9, 4915.7], [970.9, 4919.7], [968.9, 4919.7], [968.9, 4921.7], [966.9, 4921.7], [966.9, 4923.7], [962.9, 4923.7], [962.9, 4925.7], [958.9, 4925.7]]]}, "properties": {"cell_id": 435}}, {"type": "Feature", "geometry": {"type": "Polygon", "coordinates": [[[2228.9, 4855.7], [2228.9, 4853.7], [2226.9, 4853.7], [2226.9, 4851.7], [2223.0, 4851.7], [2223.0, 4849.7], [2219.0, 4849.7], [2219.0, 4847.7], [2217.0, 4847.7], [2217.0, 4843.7], [2219.0, 4843.7], [2219.0, 4841.7], [2223.0, 4841.7], [2223.0, 4839.7], [2224.9, 4839.7], [2224.9, 4843.7], [2226.9, 4843.7], [2226.9, 4845.7], [2230.9, 4845.7], [2230.9, 4847.7], [2232.9, 4847.7], [2232.9, 4849.7], [2234.9, 4849.7], [2234.9, 4851.7], [2232.9, 4851.7], [2232.9, 4853.7], [2230.9, 4853.7], [2230.9, 4855.7], [2228.9, 4855.7]]]}, "properties": {"cell_id": 436}}, {"type": "Feature", "geometry": {"type": "Polygon", "coordinates": [[[482.3, 4696.5], [482.3, 4694.5], [478.4, 4694.5], [478.4, 4692.5], [476.4, 4692.5], [476.4, 4688.5], [474.4, 4688.5], [474.4, 4680.5], [476.4, 4680.5], [476.4, 4676.5], [478.4, 4676.5], [478.4, 4674.5], [482.3, 4674.5], [482.3, 4672.6], [488.3, 4672.5], [488.3, 4674.5], [492.3, 4674.5], [492.3, 4676.5], [494.3, 4676.5], [494.3, 4678.5], [496.3, 4678.5], [496.3, 4682.5], [498.3, 4682.5], [498.3, 4688.5], [496.3, 4688.5], [496.3, 4692.5], [494.3, 4692.5], [494.3, 4694.5], [490.3, 4694.5], [490.3, 4696.5], [482.3, 4696.5]]]}, "properties": {"cell_id": 437}}, {"type": "Feature", "geometry": {"type": "Polygon", "coordinates": [[[873.2, 4847.9], [873.2, 4845.9], [869.2, 4845.9], [869.2, 4843.9], [867.2, 4843.9], [867.2, 4840.0], [865.2, 4840.0], [865.2, 4832.0], [867.2, 4832.0], [867.2, 4828.0], [869.2, 4828.0], [869.2, 4826.0], [873.2, 4826.0], [873.2, 4824.0], [877.1, 4824.0], [877.1, 4826.0], [879.1, 4826.0], [879.1, 4828.0], [885.1, 4828.0], [885.1, 4830.0], [887.1, 4830.0], [887.1, 4832.0], [889.1, 4832.0], [889.1, 4836.0], [891.1, 4836.0], [891.1, 4838.0], [889.1, 4838.0], [889.1, 4841.9], [887.1, 4841.9], [887.1, 4843.9], [885.1, 4843.9], [885.1, 4845.9], [881.1, 4845.9], [881.1, 4847.9], [873.2, 4847.9]]]}, "properties": {"cell_id": 438}}, {"type": "Feature", "geometry": {"type": "Polygon", "coordinates": [[[1931.9, 4999.3], [1931.9, 4997.3], [1929.9, 4997.3], [1929.9, 4991.3], [1931.9, 4991.3], [1931.9, 4989.3], [1929.9, 4989.3], [1929.9, 4987.3], [1927.9, 4987.3], [1927.9, 4985.3], [1925.9, 4985.3], [1925.9, 4983.3], [1923.9, 4983.3], [1923.9, 4981.3], [1925.9, 4981.3], [1925.9, 4979.3], [1927.9, 4979.3], [1927.9, 4977.3], [1929.9, 4977.3], [1929.9, 4975.4], [1931.9, 4975.4], [1931.9, 4973.4], [1935.9, 4973.4], [1935.9, 4975.4], [1939.9, 4975.4], [1939.9, 4985.3], [1937.9, 4985.3], [1937.9, 4993.3], [1935.9, 4993.3], [1935.9, 4997.3], [1933.9, 4997.3], [1933.9, 4999.3], [1931.9, 4999.3]]]}, "properties": {"cell_id": 439}}, {"type": "Feature", "geometry": {"type": "Polygon", "coordinates": [[[486.3, 4624.7], [486.3, 4622.7], [482.3, 4622.7], [482.3, 4620.7], [480.3, 4620.7], [480.3, 4618.7], [478.3, 4618.7], [478.3, 4614.7], [476.4, 4614.7], [476.4, 4608.8], [478.3, 4608.8], [478.3, 4604.8], [480.3, 4604.8], [480.3, 4602.8], [482.3, 4602.8], [482.3, 4600.8], [486.3, 4600.8], [486.3, 4598.8], [490.3, 4598.8], [490.3, 4600.8], [494.3, 4600.8], [494.3, 4602.8], [496.3, 4602.8], [496.3, 4604.8], [498.3, 4604.8], [498.3, 4608.7], [500.3, 4608.7], [500.3, 4616.7], [498.3, 4616.7], [498.3, 4620.7], [496.3, 4620.7], [496.3, 4622.7], [492.3, 4622.7], [492.3, 4624.7], [486.3, 4624.7]]]}, "properties": {"cell_id": 440}}, {"type": "Feature", "geometry": {"type": "Polygon", "coordinates": [[[1018.7, 5041.3], [1018.7, 5039.3], [1014.8, 5039.3], [1014.8, 5037.3], [1012.8, 5037.3], [1012.8, 5033.3], [1010.8, 5033.3], [1010.8, 5029.3], [1008.8, 5029.3], [1008.8, 5027.3], [1010.8, 5027.3], [1010.8, 5023.4], [1012.8, 5023.4], [1012.8, 5021.4], [1014.7, 5021.4], [1014.7, 5019.4], [1018.7, 5019.4], [1018.7, 5017.4], [1024.7, 5017.4], [1024.7, 5019.4], [1028.7, 5019.4], [1028.7, 5021.4], [1030.7, 5021.4], [1030.7, 5023.4], [1032.7, 5023.4], [1032.7, 5027.3], [1034.7, 5027.3], [1034.7, 5033.3], [1032.7, 5033.3], [1032.7, 5037.3], [1030.7, 5037.3], [1030.7, 5039.3], [1026.7, 5039.3], [1026.7, 5041.3], [1018.7, 5041.3]]]}, "properties": {"cell_id": 441}}, {"type": "Feature", "geometry": {"type": "Polygon", "coordinates": [[[2308.7, 5013.2], [2308.7, 5011.2], [2304.7, 5011.2], [2304.7, 5007.2], [2302.7, 5007.2], [2302.7, 5001.2], [2300.7, 5001.2], [2300.7, 4997.2], [2302.7, 4997.2], [2302.7, 4999.2], [2306.7, 4999.2], [2306.7, 5001.2], [2308.7, 5001.2], [2308.7, 5003.2], [2310.7, 5003.2], [2310.7, 5005.2], [2312.7, 5005.2], [2312.7, 5009.2], [2310.7, 5009.2], [2310.7, 5013.2], [2308.7, 5013.2]]]}, "properties": {"cell_id": 442}}, {"type": "Feature", "geometry": {"type": "Polygon", "coordinates": [[[1620.8, 4492.9], [1620.8, 4490.9], [1616.8, 4490.9], [1616.8, 4488.9], [1614.8, 4488.9], [1614.8, 4485.0], [1612.8, 4485.0], [1612.8, 4477.0], [1614.8, 4477.0], [1614.8, 4473.0], [1616.8, 4473.0], [1616.8, 4471.0], [1620.8, 4471.0], [1620.8, 4469.0], [1626.7, 4469.0], [1626.7, 4471.0], [1630.7, 4471.0], [1630.7, 4473.0], [1632.7, 4473.0], [1632.7, 4477.0], [1634.7, 4477.0], [1634.7, 4484.9], [1632.7, 4484.9], [1632.7, 4488.9], [1630.7, 4488.9], [1630.7, 4490.9], [1626.7, 4490.9], [1626.7, 4492.9], [1620.8, 4492.9]]]}, "properties": {"cell_id": 443}}, {"type": "Feature", "geometry": {"type": "Polygon", "coordinates": [[[466.4, 4495.1], [466.4, 4493.1], [462.4, 4493.1], [462.4, 4491.1], [460.4, 4491.1], [460.4, 4489.1], [458.4, 4489.1], [458.4, 4485.1], [456.4, 4485.1], [456.4, 4483.2], [458.4, 4483.2], [458.4, 4479.2], [460.4, 4479.2], [460.4, 4475.2], [462.4, 4475.2], [462.4, 4473.2], [466.4, 4473.2], [466.4, 4471.2], [470.3, 4471.2], [470.3, 4469.2], [476.3, 4469.2], [476.3, 4471.2], [480.3, 4471.2], [480.3, 4473.2], [482.3, 4473.2], [482.3, 4477.2], [484.3, 4477.2], [484.3, 4485.1], [482.3, 4485.1], [482.3, 4489.1], [480.3, 4489.1], [480.3, 4491.1], [478.3, 4491.1], [478.3, 4493.1], [474.3, 4493.1], [474.3, 4495.1], [466.4, 4495.1]]]}, "properties": {"cell_id": 444}}, {"type": "Feature", "geometry": {"type": "Polygon", "coordinates": [[[813.3, 4511.0], [813.3, 4509.0], [809.3, 4509.0], [809.3, 4507.0], [807.3, 4507.0], [807.3, 4503.0], [805.3, 4503.0], [805.3, 4497.0], [807.3, 4497.0], [807.3, 4493.1], [809.3, 4493.1], [809.3, 4491.1], [811.3, 4491.1], [811.3, 4489.1], [815.3, 4489.1], [815.3, 4487.1], [817.3, 4487.1], [817.3, 4489.1], [821.3, 4489.1], [821.3, 4491.1], [823.2, 4491.1], [823.3, 4493.1], [825.2, 4493.1], [825.2, 4495.1], [827.2, 4495.1], [827.2, 4499.0], [829.2, 4499.0], [829.2, 4501.0], [827.2, 4501.0], [827.2, 4505.0], [825.2, 4505.0], [825.2, 4507.0], [823.3, 4507.0], [823.3, 4509.0], [819.3, 4509.0], [819.3, 4511.0], [813.3, 4511.0]]]}, "properties": {"cell_id": 445}}, {"type": "Feature", "geometry": {"type": "Polygon", "coordinates": [[[2175.0, 4494.8], [2175.0, 4492.8], [2171.1, 4492.8], [2171.1, 4490.8], [2169.1, 4490.8], [2169.1, 4486.9], [2167.1, 4486.9], [2167.1, 4480.9], [2169.1, 4480.9], [2169.1, 4476.9], [2171.1, 4476.9], [2171.1, 4474.9], [2175.0, 4474.9], [2175.0, 4472.9], [2183.0, 4472.9], [2183.0, 4474.9], [2185.0, 4474.9], [2185.0, 4484.9], [2183.0, 4484.9], [2183.0, 4488.8], [2181.0, 4488.8], [2181.0, 4494.8], [2175.0, 4494.8]]]}, "properties": {"cell_id": 446}}, {"type": "Feature", "geometry": {"type": "Polygon", "coordinates": [[[747.5, 4608.7], [747.5, 4606.7], [743.5, 4606.7], [743.5, 4604.7], [741.5, 4604.7], [741.5, 4600.7], [739.5, 4600.7], [739.5, 4594.8], [741.5, 4594.8], [741.5, 4590.8], [743.5, 4590.8], [743.5, 4588.8], [745.5, 4588.8], [745.5, 4586.8], [749.5, 4586.8], [749.5, 4584.8], [753.5, 4584.8], [753.5, 4586.8], [757.5, 4586.8], [757.5, 4588.8], [759.5, 4588.8], [759.5, 4590.8], [761.5, 4590.8], [761.5, 4594.7], [763.5, 4594.7], [763.5, 4600.7], [761.5, 4600.7], [761.5, 4604.7], [759.5, 4604.7], [759.5, 4606.7], [755.5, 4606.7], [755.5, 4608.7], [747.5, 4608.7]]]}, "properties": {"cell_id": 447}}, {"type": "Feature", "geometry": {"type": "Polygon", "coordinates": [[[1098.5, 5035.3], [1098.5, 5023.3], [1100.5, 5023.3], [1100.5, 5019.4], [1104.5, 5019.4], [1104.5, 5017.4], [1106.5, 5017.4], [1106.5, 5019.4], [1110.4, 5019.4], [1110.4, 5021.3], [1112.4, 5021.3], [1112.4, 5029.3], [1114.4, 5029.3], [1114.4, 5033.3], [1100.5, 5033.3], [1100.5, 5035.3], [1098.5, 5035.3]]]}, "properties": {"cell_id": 448}}, {"type": "Feature", "geometry": {"type": "Polygon", "coordinates": [[[1072.5, 4899.7], [1072.5, 4897.7], [1070.6, 4897.7], [1070.6, 4895.7], [1068.6, 4895.7], [1068.6, 4891.8], [1066.6, 4891.8], [1066.6, 4889.8], [1068.6, 4889.8], [1068.6, 4885.8], [1070.5, 4885.8], [1070.5, 4881.8], [1072.5, 4881.8], [1072.5, 4879.8], [1074.5, 4879.8], [1074.5, 4877.8], [1086.5, 4877.8], [1086.5, 4879.8], [1088.5, 4879.8], [1088.5, 4883.8], [1090.5, 4883.8], [1090.5, 4891.8], [1088.5, 4891.8], [1088.5, 4895.7], [1086.5, 4895.7], [1086.5, 4897.7], [1084.5, 4897.7], [1084.5, 4899.7], [1072.5, 4899.7]]]}, "properties": {"cell_id": 449}}, {"type": "Feature", "geometry": {"type": "Polygon", "coordinates": [[[468.4, 4780.2], [468.4, 4778.2], [464.4, 4778.2], [464.4, 4776.2], [462.4, 4776.2], [462.4, 4772.2], [460.4, 4772.2], [460.4, 4762.3], [462.4, 4762.3], [462.4, 4758.3], [464.4, 4758.3], [464.4, 4756.3], [466.4, 4756.3], [466.4, 4754.3], [470.4, 4754.3], [470.4, 4752.3], [472.4, 4752.3], [472.4, 4754.3], [474.4, 4754.3], [474.4, 4756.3], [476.4, 4756.3], [476.4, 4758.3], [478.4, 4758.3], [478.4, 4760.3], [480.4, 4760.3], [480.4, 4762.3], [482.4, 4762.3], [482.4, 4764.3], [486.3, 4764.3], [486.3, 4766.3], [488.3, 4766.3], [488.3, 4768.2], [486.3, 4768.2], [486.3, 4772.2], [484.4, 4772.2], [484.4, 4774.2], [482.4, 4774.2], [482.4, 4776.2], [480.4, 4776.2], [480.4, 4778.2], [476.4, 4778.2], [476.4, 4780.2], [468.4, 4780.2]]]}, "properties": {"cell_id": 450}}, {"type": "Feature", "geometry": {"type": "Polygon", "coordinates": [[[2059.5, 4935.5], [2059.5, 4933.5], [2051.5, 4933.5], [2051.5, 4931.5], [2049.5, 4931.5], [2049.5, 4927.5], [2047.5, 4927.5], [2047.5, 4925.5], [2049.5, 4925.5], [2049.5, 4921.5], [2051.5, 4921.5], [2051.5, 4919.5], [2055.5, 4919.5], [2055.5, 4917.5], [2061.5, 4917.5], [2061.5, 4915.5], [2067.5, 4915.5], [2067.5, 4929.5], [2069.4, 4929.5], [2069.4, 4933.5], [2067.5, 4933.5], [2067.5, 4935.5], [2059.5, 4935.5]]]}, "properties": {"cell_id": 451}}, {"type": "Feature", "geometry": {"type": "Polygon", "coordinates": [[[2356.6, 4979.3], [2356.6, 4977.3], [2352.6, 4977.3], [2352.6, 4975.3], [2348.6, 4975.3], [2348.6, 4973.3], [2346.6, 4973.3], [2346.6, 4971.3], [2342.6, 4971.3], [2342.6, 4967.3], [2344.6, 4967.3], [2344.6, 4963.3], [2346.6, 4963.3], [2346.6, 4961.3], [2350.6, 4961.3], [2350.6, 4959.3], [2356.6, 4959.3], [2356.6, 4961.3], [2360.5, 4961.3], [2360.5, 4963.3], [2362.5, 4963.3], [2362.5, 4967.3], [2364.5, 4967.3], [2364.5, 4973.3], [2362.5, 4973.3], [2362.5, 4977.3], [2360.5, 4977.3], [2360.5, 4979.3], [2356.6, 4979.3]]]}, "properties": {"cell_id": 452}}, {"type": "Feature", "geometry": {"type": "Polygon", "coordinates": [[[994.8, 4993.5], [994.8, 4991.5], [990.8, 4991.5], [990.8, 4989.5], [988.8, 4989.5], [988.8, 4985.5], [986.8, 4985.5], [986.8, 4975.5], [988.8, 4975.5], [988.8, 4971.5], [990.8, 4971.5], [990.8, 4969.5], [992.8, 4969.5], [992.8, 4967.5], [996.8, 4967.5], [996.8, 4965.5], [1002.8, 4965.5], [1002.8, 4967.5], [1006.8, 4967.5], [1006.8, 4969.5], [1008.8, 4969.5], [1008.8, 4973.5], [1006.8, 4973.5], [1006.8, 4981.5], [1004.8, 4981.5], [1004.8, 4993.5], [994.8, 4993.5]]]}, "properties": {"cell_id": 453}}, {"type": "Feature", "geometry": {"type": "Polygon", "coordinates": [[[526.2, 4624.7], [526.2, 4622.7], [522.2, 4622.7], [522.2, 4620.7], [520.2, 4620.7], [520.2, 4618.7], [518.2, 4618.7], [518.2, 4614.7], [516.2, 4614.7], [516.2, 4608.7], [518.2, 4608.7], [518.2, 4604.8], [520.2, 4604.8], [520.2, 4602.8], [524.2, 4602.8], [524.2, 4600.8], [532.2, 4600.8], [532.2, 4602.8], [536.2, 4602.8], [536.2, 4604.8], [538.2, 4604.8], [538.2, 4606.7], [540.2, 4606.7], [540.2, 4610.7], [542.1, 4610.7], [542.1, 4614.7], [540.2, 4614.7], [540.2, 4618.7], [538.2, 4618.7], [538.2, 4620.7], [536.2, 4620.7], [536.2, 4622.7], [532.2, 4622.7], [532.2, 4624.7], [526.2, 4624.7]]]}, "properties": {"cell_id": 454}}, {"type": "Feature", "geometry": {"type": "Polygon", "coordinates": [[[2201.1, 5033.1], [2201.1, 5031.1], [2203.0, 5031.1], [2203.0, 5029.1], [2201.1, 5029.1], [2201.1, 5021.2], [2203.0, 5021.2], [2203.0, 5015.2], [2205.0, 5015.2], [2205.0, 5011.2], [2209.0, 5011.2], [2209.0, 5013.2], [2211.0, 5013.2], [2211.0, 5015.2], [2213.0, 5015.2], [2213.0, 5021.2], [2215.0, 5021.2], [2215.0, 5027.1], [2213.0, 5027.1], [2213.0, 5031.1], [2211.0, 5031.1], [2211.0, 5033.1], [2201.1, 5033.1]]]}, "properties": {"cell_id": 455}}, {"type": "Feature", "geometry": {"type": "Polygon", "coordinates": [[[247.0, 4487.2], [247.0, 4485.2], [243.1, 4485.2], [243.1, 4483.2], [241.1, 4483.2], [241.1, 4479.2], [239.1, 4479.2], [239.1, 4475.2], [241.1, 4475.2], [241.1, 4471.2], [243.1, 4471.2], [243.1, 4469.2], [245.0, 4469.2], [245.0, 4467.2], [247.0, 4467.2], [247.0, 4465.2], [251.0, 4465.2], [251.0, 4463.2], [259.0, 4463.2], [259.0, 4465.2], [263.0, 4465.2], [263.0, 4467.2], [265.0, 4467.2], [265.0, 4471.2], [267.0, 4471.2], [267.0, 4477.2], [265.0, 4477.2], [265.0, 4481.2], [263.0, 4481.2], [263.0, 4483.2], [261.0, 4483.2], [261.0, 4485.2], [249.0, 4485.2], [249.0, 4487.2], [247.0, 4487.2]]]}, "properties": {"cell_id": 456}}, {"type": "Feature", "geometry": {"type": "Polygon", "coordinates": [[[733.5, 4554.9], [733.5, 4552.9], [729.6, 4552.9], [729.6, 4550.9], [727.6, 4550.9], [727.6, 4546.9], [725.6, 4546.9], [725.6, 4538.9], [735.5, 4538.9], [735.5, 4540.9], [737.5, 4540.9], [737.5, 4538.9], [747.5, 4538.9], [747.5, 4544.9], [745.5, 4544.9], [745.5, 4548.9], [743.5, 4548.9], [743.5, 4550.9], [741.5, 4550.9], [741.5, 4552.9], [737.5, 4552.9], [737.5, 4554.9], [733.5, 4554.9]]]}, "properties": {"cell_id": 457}}, {"type": "Feature", "geometry": {"type": "Polygon", "coordinates": [[[488.4, 4891.9], [488.4, 4889.9], [484.4, 4889.9], [484.4, 4887.9], [482.4, 4887.9], [482.4, 4883.9], [480.4, 4883.9], [480.4, 4877.9], [482.4, 4877.9], [482.4, 4873.9], [484.4, 4873.9], [484.4, 4871.9], [486.4, 4871.9], [486.4, 4869.9], [490.4, 4869.9], [490.4, 4867.9], [494.3, 4867.9], [494.3, 4869.9], [498.3, 4869.9], [498.3, 4871.9], [500.3, 4871.9], [500.3, 4873.9], [502.3, 4873.9], [502.3, 4877.9], [504.3, 4877.9], [504.3, 4881.9], [502.3, 4881.9], [502.3, 4887.9], [500.3, 4887.9], [500.3, 4889.9], [496.3, 4889.9], [496.3, 4891.9], [488.4, 4891.9]]]}, "properties": {"cell_id": 458}}, {"type": "Feature", "geometry": {"type": "Polygon", "coordinates": [[[1800.3, 5005.3], [1800.3, 5003.3], [1796.3, 5003.3], [1796.3, 4999.3], [1794.3, 4999.3], [1794.3, 4995.3], [1796.3, 4995.3], [1796.3, 4991.3], [1798.3, 4991.3], [1798.3, 4989.3], [1802.3, 4989.3], [1802.3, 4987.3], [1810.3, 4987.3], [1810.3, 4989.3], [1814.3, 4989.3], [1814.3, 4999.3], [1816.2, 4999.3], [1816.2, 5001.3], [1808.3, 5001.3], [1808.3, 5003.3], [1804.3, 5003.3], [1804.3, 5005.3], [1800.3, 5005.3]]]}, "properties": {"cell_id": 459}}, {"type": "Feature", "geometry": {"type": "Polygon", "coordinates": [[[2248.9, 5023.2], [2248.9, 5015.2], [2246.9, 5015.2], [2246.9, 5011.2], [2244.9, 5011.2], [2244.9, 5007.2], [2248.9, 5007.2], [2248.9, 5005.2], [2256.9, 5005.2], [2256.9, 5007.2], [2258.9, 5007.2], [2258.9, 5011.2], [2260.9, 5011.2], [2260.9, 5017.2], [2262.9, 5017.2], [2262.9, 5021.2], [2256.9, 5021.2], [2256.9, 5023.2], [2248.9, 5023.2]]]}, "properties": {"cell_id": 460}}, {"type": "Feature", "geometry": {"type": "Polygon", "coordinates": [[[1995.7, 4957.4], [1995.7, 4955.4], [1993.7, 4955.4], [1993.7, 4953.4], [1991.7, 4953.4], [1991.7, 4949.4], [1989.7, 4949.4], [1989.7, 4943.4], [1987.7, 4943.4], [1987.7, 4937.5], [1989.7, 4937.5], [1989.7, 4935.5], [1993.7, 4935.5], [1993.7, 4933.5], [2001.7, 4933.5], [2001.7, 4935.5], [2005.6, 4935.5], [2005.6, 4937.5], [2007.6, 4937.5], [2007.6, 4941.4], [2009.6, 4941.4], [2009.6, 4947.4], [2007.6, 4947.4], [2007.6, 4951.4], [2005.6, 4951.4], [2005.6, 4953.4], [2003.7, 4953.4], [2003.7, 4955.4], [1999.7, 4955.4], [1999.7, 4957.4], [1995.7, 4957.4]]]}, "properties": {"cell_id": 461}}, {"type": "Feature", "geometry": {"type": "Polygon", "coordinates": [[[1214.1, 5007.4], [1214.1, 5005.4], [1210.1, 5005.4], [1210.1, 5003.4], [1208.1, 5003.4], [1208.1, 5001.4], [1206.1, 5001.4], [1206.1, 4997.4], [1204.2, 4997.4], [1204.2, 4991.4], [1206.1, 4991.4], [1206.1, 4987.4], [1208.1, 4987.4], [1208.1, 4985.4], [1210.1, 4985.4], [1210.1, 4983.4], [1214.1, 4983.4], [1214.1, 4981.5], [1220.1, 4981.5], [1220.1, 4983.4], [1224.1, 4983.4], [1224.1, 4985.4], [1226.1, 4985.4], [1226.1, 4989.4], [1228.1, 4989.4], [1228.1, 4997.4], [1226.1, 4997.4], [1226.1, 5001.4], [1224.1, 5001.4], [1224.1, 5003.4], [1220.1, 5003.4], [1220.1, 5005.4], [1216.1, 5005.4], [1216.1, 5007.4], [1214.1, 5007.4]]]}, "properties": {"cell_id": 462}}, {"type": "Feature", "geometry": {"type": "Polygon", "coordinates": [[[227.1, 4636.7], [227.1, 4634.7], [225.1, 4634.7], [225.1, 4632.7], [221.1, 4632.7], [221.1, 4630.7], [219.2, 4630.7], [219.2, 4628.7], [217.2, 4628.7], [217.2, 4626.7], [215.2, 4626.7], [215.2, 4624.7], [217.2, 4624.7], [217.2, 4618.8], [221.1, 4618.8], [221.1, 4616.8], [225.1, 4616.8], [225.1, 4618.8], [229.1, 4618.8], [229.1, 4620.8], [231.1, 4620.8], [231.1, 4622.7], [233.1, 4622.7], [233.1, 4626.7], [235.1, 4626.7], [235.1, 4630.7], [233.1, 4630.7], [233.1, 4634.7], [231.1, 4634.7], [231.1, 4636.7], [227.1, 4636.7]]]}, "properties": {"cell_id": 463}}, {"type": "Feature", "geometry": {"type": "Polygon", "coordinates": [[[1495.2, 4686.3], [1495.2, 4684.3], [1493.2, 4684.3], [1493.2, 4682.4], [1491.2, 4682.4], [1491.2, 4678.4], [1493.2, 4678.4], [1493.2, 4676.4], [1495.2, 4676.4], [1495.2, 4674.4], [1497.2, 4674.4], [1497.2, 4672.4], [1499.2, 4672.4], [1499.2, 4668.4], [1501.2, 4668.4], [1501.2, 4670.4], [1507.2, 4670.4], [1507.2, 4676.4], [1509.1, 4676.4], [1509.1, 4680.4], [1507.2, 4680.4], [1507.2, 4684.3], [1505.2, 4684.3], [1505.2, 4686.3], [1499.2, 4686.3], [1499.2, 4684.3], [1497.2, 4684.3], [1497.2, 4686.3], [1495.2, 4686.3]]]}, "properties": {"cell_id": 464}}, {"type": "Feature", "geometry": {"type": "Polygon", "coordinates": [[[887.1, 4832.0], [887.1, 4830.0], [885.1, 4830.0], [885.1, 4828.0], [879.1, 4828.0], [879.1, 4826.0], [877.1, 4826.0], [877.1, 4824.0], [875.1, 4824.0], [875.1, 4820.0], [877.1, 4820.0], [877.1, 4816.0], [879.1, 4816.0], [879.1, 4812.0], [881.1, 4812.0], [881.1, 4810.1], [885.1, 4810.1], [885.1, 4808.1], [887.1, 4808.1], [887.1, 4810.0], [891.1, 4810.0], [891.1, 4816.0], [893.1, 4816.0], [893.1, 4830.0], [889.1, 4830.0], [889.1, 4832.0], [887.1, 4832.0]]]}, "properties": {"cell_id": 465}}, {"type": "Feature", "geometry": {"type": "Polygon", "coordinates": [[[699.7, 4720.4], [699.7, 4718.4], [695.7, 4718.4], [695.7, 4712.4], [697.7, 4712.4], [697.7, 4700.4], [699.7, 4700.4], [699.7, 4696.4], [705.7, 4696.4], [705.7, 4698.4], [709.6, 4698.4], [709.6, 4700.4], [711.6, 4700.4], [711.6, 4710.4], [713.6, 4710.4], [713.6, 4712.4], [711.6, 4712.4], [711.6, 4716.4], [709.6, 4716.4], [709.6, 4718.4], [703.7, 4718.4], [703.7, 4720.4], [699.7, 4720.4]]]}, "properties": {"cell_id": 466}}, {"type": "Feature", "geometry": {"type": "Polygon", "coordinates": [[[1722.6, 5113.0], [1722.6, 5111.0], [1718.6, 5111.0], [1718.6, 5109.0], [1716.6, 5109.0], [1716.6, 5105.0], [1714.6, 5105.0], [1714.6, 5097.0], [1716.6, 5097.0], [1716.6, 5093.0], [1718.6, 5093.0], [1718.6, 5091.0], [1722.6, 5091.0], [1722.6, 5089.0], [1724.5, 5089.0], [1724.5, 5091.0], [1726.5, 5091.0], [1726.5, 5093.0], [1730.5, 5093.0], [1730.5, 5105.0], [1728.5, 5105.0], [1728.5, 5109.0], [1726.5, 5109.0], [1726.5, 5113.0], [1722.6, 5113.0]]]}, "properties": {"cell_id": 467}}, {"type": "Feature", "geometry": {"type": "Polygon", "coordinates": [[[863.1, 4528.9], [863.1, 4525.0], [861.1, 4525.0], [861.1, 4521.0], [859.1, 4521.0], [859.1, 4519.0], [861.1, 4519.0], [861.1, 4515.0], [863.1, 4515.0], [863.1, 4513.0], [865.1, 4513.0], [865.1, 4511.0], [869.1, 4511.0], [869.1, 4509.0], [875.1, 4509.0], [875.1, 4511.0], [879.1, 4511.0], [879.1, 4513.0], [881.1, 4513.0], [881.1, 4519.0], [879.1, 4519.0], [879.1, 4521.0], [877.1, 4521.0], [877.1, 4523.0], [875.1, 4523.0], [875.1, 4524.9], [869.1, 4525.0], [869.1, 4526.9], [867.1, 4526.9], [867.1, 4528.9], [863.1, 4528.9]]]}, "properties": {"cell_id": 468}}, {"type": "Feature", "geometry": {"type": "Polygon", "coordinates": [[[2165.2, 5025.2], [2165.2, 5023.2], [2159.2, 5023.2], [2159.2, 5021.2], [2157.2, 5021.2], [2157.2, 5019.2], [2155.2, 5019.2], [2155.2, 5017.2], [2159.2, 5017.2], [2159.2, 5015.2], [2163.2, 5015.2], [2163.2, 5013.2], [2167.2, 5013.2], [2167.2, 5011.2], [2169.2, 5011.2], [2169.2, 5013.2], [2171.1, 5013.2], [2171.1, 5015.2], [2173.1, 5015.2], [2173.1, 5019.2], [2171.1, 5019.2], [2171.1, 5021.2], [2169.2, 5021.2], [2169.2, 5023.2], [2167.2, 5023.2], [2167.2, 5025.2], [2165.2, 5025.2]]]}, "properties": {"cell_id": 469}}, {"type": "Feature", "geometry": {"type": "Polygon", "coordinates": [[[903.1, 4851.9], [903.1, 4849.9], [899.1, 4849.9], [899.1, 4847.9], [897.1, 4847.9], [897.1, 4845.9], [895.1, 4845.9], [895.1, 4841.9], [893.1, 4841.9], [893.1, 4834.0], [895.1, 4834.0], [895.1, 4830.0], [901.1, 4830.0], [901.1, 4828.0], [911.0, 4828.0], [911.0, 4830.0], [913.0, 4830.0], [913.0, 4834.0], [915.0, 4834.0], [915.0, 4841.9], [913.0, 4841.9], [913.0, 4843.9], [911.0, 4843.9], [911.0, 4845.9], [909.0, 4845.9], [909.0, 4847.9], [907.1, 4847.9], [907.1, 4849.9], [905.1, 4849.9], [905.1, 4851.9], [903.1, 4851.9]]]}, "properties": {"cell_id": 470}}, {"type": "Feature", "geometry": {"type": "Polygon", "coordinates": [[[2109.3, 5009.2], [2109.3, 5007.2], [2105.3, 5007.2], [2105.3, 5005.2], [2101.4, 5005.2], [2101.4, 5001.2], [2103.4, 5001.2], [2103.4, 4999.3], [2105.3, 4999.3], [2105.3, 4997.3], [2107.3, 4997.3], [2107.3, 4995.3], [2109.3, 4995.3], [2109.3, 4993.3], [2117.3, 4993.3], [2117.3, 4999.2], [2115.3, 4999.2], [2115.3, 5005.2], [2113.3, 5005.2], [2113.3, 5009.2], [2109.3, 5009.2]]]}, "properties": {"cell_id": 471}}, {"type": "Feature", "geometry": {"type": "Polygon", "coordinates": [[[1913.9, 4935.5], [1913.9, 4933.5], [1911.9, 4933.5], [1911.9, 4925.5], [1913.9, 4925.5], [1913.9, 4921.5], [1915.9, 4921.5], [1915.9, 4915.5], [1919.9, 4915.5], [1919.9, 4913.6], [1923.9, 4913.6], [1923.9, 4911.6], [1925.9, 4911.6], [1925.9, 4913.6], [1927.9, 4913.6], [1927.9, 4915.5], [1929.9, 4915.5], [1929.9, 4917.5], [1931.9, 4917.5], [1931.9, 4921.5], [1929.9, 4921.5], [1929.9, 4923.5], [1927.9, 4923.5], [1927.9, 4927.5], [1925.9, 4927.5], [1925.9, 4929.5], [1923.9, 4929.5], [1923.9, 4931.5], [1921.9, 4931.5], [1921.9, 4933.5], [1919.9, 4933.5], [1919.9, 4935.5], [1913.9, 4935.5]]]}, "properties": {"cell_id": 472}}, {"type": "Feature", "geometry": {"type": "Polygon", "coordinates": [[[819.3, 4698.4], [819.3, 4696.4], [815.3, 4696.4], [815.3, 4694.4], [813.3, 4694.4], [813.3, 4690.4], [811.3, 4690.4], [811.3, 4682.5], [813.3, 4682.5], [813.3, 4678.5], [823.3, 4678.5], [823.3, 4676.5], [829.3, 4676.5], [829.3, 4674.5], [831.3, 4674.5], [831.3, 4676.5], [833.3, 4676.5], [833.3, 4678.5], [835.2, 4678.5], [835.2, 4682.5], [837.2, 4682.5], [837.2, 4688.4], [835.2, 4688.4], [835.2, 4690.4], [833.3, 4690.4], [833.3, 4694.4], [831.3, 4694.4], [831.3, 4696.4], [827.3, 4696.4], [827.3, 4698.4], [819.3, 4698.4]]]}, "properties": {"cell_id": 473}}, {"type": "Feature", "geometry": {"type": "Polygon", "coordinates": [[[1543.1, 5071.1], [1543.1, 5069.1], [1541.1, 5069.1], [1541.1, 5067.1], [1539.1, 5067.1], [1539.1, 5061.2], [1549.1, 5061.1], [1549.1, 5063.1], [1551.1, 5063.1], [1551.1, 5061.1], [1561.1, 5061.1], [1561.1, 5065.1], [1563.0, 5065.1], [1563.0, 5069.1], [1559.1, 5069.1], [1559.1, 5071.1], [1543.1, 5071.1]]]}, "properties": {"cell_id": 474}}, {"type": "Feature", "geometry": {"type": "Polygon", "coordinates": [[[2215.0, 5001.2], [2215.0, 4999.2], [2211.0, 4999.2], [2211.0, 4997.2], [2209.0, 4997.2], [2209.0, 4995.2], [2207.0, 4995.2], [2207.0, 4991.3], [2205.0, 4991.3], [2205.0, 4983.3], [2207.0, 4983.3], [2207.0, 4979.3], [2209.0, 4979.3], [2209.0, 4977.3], [2213.0, 4977.3], [2213.0, 4975.3], [2223.0, 4975.3], [2223.0, 4973.3], [2227.0, 4973.3], [2227.0, 4975.3], [2231.0, 4975.3], [2231.0, 4977.3], [2232.9, 4977.3], [2232.9, 4979.3], [2234.9, 4979.3], [2234.9, 4981.3], [2236.9, 4981.3], [2236.9, 4985.3], [2238.9, 4985.3], [2238.9, 4987.3], [2236.9, 4987.3], [2236.9, 4991.3], [2234.9, 4991.3], [2234.9, 4995.2], [2232.9, 4995.2], [2232.9, 4997.2], [2231.0, 4997.2], [2231.0, 4999.2], [2217.0, 4999.2], [2217.0, 5001.2], [2215.0, 5001.2]]]}, "properties": {"cell_id": 475}}, {"type": "Feature", "geometry": {"type": "Polygon", "coordinates": [[[2027.6, 5029.2], [2027.6, 5027.2], [2025.6, 5027.2], [2025.6, 5019.2], [2027.6, 5019.2], [2027.6, 5017.2], [2029.6, 5017.2], [2029.6, 5013.2], [2037.6, 5013.2], [2037.6, 5011.2], [2039.6, 5011.2], [2039.6, 5013.2], [2041.5, 5013.2], [2041.5, 5017.2], [2039.6, 5017.2], [2039.6, 5019.2], [2037.6, 5019.2], [2037.6, 5023.2], [2035.6, 5023.2], [2035.6, 5025.2], [2033.6, 5025.2], [2033.6, 5029.2], [2027.6, 5029.2]]]}, "properties": {"cell_id": 476}}, {"type": "Feature", "geometry": {"type": "Polygon", "coordinates": [[[406.6, 4704.5], [406.6, 4702.5], [402.6, 4702.5], [402.6, 4700.5], [400.6, 4700.5], [400.6, 4696.5], [398.6, 4696.5], [398.6, 4690.5], [400.6, 4690.5], [400.6, 4686.5], [406.6, 4686.5], [406.6, 4684.5], [418.5, 4684.5], [418.5, 4686.5], [420.5, 4686.5], [420.5, 4690.5], [422.5, 4690.5], [422.5, 4696.5], [420.5, 4696.5], [420.5, 4700.5], [418.5, 4700.5], [418.5, 4702.5], [414.6, 4702.5], [414.6, 4704.5], [406.6, 4704.5]]]}, "properties": {"cell_id": 477}}, {"type": "Feature", "geometry": {"type": "Polygon", "coordinates": [[[1622.8, 4736.2], [1622.8, 4734.2], [1618.8, 4734.2], [1618.8, 4732.2], [1616.8, 4732.2], [1616.8, 4730.2], [1614.8, 4730.2], [1614.8, 4726.2], [1612.8, 4726.2], [1612.8, 4716.2], [1614.8, 4716.2], [1614.8, 4712.2], [1616.8, 4712.2], [1616.8, 4710.2], [1620.8, 4710.2], [1620.8, 4708.2], [1624.8, 4708.2], [1624.8, 4710.2], [1626.8, 4710.2], [1626.8, 4712.2], [1628.8, 4712.2], [1628.8, 4714.2], [1630.8, 4714.2], [1630.8, 4728.2], [1628.8, 4728.2], [1628.8, 4734.2], [1626.8, 4734.2], [1626.8, 4736.2], [1622.8, 4736.2]]]}, "properties": {"cell_id": 478}}, {"type": "Feature", "geometry": {"type": "Polygon", "coordinates": [[[2151.2, 4901.6], [2151.2, 4897.6], [2149.2, 4897.6], [2149.2, 4889.6], [2151.2, 4889.6], [2151.2, 4885.6], [2153.2, 4885.6], [2153.2, 4883.6], [2155.2, 4883.6], [2155.2, 4881.6], [2159.2, 4881.6], [2159.2, 4879.6], [2165.1, 4879.6], [2165.1, 4883.6], [2167.1, 4883.6], [2167.1, 4889.6], [2169.1, 4889.6], [2169.1, 4897.6], [2165.1, 4897.6], [2165.1, 4899.6], [2161.2, 4899.6], [2161.2, 4901.5], [2151.2, 4901.6]]]}, "properties": {"cell_id": 479}}, {"type": "Feature", "geometry": {"type": "Polygon", "coordinates": [[[781.4, 4517.0], [781.4, 4515.0], [777.4, 4515.0], [777.4, 4513.0], [775.4, 4513.0], [775.4, 4509.0], [773.4, 4509.0], [773.4, 4503.0], [775.4, 4503.0], [775.4, 4497.1], [777.4, 4497.1], [777.4, 4495.1], [781.4, 4495.1], [781.4, 4493.1], [787.4, 4493.1], [787.4, 4495.1], [791.3, 4495.1], [791.4, 4497.1], [793.3, 4497.1], [793.3, 4501.0], [795.3, 4501.0], [795.3, 4509.0], [793.3, 4509.0], [793.3, 4513.0], [791.4, 4513.0], [791.4, 4515.0], [787.4, 4515.0], [787.4, 4517.0], [781.4, 4517.0]]]}, "properties": {"cell_id": 480}}, {"type": "Feature", "geometry": {"type": "Polygon", "coordinates": [[[2434.3, 4885.6], [2434.3, 4883.6], [2430.3, 4883.6], [2430.3, 4881.6], [2428.3, 4881.6], [2428.3, 4877.6], [2426.3, 4877.6], [2426.3, 4871.6], [2428.3, 4871.6], [2428.3, 4867.6], [2430.3, 4867.6], [2430.3, 4865.6], [2434.3, 4865.6], [2434.3, 4863.6], [2442.3, 4863.6], [2442.3, 4865.6], [2446.3, 4865.6], [2446.3, 4867.6], [2448.3, 4867.6], [2448.3, 4871.6], [2450.3, 4871.6], [2450.3, 4873.6], [2448.3, 4873.6], [2448.3, 4875.6], [2446.3, 4875.6], [2446.3, 4877.6], [2444.3, 4877.6], [2444.3, 4879.6], [2442.3, 4879.6], [2442.3, 4881.6], [2440.3, 4881.6], [2440.3, 4883.6], [2438.3, 4883.6], [2438.3, 4885.6], [2434.3, 4885.6]]]}, "properties": {"cell_id": 481}}, {"type": "Feature", "geometry": {"type": "Polygon", "coordinates": [[[2454.3, 5047.0], [2454.3, 5045.0], [2450.3, 5045.0], [2450.3, 5043.1], [2448.3, 5043.1], [2448.3, 5041.1], [2446.3, 5041.1], [2446.3, 5037.1], [2444.3, 5037.1], [2444.3, 5031.1], [2446.3, 5031.1], [2446.3, 5027.1], [2448.3, 5027.1], [2448.3, 5025.1], [2452.3, 5025.1], [2452.3, 5023.1], [2458.3, 5023.1], [2458.3, 5025.1], [2462.2, 5025.1], [2462.2, 5027.1], [2464.2, 5027.1], [2464.2, 5031.1], [2462.2, 5031.1], [2462.2, 5037.1], [2460.2, 5037.1], [2460.2, 5043.1], [2458.3, 5043.1], [2458.3, 5045.0], [2456.3, 5045.0], [2456.3, 5047.0], [2454.3, 5047.0]]]}, "properties": {"cell_id": 482}}, {"type": "Feature", "geometry": {"type": "Polygon", "coordinates": [[[358.7, 4676.6], [358.7, 4674.6], [354.7, 4674.6], [354.7, 4672.6], [352.7, 4672.6], [352.7, 4668.6], [354.7, 4668.6], [354.7, 4666.6], [356.7, 4666.6], [356.7, 4664.6], [358.7, 4664.6], [358.7, 4662.6], [360.7, 4662.6], [360.7, 4658.6], [362.7, 4658.6], [362.7, 4656.6], [364.7, 4656.6], [364.7, 4654.6], [368.7, 4654.6], [368.7, 4656.6], [372.7, 4656.6], [372.7, 4658.6], [374.7, 4658.6], [374.7, 4660.6], [372.7, 4660.6], [372.7, 4662.6], [370.7, 4662.6], [370.7, 4664.6], [368.7, 4664.6], [368.7, 4668.6], [366.7, 4668.6], [366.7, 4670.6], [364.7, 4670.6], [364.7, 4674.6], [360.7, 4674.6], [360.7, 4676.6], [358.7, 4676.6]]]}, "properties": {"cell_id": 483}}, {"type": "Feature", "geometry": {"type": "Polygon", "coordinates": [[[1758.4, 5109.0], [1758.4, 5103.0], [1760.4, 5103.0], [1760.4, 5101.0], [1762.4, 5101.0], [1762.4, 5095.0], [1764.4, 5095.0], [1764.4, 5093.0], [1768.4, 5093.0], [1768.4, 5091.0], [1772.4, 5091.0], [1772.4, 5089.0], [1776.4, 5089.0], [1776.4, 5091.0], [1778.4, 5091.0], [1778.4, 5093.0], [1780.4, 5093.0], [1780.4, 5097.0], [1778.4, 5097.0], [1778.4, 5101.0], [1766.4, 5101.0], [1766.4, 5105.0], [1764.4, 5105.0], [1764.4, 5107.0], [1762.4, 5107.0], [1762.4, 5109.0], [1758.4, 5109.0]]]}, "properties": {"cell_id": 484}}, {"type": "Feature", "geometry": {"type": "Polygon", "coordinates": [[[292.9, 4549.0], [292.9, 4547.0], [288.9, 4547.0], [288.9, 4545.0], [286.9, 4545.0], [286.9, 4541.0], [284.9, 4541.0], [284.9, 4535.0], [286.9, 4535.0], [286.9, 4531.0], [288.9, 4531.0], [288.9, 4529.0], [292.9, 4529.0], [292.9, 4527.0], [302.9, 4527.0], [302.9, 4529.0], [306.9, 4529.0], [306.9, 4531.0], [308.9, 4531.0], [308.9, 4535.0], [310.9, 4535.0], [310.9, 4541.0], [308.9, 4541.0], [308.9, 4545.0], [306.9, 4545.0], [306.9, 4547.0], [302.9, 4547.0], [302.9, 4549.0], [292.9, 4549.0]]]}, "properties": {"cell_id": 485}}, {"type": "Feature", "geometry": {"type": "Polygon", "coordinates": [[[645.9, 4826.0], [645.9, 4824.0], [643.9, 4824.0], [643.9, 4822.1], [641.9, 4822.1], [641.9, 4818.1], [639.9, 4818.1], [639.9, 4816.1], [637.9, 4816.1], [637.9, 4814.1], [635.9, 4814.1], [635.9, 4812.1], [637.9, 4812.1], [637.9, 4808.1], [639.9, 4808.1], [639.9, 4806.1], [641.9, 4806.1], [641.9, 4804.1], [645.9, 4804.1], [645.9, 4802.1], [649.8, 4802.1], [649.8, 4804.1], [653.8, 4804.1], [653.8, 4808.1], [655.8, 4808.1], [655.8, 4816.1], [657.8, 4816.1], [657.8, 4822.1], [655.8, 4822.1], [655.8, 4824.0], [651.8, 4824.0], [651.8, 4826.0], [645.9, 4826.0]]]}, "properties": {"cell_id": 486}}, {"type": "Feature", "geometry": {"type": "Polygon", "coordinates": [[[1718.5, 4935.5], [1718.5, 4933.5], [1714.6, 4933.5], [1714.6, 4931.5], [1712.6, 4931.5], [1712.6, 4929.5], [1710.6, 4929.5], [1710.6, 4927.5], [1708.6, 4927.5], [1708.6, 4923.6], [1706.6, 4923.6], [1706.6, 4919.6], [1708.6, 4919.6], [1708.6, 4915.6], [1710.6, 4915.6], [1710.6, 4913.6], [1714.5, 4913.6], [1714.5, 4911.6], [1722.5, 4911.6], [1722.5, 4913.6], [1726.5, 4913.6], [1726.5, 4915.6], [1728.5, 4915.6], [1728.5, 4917.6], [1730.5, 4917.6], [1730.5, 4921.6], [1732.5, 4921.6], [1732.5, 4927.5], [1730.5, 4927.5], [1730.5, 4931.5], [1728.5, 4931.5], [1728.5, 4933.5], [1724.5, 4933.5], [1724.5, 4935.5], [1718.5, 4935.5]]]}, "properties": {"cell_id": 487}}, {"type": "Feature", "geometry": {"type": "Polygon", "coordinates": [[[1557.1, 4991.4], [1557.1, 4989.4], [1553.1, 4989.4], [1553.1, 4987.4], [1551.1, 4987.4], [1551.1, 4985.4], [1549.1, 4985.4], [1549.1, 4981.4], [1547.1, 4981.4], [1547.1, 4971.4], [1549.1, 4971.4], [1549.1, 4967.4], [1551.1, 4967.4], [1551.1, 4965.4], [1553.1, 4965.4], [1553.1, 4963.5], [1557.0, 4963.5], [1557.0, 4961.5], [1561.0, 4961.5], [1561.0, 4963.5], [1565.0, 4963.5], [1565.0, 4967.4], [1567.0, 4967.4], [1567.0, 4975.4], [1569.0, 4975.4], [1569.0, 4981.4], [1571.0, 4981.4], [1571.0, 4985.4], [1569.0, 4985.4], [1569.0, 4987.4], [1567.0, 4987.4], [1567.0, 4989.4], [1563.0, 4989.4], [1563.0, 4991.4], [1557.1, 4991.4]]]}, "properties": {"cell_id": 488}}, {"type": "Feature", "geometry": {"type": "Polygon", "coordinates": [[[364.7, 4624.7], [364.7, 4622.7], [360.7, 4622.7], [360.7, 4620.7], [358.7, 4620.7], [358.7, 4618.7], [356.7, 4618.7], [356.7, 4614.8], [354.7, 4614.8], [354.7, 4610.8], [352.7, 4610.8], [352.7, 4604.8], [354.7, 4604.8], [354.7, 4600.8], [356.7, 4600.8], [356.7, 4598.8], [360.7, 4598.8], [360.7, 4596.8], [368.7, 4596.8], [368.7, 4598.8], [372.7, 4598.8], [372.7, 4600.8], [374.7, 4600.8], [374.7, 4602.8], [376.7, 4602.8], [376.7, 4604.8], [378.7, 4604.8], [378.7, 4608.8], [380.6, 4608.8], [380.6, 4614.7], [378.7, 4614.7], [378.7, 4618.7], [376.7, 4618.7], [376.7, 4620.7], [374.7, 4620.7], [374.7, 4622.7], [370.7, 4622.7], [370.7, 4624.7], [364.7, 4624.7]]]}, "properties": {"cell_id": 489}}, {"type": "Feature", "geometry": {"type": "Polygon", "coordinates": [[[1064.6, 4806.0], [1064.6, 4796.1], [1062.6, 4796.1], [1062.6, 4790.1], [1060.6, 4790.1], [1060.6, 4788.1], [1058.6, 4788.1], [1058.6, 4784.1], [1060.6, 4784.1], [1060.6, 4782.1], [1064.6, 4782.1], [1064.5, 4780.1], [1068.5, 4780.1], [1068.5, 4782.1], [1072.5, 4782.1], [1072.5, 4784.1], [1076.5, 4784.1], [1076.5, 4788.1], [1078.5, 4788.1], [1078.5, 4794.1], [1080.5, 4794.1], [1080.5, 4796.1], [1078.5, 4796.1], [1078.5, 4800.0], [1076.5, 4800.0], [1076.5, 4802.0], [1074.5, 4802.0], [1074.5, 4804.0], [1070.5, 4804.0], [1070.5, 4806.0], [1064.6, 4806.0]]]}, "properties": {"cell_id": 490}}, {"type": "Feature", "geometry": {"type": "Polygon", "coordinates": [[[2324.7, 4971.3], [2324.7, 4969.3], [2322.7, 4969.3], [2322.7, 4965.3], [2320.7, 4965.3], [2320.7, 4959.3], [2322.7, 4959.3], [2322.7, 4955.4], [2324.7, 4955.4], [2324.7, 4953.4], [2328.6, 4953.4], [2328.6, 4951.4], [2334.6, 4951.4], [2334.6, 4953.4], [2338.6, 4953.4], [2338.6, 4955.4], [2340.6, 4955.3], [2340.6, 4957.3], [2342.6, 4957.3], [2342.6, 4961.3], [2344.6, 4961.3], [2344.6, 4965.3], [2342.6, 4965.3], [2342.6, 4969.3], [2340.6, 4969.3], [2340.6, 4971.3], [2324.7, 4971.3]]]}, "properties": {"cell_id": 491}}, {"type": "Feature", "geometry": {"type": "Polygon", "coordinates": [[[899.1, 4905.7], [899.1, 4903.8], [895.1, 4903.8], [895.1, 4901.8], [891.1, 4901.8], [891.1, 4899.8], [889.1, 4899.8], [889.1, 4897.8], [887.1, 4897.8], [887.1, 4895.8], [885.1, 4895.8], [885.1, 4891.8], [883.1, 4891.8], [883.1, 4887.8], [885.1, 4887.8], [885.1, 4883.8], [887.1, 4883.8], [887.1, 4881.8], [891.1, 4881.8], [891.1, 4879.8], [893.1, 4879.8], [893.1, 4881.8], [899.1, 4881.8], [899.1, 4883.8], [905.1, 4883.8], [905.1, 4885.8], [907.1, 4885.8], [907.1, 4889.8], [909.1, 4889.8], [909.1, 4893.8], [911.0, 4893.8], [911.0, 4895.8], [909.1, 4895.8], [909.1, 4899.8], [907.1, 4899.8], [907.1, 4901.8], [905.1, 4901.8], [905.1, 4903.8], [901.1, 4903.8], [901.1, 4905.7], [899.1, 4905.7]]]}, "properties": {"cell_id": 492}}, {"type": "Feature", "geometry": {"type": "Polygon", "coordinates": [[[1581.0, 4921.6], [1581.0, 4919.6], [1579.0, 4919.6], [1579.0, 4917.6], [1577.0, 4917.6], [1577.0, 4909.6], [1579.0, 4909.6], [1579.0, 4901.6], [1594.9, 4901.6], [1594.9, 4911.6], [1596.9, 4911.6], [1596.9, 4917.6], [1590.9, 4917.6], [1590.9, 4919.6], [1588.9, 4919.6], [1588.9, 4921.6], [1581.0, 4921.6]]]}, "properties": {"cell_id": 493}}, {"type": "Feature", "geometry": {"type": "Polygon", "coordinates": [[[1445.3, 4546.8], [1445.3, 4542.8], [1443.3, 4542.8], [1443.3, 4538.8], [1441.3, 4538.8], [1441.3, 4534.8], [1439.3, 4534.8], [1439.3, 4532.8], [1441.3, 4532.8], [1441.3, 4530.8], [1445.3, 4530.8], [1445.3, 4528.8], [1449.3, 4528.8], [1449.3, 4532.8], [1451.3, 4532.8], [1451.3, 4534.8], [1453.3, 4534.8], [1453.3, 4538.8], [1455.3, 4538.8], [1455.3, 4540.8], [1457.3, 4540.8], [1457.3, 4542.8], [1455.3, 4542.8], [1455.3, 4544.8], [1451.3, 4544.8], [1451.3, 4546.8], [1445.3, 4546.8]]]}, "properties": {"cell_id": 494}}, {"type": "Feature", "geometry": {"type": "Polygon", "coordinates": [[[2498.1, 4748.0], [2498.1, 4746.0], [2494.1, 4746.0], [2494.1, 4744.0], [2492.1, 4744.0], [2492.1, 4726.0], [2496.1, 4726.0], [2496.1, 4724.1], [2500.1, 4724.1], [2500.1, 4722.1], [2506.1, 4722.1], [2506.1, 4724.1], [2510.0, 4724.0], [2510.0, 4726.0], [2512.0, 4726.0], [2512.0, 4730.0], [2514.0, 4730.0], [2514.0, 4736.0], [2512.0, 4736.0], [2512.0, 4740.0], [2510.0, 4740.0], [2510.0, 4744.0], [2508.0, 4744.0], [2508.1, 4746.0], [2504.1, 4746.0], [2504.1, 4748.0], [2498.1, 4748.0]]]}, "properties": {"cell_id": 495}}, {"type": "Feature", "geometry": {"type": "Polygon", "coordinates": [[[2177.1, 5037.1], [2177.1, 5033.1], [2173.1, 5033.1], [2173.1, 5031.1], [2175.1, 5031.1], [2175.1, 5027.2], [2177.1, 5027.2], [2177.1, 5017.2], [2179.1, 5017.2], [2179.1, 5019.2], [2183.1, 5019.2], [2183.1, 5021.2], [2187.1, 5021.2], [2187.1, 5027.1], [2185.1, 5027.1], [2185.1, 5037.1], [2177.1, 5037.1]]]}, "properties": {"cell_id": 496}}, {"type": "Feature", "geometry": {"type": "Polygon", "coordinates": [[[450.4, 4608.8], [450.4, 4606.8], [446.4, 4606.8], [446.4, 4604.8], [444.4, 4604.8], [444.4, 4602.8], [442.5, 4602.8], [442.5, 4592.8], [444.4, 4592.8], [444.4, 4590.8], [446.4, 4590.8], [446.4, 4588.8], [448.4, 4588.8], [448.4, 4586.8], [452.4, 4586.8], [452.4, 4584.8], [454.4, 4584.8], [454.4, 4586.8], [458.4, 4586.8], [458.4, 4588.8], [460.4, 4588.8], [460.4, 4590.8], [462.4, 4590.8], [462.4, 4592.8], [464.4, 4592.8], [464.4, 4596.8], [466.4, 4596.8], [466.4, 4600.8], [464.4, 4600.8], [464.4, 4604.8], [462.4, 4604.8], [462.4, 4606.8], [458.4, 4606.8], [458.4, 4608.8], [450.4, 4608.8]]]}, "properties": {"cell_id": 497}}, {"type": "Feature", "geometry": {"type": "Polygon", "coordinates": [[[1453.3, 4594.6], [1453.3, 4584.7], [1455.3, 4584.7], [1455.3, 4580.7], [1469.3, 4580.7], [1469.3, 4582.7], [1473.2, 4582.7], [1473.2, 4588.6], [1471.3, 4588.6], [1471.3, 4592.6], [1467.3, 4592.6], [1467.3, 4594.6], [1453.3, 4594.6]]]}, "properties": {"cell_id": 498}}, {"type": "Feature", "geometry": {"type": "Polygon", "coordinates": [[[821.3, 4730.3], [821.3, 4728.3], [817.3, 4728.3], [817.3, 4726.3], [815.3, 4726.3], [815.3, 4722.3], [813.3, 4722.3], [813.3, 4714.4], [815.3, 4714.4], [815.3, 4710.4], [817.3, 4710.4], [817.3, 4708.4], [819.3, 4708.4], [819.3, 4706.4], [823.3, 4706.4], [823.3, 4704.4], [827.3, 4704.4], [827.3, 4706.4], [831.3, 4706.4], [831.3, 4714.4], [833.3, 4714.4], [833.3, 4722.3], [831.3, 4722.3], [831.3, 4728.3], [827.3, 4728.3], [827.3, 4730.3], [821.3, 4730.3]]]}, "properties": {"cell_id": 499}}, {"type": "Feature", "geometry": {"type": "Polygon", "coordinates": [[[1880.0, 4921.5], [1880.0, 4919.5], [1874.1, 4919.5], [1874.1, 4917.5], [1870.1, 4917.5], [1870.1, 4905.6], [1872.1, 4905.6], [1872.1, 4903.6], [1878.0, 4903.6], [1878.0, 4907.6], [1880.0, 4907.6], [1880.0, 4913.6], [1882.0, 4913.6], [1882.0, 4921.5], [1880.0, 4921.5]]]}, "properties": {"cell_id": 500}}, {"type": "Feature", "geometry": {"type": "Polygon", "coordinates": [[[831.3, 4660.5], [831.3, 4658.5], [827.3, 4658.5], [827.3, 4656.5], [825.3, 4656.5], [825.3, 4640.6], [823.3, 4640.6], [823.3, 4634.6], [825.3, 4634.6], [825.3, 4632.6], [829.3, 4632.6], [829.3, 4630.6], [835.2, 4630.6], [835.2, 4632.6], [839.2, 4632.6], [839.2, 4634.6], [841.2, 4634.6], [841.2, 4636.6], [843.2, 4636.6], [843.2, 4640.6], [845.2, 4640.6], [845.2, 4644.6], [847.2, 4644.6], [847.2, 4648.6], [845.2, 4648.6], [845.2, 4652.6], [843.2, 4652.6], [843.2, 4654.5], [841.2, 4654.5], [841.2, 4656.5], [839.2, 4656.5], [839.2, 4658.5], [835.2, 4658.5], [835.2, 4660.5], [831.3, 4660.5]]]}, "properties": {"cell_id": 501}}, {"type": "Feature", "geometry": {"type": "Polygon", "coordinates": [[[707.7, 4738.3], [707.7, 4736.3], [703.7, 4736.3], [703.7, 4734.3], [701.7, 4734.3], [701.7, 4728.3], [699.7, 4728.3], [699.7, 4724.4], [701.7, 4724.4], [701.7, 4720.4], [703.7, 4720.4], [703.7, 4718.4], [709.6, 4718.4], [709.6, 4716.4], [715.6, 4716.4], [715.6, 4718.4], [719.6, 4718.4], [719.6, 4720.4], [721.6, 4720.4], [721.6, 4724.3], [723.6, 4724.3], [723.6, 4728.3], [725.6, 4728.3], [725.6, 4730.3], [723.6, 4730.3], [723.6, 4734.3], [721.6, 4734.3], [721.6, 4736.3], [717.6, 4736.3], [717.6, 4738.3], [707.7, 4738.3]]]}, "properties": {"cell_id": 502}}, {"type": "Feature", "geometry": {"type": "Polygon", "coordinates": [[[603.9, 4523.0], [603.9, 4521.0], [601.9, 4521.0], [601.9, 4517.0], [599.9, 4517.0], [599.9, 4513.0], [598.0, 4513.0], [598.0, 4507.1], [599.9, 4507.1], [599.9, 4503.1], [601.9, 4503.1], [601.9, 4501.1], [605.9, 4501.1], [605.9, 4499.1], [611.9, 4499.1], [611.9, 4501.1], [615.9, 4501.1], [615.9, 4503.1], [617.9, 4503.1], [617.9, 4505.1], [619.9, 4505.1], [619.9, 4507.0], [621.9, 4507.0], [621.9, 4511.0], [623.9, 4511.0], [623.9, 4515.0], [621.9, 4515.0], [621.9, 4519.0], [617.9, 4519.0], [617.9, 4521.0], [607.9, 4521.0], [607.9, 4523.0], [603.9, 4523.0]]]}, "properties": {"cell_id": 503}}, {"type": "Feature", "geometry": {"type": "Polygon", "coordinates": [[[2484.2, 5100.9], [2484.2, 5080.9], [2486.2, 5080.9], [2486.2, 5078.9], [2490.2, 5078.9], [2490.2, 5076.9], [2492.2, 5076.9], [2492.2, 5078.9], [2496.1, 5078.9], [2496.1, 5080.9], [2498.1, 5080.9], [2498.1, 5082.9], [2500.1, 5082.9], [2500.1, 5086.9], [2502.1, 5086.9], [2502.1, 5092.9], [2500.1, 5092.9], [2500.1, 5094.9], [2498.1, 5094.9], [2498.1, 5096.9], [2492.2, 5096.9], [2492.2, 5098.9], [2488.2, 5098.9], [2488.2, 5100.9], [2484.2, 5100.9]]]}, "properties": {"cell_id": 504}}, {"type": "Feature", "geometry": {"type": "Polygon", "coordinates": [[[1622.9, 5093.0], [1622.9, 5091.0], [1618.9, 5091.0], [1618.9, 5089.0], [1616.9, 5089.0], [1616.9, 5087.1], [1614.9, 5087.1], [1614.9, 5083.1], [1612.9, 5083.1], [1612.9, 5079.1], [1614.9, 5079.1], [1614.9, 5075.1], [1616.9, 5075.1], [1616.9, 5073.1], [1618.9, 5073.1], [1618.9, 5071.1], [1622.9, 5071.1], [1622.9, 5069.1], [1626.8, 5069.1], [1626.8, 5071.1], [1630.8, 5071.1], [1630.8, 5073.1], [1634.8, 5073.1], [1634.8, 5075.1], [1636.8, 5075.1], [1636.8, 5083.1], [1634.8, 5083.1], [1634.8, 5087.1], [1632.8, 5087.1], [1632.8, 5089.0], [1630.8, 5089.0], [1630.8, 5091.0], [1628.8, 5091.0], [1628.8, 5093.0], [1622.9, 5093.0]]]}, "properties": {"cell_id": 505}}, {"type": "Feature", "geometry": {"type": "Polygon", "coordinates": [[[2394.4, 4959.3], [2394.4, 4957.3], [2392.4, 4957.3], [2392.4, 4953.3], [2390.5, 4953.3], [2390.5, 4951.4], [2388.5, 4951.4], [2388.5, 4949.4], [2390.5, 4949.4], [2390.5, 4945.4], [2392.4, 4945.4], [2392.4, 4943.4], [2396.4, 4943.4], [2396.4, 4941.4], [2400.4, 4941.4], [2400.4, 4939.4], [2402.4, 4939.4], [2402.4, 4941.4], [2406.4, 4941.4], [2406.4, 4943.4], [2408.4, 4943.4], [2408.4, 4945.4], [2410.4, 4945.4], [2410.4, 4947.4], [2408.4, 4947.4], [2408.4, 4949.4], [2406.4, 4949.4], [2406.4, 4951.4], [2404.4, 4951.4], [2404.4, 4955.3], [2398.4, 4955.3], [2398.4, 4957.3], [2396.4, 4957.3], [2396.4, 4959.3], [2394.4, 4959.3]]]}, "properties": {"cell_id": 506}}, {"type": "Feature", "geometry": {"type": "Polygon", "coordinates": [[[1754.4, 5017.3], [1754.4, 5015.3], [1750.5, 5015.3], [1750.5, 5013.3], [1748.5, 5013.3], [1748.5, 5011.3], [1746.5, 5011.3], [1746.5, 5007.3], [1744.5, 5007.3], [1744.5, 5005.3], [1746.5, 5005.3], [1746.5, 5001.3], [1748.5, 5001.3], [1748.5, 4999.3], [1750.5, 4999.3], [1750.5, 4997.3], [1754.4, 4997.3], [1754.4, 4995.3], [1756.4, 4995.3], [1756.4, 4997.3], [1758.4, 4997.3], [1758.4, 4999.3], [1760.4, 4999.3], [1760.4, 5001.3], [1762.4, 5001.3], [1762.4, 5003.3], [1764.4, 5003.3], [1764.4, 5005.3], [1768.4, 5005.3], [1768.4, 5007.3], [1770.4, 5007.3], [1770.4, 5009.3], [1768.4, 5009.3], [1768.4, 5013.3], [1762.4, 5013.3], [1762.4, 5015.3], [1756.4, 5015.3], [1756.4, 5017.3], [1754.4, 5017.3]]]}, "properties": {"cell_id": 507}}, {"type": "Feature", "geometry": {"type": "Polygon", "coordinates": [[[956.9, 4816.0], [956.9, 4814.0], [952.9, 4814.0], [952.9, 4812.0], [950.9, 4812.0], [950.9, 4810.0], [948.9, 4810.0], [948.9, 4806.1], [946.9, 4806.1], [946.9, 4804.1], [948.9, 4804.1], [948.9, 4798.1], [950.9, 4798.1], [950.9, 4794.1], [952.9, 4794.1], [952.9, 4792.1], [956.9, 4792.1], [956.9, 4790.1], [960.9, 4790.1], [960.9, 4792.1], [964.9, 4792.1], [964.9, 4794.1], [966.9, 4794.1], [966.9, 4806.0], [968.9, 4806.0], [968.9, 4810.0], [966.9, 4810.0], [966.9, 4812.0], [962.9, 4812.0], [962.9, 4814.0], [958.9, 4814.0], [958.9, 4816.0], [956.9, 4816.0]]]}, "properties": {"cell_id": 508}}, {"type": "Feature", "geometry": {"type": "Polygon", "coordinates": [[[454.4, 4584.8], [454.4, 4582.8], [452.4, 4582.8], [452.4, 4580.8], [450.4, 4580.8], [450.4, 4578.9], [446.4, 4578.9], [446.4, 4576.9], [444.4, 4576.9], [444.4, 4574.9], [442.5, 4574.9], [442.4, 4568.9], [444.4, 4568.9], [444.4, 4564.9], [446.4, 4564.9], [446.4, 4562.9], [450.4, 4562.9], [450.4, 4560.9], [456.4, 4560.9], [456.4, 4562.9], [460.4, 4562.9], [460.4, 4564.9], [462.4, 4564.9], [462.4, 4566.9], [464.4, 4566.9], [464.4, 4570.9], [466.4, 4570.9], [466.4, 4576.9], [464.4, 4576.9], [464.4, 4580.8], [462.4, 4580.8], [462.4, 4582.8], [458.4, 4582.8], [458.4, 4584.8], [454.4, 4584.8]]]}, "properties": {"cell_id": 509}}, {"type": "Feature", "geometry": {"type": "Polygon", "coordinates": [[[388.6, 4736.4], [388.6, 4734.4], [384.7, 4734.4], [384.7, 4732.4], [382.7, 4732.4], [382.7, 4730.4], [380.7, 4730.4], [380.7, 4726.4], [378.7, 4726.4], [378.7, 4724.4], [380.7, 4724.4], [380.7, 4722.4], [382.7, 4722.4], [382.7, 4720.4], [386.7, 4720.4], [386.6, 4718.4], [392.6, 4718.4], [392.6, 4716.4], [400.6, 4716.4], [400.6, 4718.4], [402.6, 4718.4], [402.6, 4722.4], [404.6, 4722.4], [404.6, 4728.4], [402.6, 4728.4], [402.6, 4732.4], [400.6, 4732.4], [400.6, 4734.4], [396.6, 4734.4], [396.6, 4736.4], [388.6, 4736.4]]]}, "properties": {"cell_id": 510}}, {"type": "Feature", "geometry": {"type": "Polygon", "coordinates": [[[2422.3, 4516.7], [2422.3, 4514.7], [2420.3, 4514.7], [2420.3, 4512.7], [2414.3, 4512.7], [2414.3, 4510.7], [2412.3, 4510.7], [2412.3, 4508.7], [2410.3, 4508.7], [2410.3, 4504.8], [2412.3, 4504.8], [2412.3, 4500.8], [2414.3, 4500.8], [2414.3, 4498.8], [2416.3, 4498.8], [2416.3, 4496.8], [2420.3, 4496.8], [2420.3, 4494.8], [2426.3, 4494.8], [2426.3, 4496.8], [2430.2, 4496.8], [2430.3, 4498.8], [2432.2, 4498.8], [2432.2, 4502.8], [2434.2, 4502.8], [2434.2, 4508.7], [2432.2, 4508.7], [2432.2, 4512.7], [2430.3, 4512.7], [2430.3, 4514.7], [2428.3, 4514.7], [2428.3, 4516.7], [2422.3, 4516.7]]]}, "properties": {"cell_id": 511}}, {"type": "Feature", "geometry": {"type": "Polygon", "coordinates": [[[1521.1, 4766.1], [1521.1, 4764.1], [1519.1, 4764.1], [1519.1, 4756.1], [1521.1, 4756.1], [1521.1, 4748.1], [1523.1, 4748.1], [1523.1, 4746.1], [1531.1, 4746.1], [1531.1, 4748.1], [1541.1, 4748.1], [1541.1, 4750.1], [1539.1, 4750.1], [1539.1, 4754.1], [1537.1, 4754.1], [1537.1, 4756.1], [1535.1, 4756.1], [1535.1, 4758.1], [1533.1, 4758.1], [1533.1, 4760.1], [1531.1, 4760.1], [1531.1, 4762.1], [1529.1, 4762.1], [1529.1, 4764.1], [1525.1, 4764.1], [1525.1, 4766.1], [1521.1, 4766.1]]]}, "properties": {"cell_id": 512}}, {"type": "Feature", "geometry": {"type": "Polygon", "coordinates": [[[1579.0, 4943.5], [1579.0, 4941.5], [1577.0, 4941.5], [1577.0, 4939.5], [1573.0, 4939.5], [1573.0, 4931.6], [1575.0, 4931.6], [1575.0, 4929.6], [1583.0, 4929.6], [1583.0, 4927.6], [1586.9, 4927.6], [1587.0, 4935.5], [1588.9, 4935.5], [1588.9, 4937.5], [1587.0, 4937.5], [1587.0, 4941.5], [1585.0, 4941.5], [1585.0, 4943.5], [1579.0, 4943.5]]]}, "properties": {"cell_id": 513}}, {"type": "Feature", "geometry": {"type": "Polygon", "coordinates": [[[2111.2, 4492.8], [2111.2, 4490.8], [2107.3, 4490.9], [2107.3, 4488.9], [2105.3, 4488.9], [2105.3, 4484.9], [2103.3, 4484.9], [2103.3, 4478.9], [2105.3, 4478.9], [2105.3, 4474.9], [2107.3, 4474.9], [2107.3, 4472.9], [2111.2, 4472.9], [2111.2, 4470.9], [2117.2, 4470.9], [2117.2, 4472.9], [2121.2, 4472.9], [2121.2, 4474.9], [2123.2, 4474.9], [2123.2, 4488.9], [2121.2, 4488.9], [2121.2, 4490.8], [2117.2, 4490.8], [2117.2, 4492.8], [2111.2, 4492.8]]]}, "properties": {"cell_id": 514}}, {"type": "Feature", "geometry": {"type": "Polygon", "coordinates": [[[460.4, 4718.4], [460.4, 4716.4], [454.4, 4716.4], [454.4, 4714.4], [450.5, 4714.4], [450.4, 4710.4], [452.4, 4710.4], [452.4, 4708.4], [454.4, 4708.4], [454.4, 4706.4], [456.4, 4706.4], [456.4, 4702.5], [464.4, 4702.5], [464.4, 4704.5], [466.4, 4704.5], [466.4, 4712.4], [464.4, 4712.4], [464.4, 4716.4], [462.4, 4716.4], [462.4, 4718.4], [460.4, 4718.4]]]}, "properties": {"cell_id": 515}}, {"type": "Feature", "geometry": {"type": "Polygon", "coordinates": [[[1746.5, 4933.5], [1746.5, 4931.5], [1742.5, 4931.5], [1742.5, 4929.5], [1740.5, 4929.5], [1740.5, 4925.5], [1738.5, 4925.5], [1738.5, 4921.6], [1736.5, 4921.6], [1736.5, 4919.6], [1738.5, 4919.6], [1738.5, 4915.6], [1740.5, 4915.6], [1740.5, 4913.6], [1742.5, 4913.6], [1742.5, 4911.6], [1746.4, 4911.6], [1746.4, 4909.6], [1750.4, 4909.6], [1750.4, 4911.6], [1754.4, 4911.6], [1754.4, 4913.6], [1756.4, 4913.6], [1756.4, 4915.6], [1758.4, 4915.6], [1758.4, 4917.6], [1760.4, 4917.6], [1760.4, 4921.6], [1762.4, 4921.6], [1762.4, 4923.5], [1760.4, 4923.5], [1760.4, 4927.5], [1758.4, 4927.5], [1758.4, 4929.5], [1756.4, 4929.5], [1756.4, 4931.5], [1752.4, 4931.5], [1752.4, 4933.5], [1746.5, 4933.5]]]}, "properties": {"cell_id": 516}}, {"type": "Feature", "geometry": {"type": "Polygon", "coordinates": [[[994.8, 4901.7], [994.8, 4899.7], [992.8, 4899.7], [992.8, 4895.8], [990.8, 4895.8], [990.8, 4887.8], [992.8, 4887.8], [992.8, 4883.8], [994.8, 4883.8], [994.8, 4881.8], [998.8, 4881.8], [998.8, 4879.8], [1004.8, 4879.8], [1004.8, 4881.8], [1008.7, 4881.8], [1008.7, 4883.8], [1010.7, 4883.8], [1010.7, 4887.8], [1012.7, 4887.8], [1012.7, 4895.8], [1010.7, 4895.8], [1010.7, 4897.8], [1008.7, 4897.8], [1008.7, 4899.7], [1000.8, 4899.7], [1000.8, 4901.7], [994.8, 4901.7]]]}, "properties": {"cell_id": 517}}, {"type": "Feature", "geometry": {"type": "Polygon", "coordinates": [[[564.1, 4758.3], [564.1, 4756.3], [560.1, 4756.3], [560.1, 4754.3], [558.1, 4754.3], [558.1, 4750.3], [556.1, 4750.3], [556.1, 4748.3], [554.1, 4748.3], [554.1, 4744.3], [552.1, 4744.3], [552.1, 4740.3], [554.1, 4740.3], [554.1, 4736.3], [556.1, 4736.3], [556.1, 4734.3], [560.1, 4734.3], [560.1, 4732.3], [570.1, 4732.3], [570.1, 4734.3], [574.1, 4734.3], [574.1, 4736.3], [576.1, 4736.3], [576.1, 4740.3], [578.1, 4740.3], [578.1, 4742.3], [576.1, 4742.3], [576.1, 4744.3], [574.1, 4744.3], [574.1, 4752.3], [572.1, 4752.3], [572.1, 4754.3], [568.1, 4754.3], [568.1, 4756.3], [566.1, 4756.3], [566.1, 4758.3], [564.1, 4758.3]]]}, "properties": {"cell_id": 518}}, {"type": "Feature", "geometry": {"type": "Polygon", "coordinates": [[[1941.8, 4923.5], [1941.8, 4921.5], [1935.9, 4921.5], [1935.9, 4919.5], [1931.9, 4919.5], [1931.9, 4917.5], [1929.9, 4917.5], [1929.9, 4915.5], [1927.9, 4915.5], [1927.9, 4913.6], [1925.9, 4913.6], [1925.9, 4905.6], [1927.9, 4905.6], [1927.9, 4901.6], [1929.9, 4901.6], [1929.9, 4899.6], [1931.9, 4899.6], [1931.9, 4897.6], [1933.9, 4897.6], [1933.9, 4895.6], [1935.9, 4895.6], [1935.9, 4893.6], [1939.8, 4893.6], [1939.8, 4891.6], [1945.8, 4891.6], [1945.8, 4893.6], [1949.8, 4893.6], [1949.8, 4895.6], [1951.8, 4895.6], [1951.8, 4899.6], [1953.8, 4899.6], [1953.8, 4903.6], [1955.8, 4903.6], [1955.8, 4909.6], [1953.8, 4909.6], [1953.8, 4913.5], [1951.8, 4913.5], [1951.8, 4917.5], [1949.8, 4917.5], [1949.8, 4919.5], [1947.8, 4919.5], [1947.8, 4921.5], [1943.8, 4921.5], [1943.8, 4923.5], [1941.8, 4923.5]]]}, "properties": {"cell_id": 519}}, {"type": "Feature", "geometry": {"type": "Polygon", "coordinates": [[[897.1, 4780.1], [897.1, 4778.1], [893.1, 4778.1], [893.1, 4776.2], [891.1, 4776.2], [891.1, 4772.2], [889.1, 4772.2], [889.1, 4762.2], [891.1, 4762.2], [891.1, 4758.2], [893.1, 4758.2], [893.1, 4756.2], [897.1, 4756.2], [897.1, 4754.2], [907.0, 4754.2], [907.0, 4756.2], [911.0, 4756.2], [911.0, 4758.2], [913.0, 4758.2], [913.0, 4762.2], [915.0, 4762.2], [915.0, 4764.2], [913.0, 4764.2], [913.0, 4766.2], [911.0, 4766.2], [911.0, 4770.2], [909.0, 4770.2], [909.0, 4772.2], [907.0, 4772.2], [907.0, 4776.2], [905.0, 4776.2], [905.0, 4778.1], [903.1, 4778.1], [903.1, 4780.1], [897.1, 4780.1]]]}, "properties": {"cell_id": 520}}, {"type": "Feature", "geometry": {"type": "Polygon", "coordinates": [[[1650.8, 5017.3], [1650.8, 5015.3], [1646.8, 5015.3], [1646.8, 5013.3], [1644.8, 5013.3], [1644.8, 5011.3], [1642.8, 5011.3], [1642.8, 5009.3], [1640.8, 5009.3], [1640.8, 5005.3], [1638.8, 5005.3], [1638.8, 5003.3], [1640.8, 5003.3], [1640.8, 4999.3], [1642.8, 4999.3], [1642.8, 4997.3], [1646.8, 4997.3], [1646.8, 4995.3], [1654.7, 4995.3], [1654.8, 4997.3], [1658.7, 4997.3], [1658.7, 4999.3], [1660.7, 4999.3], [1660.7, 5001.3], [1662.7, 5001.3], [1662.7, 5005.3], [1664.7, 5005.3], [1664.7, 5009.3], [1662.7, 5009.3], [1662.7, 5013.3], [1660.7, 5013.3], [1660.7, 5015.3], [1654.8, 5015.3], [1654.8, 5017.3], [1650.8, 5017.3]]]}, "properties": {"cell_id": 521}}, {"type": "Feature", "geometry": {"type": "Polygon", "coordinates": [[[498.3, 4788.2], [498.3, 4786.2], [496.3, 4786.2], [496.3, 4782.2], [494.3, 4782.2], [494.3, 4778.2], [496.3, 4778.2], [496.3, 4774.2], [498.3, 4774.2], [498.3, 4770.2], [500.3, 4770.2], [500.3, 4768.2], [504.3, 4768.2], [504.3, 4766.3], [508.3, 4766.3], [508.3, 4764.3], [510.3, 4764.3], [510.3, 4766.3], [514.3, 4766.2], [514.3, 4768.2], [516.3, 4768.2], [516.3, 4772.2], [518.2, 4772.2], [518.3, 4778.2], [516.3, 4778.2], [516.3, 4782.2], [512.3, 4782.2], [512.3, 4784.2], [508.3, 4784.2], [508.3, 4786.2], [506.3, 4786.2], [506.3, 4788.2], [498.3, 4788.2]]]}, "properties": {"cell_id": 522}}, {"type": "Feature", "geometry": {"type": "Polygon", "coordinates": [[[167.3, 4610.8], [167.3, 4608.8], [163.3, 4608.8], [163.3, 4606.8], [161.3, 4606.8], [161.3, 4604.8], [159.3, 4604.8], [159.3, 4600.8], [157.3, 4600.8], [157.3, 4598.8], [155.3, 4598.8], [155.3, 4594.8], [153.4, 4594.8], [153.4, 4588.9], [155.3, 4588.9], [155.3, 4584.9], [157.3, 4584.9], [157.3, 4582.9], [161.3, 4582.9], [161.3, 4580.9], [169.3, 4580.9], [169.3, 4582.9], [173.3, 4582.9], [173.3, 4584.9], [175.3, 4584.9], [175.3, 4600.8], [177.3, 4600.8], [177.3, 4602.8], [175.3, 4602.8], [175.3, 4604.8], [173.3, 4604.8], [173.3, 4606.8], [171.3, 4606.8], [171.3, 4608.8], [169.3, 4608.8], [169.3, 4610.8], [167.3, 4610.8]]]}, "properties": {"cell_id": 523}}, {"type": "Feature", "geometry": {"type": "Polygon", "coordinates": [[[699.7, 4796.1], [699.7, 4794.1], [697.7, 4794.1], [697.7, 4792.1], [695.7, 4792.1], [695.7, 4790.1], [693.7, 4790.1], [693.7, 4788.2], [691.7, 4788.2], [691.7, 4786.2], [689.7, 4786.2], [689.7, 4784.2], [691.7, 4784.2], [691.7, 4780.2], [693.7, 4780.2], [693.7, 4778.2], [695.7, 4778.2], [695.7, 4776.2], [697.7, 4776.2], [697.7, 4774.2], [701.7, 4774.2], [701.7, 4772.2], [705.7, 4772.2], [705.7, 4774.2], [709.7, 4774.2], [709.7, 4776.2], [711.6, 4776.2], [711.6, 4780.2], [713.6, 4780.2], [713.6, 4786.2], [711.6, 4786.2], [711.7, 4790.1], [709.7, 4790.1], [709.7, 4792.1], [707.7, 4792.1], [707.7, 4794.1], [703.7, 4794.1], [703.7, 4796.1], [699.7, 4796.1]]]}, "properties": {"cell_id": 524}}, {"type": "Feature", "geometry": {"type": "Polygon", "coordinates": [[[314.8, 4572.9], [314.8, 4570.9], [310.9, 4570.9], [310.9, 4568.9], [308.9, 4568.9], [308.9, 4566.9], [306.9, 4566.9], [306.9, 4562.9], [304.9, 4562.9], [304.9, 4560.9], [306.9, 4560.9], [306.9, 4556.9], [308.9, 4556.9], [308.9, 4554.9], [310.9, 4554.9], [310.9, 4553.0], [312.8, 4553.0], [312.8, 4551.0], [316.8, 4551.0], [316.8, 4549.0], [320.8, 4549.0], [320.8, 4547.0], [322.8, 4547.0], [322.8, 4549.0], [324.8, 4549.0], [324.8, 4547.0], [326.8, 4547.0], [326.8, 4549.0], [330.8, 4549.0], [330.8, 4551.0], [332.8, 4551.0], [332.8, 4553.0], [334.8, 4553.0], [334.8, 4556.9], [336.8, 4556.9], [336.8, 4562.9], [334.8, 4562.9], [334.8, 4566.9], [332.8, 4566.9], [332.8, 4568.9], [328.8, 4568.9], [328.8, 4570.9], [322.8, 4570.9], [322.8, 4572.9], [314.8, 4572.9]]]}, "properties": {"cell_id": 525}}, {"type": "Feature", "geometry": {"type": "Polygon", "coordinates": [[[171.3, 4614.8], [171.3, 4610.8], [169.3, 4610.8], [169.3, 4608.8], [171.3, 4608.8], [171.3, 4606.8], [173.3, 4606.8], [173.3, 4604.8], [175.3, 4604.8], [175.3, 4602.8], [179.3, 4602.8], [179.3, 4600.8], [191.2, 4600.8], [191.2, 4604.8], [193.2, 4604.8], [193.2, 4608.8], [191.2, 4608.8], [191.2, 4610.8], [185.3, 4610.8], [185.3, 4612.8], [175.3, 4612.8], [175.3, 4614.8], [171.3, 4614.8]]]}, "properties": {"cell_id": 526}}, {"type": "Feature", "geometry": {"type": "Polygon", "coordinates": [[[923.0, 4642.6], [923.0, 4640.6], [919.0, 4640.6], [919.0, 4638.6], [917.0, 4638.6], [917.0, 4634.6], [915.0, 4634.6], [915.0, 4630.6], [913.0, 4630.6], [913.0, 4626.6], [915.0, 4626.6], [915.0, 4622.6], [917.0, 4622.6], [917.0, 4620.6], [919.0, 4620.6], [919.0, 4618.6], [923.0, 4618.6], [923.0, 4616.7], [930.9, 4616.7], [930.9, 4618.6], [934.9, 4618.6], [934.9, 4620.6], [936.9, 4620.6], [936.9, 4624.6], [938.9, 4624.6], [938.9, 4630.6], [936.9, 4630.6], [936.9, 4634.6], [934.9, 4634.6], [934.9, 4638.6], [932.9, 4638.6], [932.9, 4640.6], [928.9, 4640.6], [928.9, 4642.6], [923.0, 4642.6]]]}, "properties": {"cell_id": 527}}, {"type": "Feature", "geometry": {"type": "Polygon", "coordinates": [[[761.4, 4509.0], [761.4, 4507.0], [757.5, 4507.0], [757.5, 4495.1], [759.4, 4495.1], [759.4, 4487.1], [763.4, 4487.1], [763.4, 4485.1], [769.4, 4485.1], [769.4, 4487.1], [773.4, 4487.1], [773.4, 4489.1], [775.4, 4489.1], [775.4, 4493.1], [777.4, 4493.1], [777.4, 4497.1], [775.4, 4497.1], [775.4, 4503.0], [773.4, 4503.0], [773.4, 4505.0], [771.4, 4505.0], [771.4, 4507.0], [767.4, 4507.0], [767.4, 4509.0], [761.4, 4509.0]]]}, "properties": {"cell_id": 528}}, {"type": "Feature", "geometry": {"type": "Polygon", "coordinates": [[[1642.8, 4933.5], [1642.8, 4931.5], [1638.8, 4931.5], [1638.8, 4929.5], [1636.8, 4929.5], [1636.8, 4925.6], [1634.8, 4925.6], [1634.8, 4917.6], [1636.8, 4917.6], [1636.8, 4913.6], [1638.8, 4913.6], [1638.8, 4911.6], [1642.8, 4911.6], [1642.8, 4909.6], [1648.8, 4909.6], [1648.8, 4911.6], [1650.7, 4911.6], [1650.7, 4917.6], [1652.7, 4917.6], [1652.7, 4931.5], [1648.8, 4931.5], [1648.8, 4933.5], [1642.8, 4933.5]]]}, "properties": {"cell_id": 529}}, {"type": "Feature", "geometry": {"type": "Polygon", "coordinates": [[[1463.3, 4618.6], [1463.3, 4614.6], [1461.3, 4614.6], [1461.3, 4610.6], [1465.3, 4610.6], [1465.3, 4608.6], [1467.3, 4608.6], [1467.3, 4606.6], [1469.3, 4606.6], [1469.3, 4604.6], [1471.3, 4604.6], [1471.3, 4602.6], [1473.2, 4602.6], [1473.2, 4600.6], [1475.2, 4600.6], [1475.2, 4598.6], [1479.2, 4598.6], [1479.2, 4602.6], [1481.2, 4602.6], [1481.2, 4610.6], [1483.2, 4610.6], [1483.2, 4614.6], [1477.2, 4614.6], [1477.2, 4616.6], [1467.3, 4616.6], [1467.3, 4618.6], [1463.3, 4618.6]]]}, "properties": {"cell_id": 530}}, {"type": "Feature", "geometry": {"type": "Polygon", "coordinates": [[[2410.3, 4536.7], [2410.3, 4534.7], [2406.3, 4534.7], [2406.3, 4532.7], [2404.3, 4532.7], [2404.3, 4530.7], [2402.3, 4530.7], [2402.3, 4526.7], [2400.3, 4526.7], [2400.3, 4522.7], [2402.3, 4522.7], [2402.3, 4518.7], [2404.3, 4518.7], [2404.3, 4514.7], [2406.3, 4514.7], [2406.3, 4512.7], [2408.3, 4512.7], [2408.3, 4510.7], [2414.3, 4510.7], [2414.3, 4512.7], [2420.3, 4512.7], [2420.3, 4514.7], [2422.3, 4514.7], [2422.3, 4516.7], [2426.3, 4516.7], [2426.3, 4522.7], [2424.3, 4522.7], [2424.3, 4526.7], [2422.3, 4526.7], [2422.3, 4528.7], [2420.3, 4528.7], [2420.3, 4530.7], [2418.3, 4530.7], [2418.3, 4532.7], [2416.3, 4532.7], [2416.3, 4534.7], [2412.3, 4534.7], [2412.3, 4536.7], [2410.3, 4536.7]]]}, "properties": {"cell_id": 531}}, {"type": "Feature", "geometry": {"type": "Polygon", "coordinates": [[[502.3, 4656.6], [502.3, 4654.6], [498.3, 4654.6], [498.3, 4652.6], [496.3, 4652.6], [496.3, 4648.6], [494.3, 4648.6], [494.3, 4640.6], [496.3, 4640.6], [496.3, 4636.7], [498.3, 4636.7], [498.3, 4634.7], [502.3, 4634.7], [502.3, 4632.7], [506.3, 4632.7], [506.3, 4630.7], [508.3, 4630.7], [508.3, 4632.7], [512.2, 4632.7], [512.2, 4634.7], [514.2, 4634.7], [514.2, 4636.7], [516.2, 4636.7], [516.2, 4640.6], [518.2, 4640.6], [518.2, 4646.6], [516.2, 4646.6], [516.2, 4650.6], [514.2, 4650.6], [514.2, 4652.6], [512.2, 4652.6], [512.2, 4654.6], [508.3, 4654.6], [508.3, 4656.6], [502.3, 4656.6]]]}, "properties": {"cell_id": 532}}, {"type": "Feature", "geometry": {"type": "Polygon", "coordinates": [[[1704.6, 5081.1], [1704.6, 5077.1], [1702.6, 5077.1], [1702.6, 5075.1], [1704.6, 5075.1], [1704.6, 5073.1], [1706.6, 5073.1], [1706.6, 5071.1], [1710.6, 5071.1], [1710.6, 5069.1], [1712.6, 5069.1], [1712.6, 5067.1], [1714.6, 5067.1], [1714.6, 5065.1], [1716.6, 5065.1], [1716.6, 5063.1], [1718.6, 5063.1], [1718.6, 5061.1], [1720.6, 5061.1], [1720.6, 5059.1], [1722.5, 5059.1], [1722.6, 5061.1], [1726.5, 5061.1], [1726.5, 5063.1], [1728.5, 5063.1], [1728.5, 5067.1], [1730.5, 5067.1], [1730.5, 5073.1], [1728.5, 5073.1], [1728.5, 5077.1], [1724.5, 5077.1], [1724.5, 5075.1], [1714.6, 5075.1], [1714.6, 5077.1], [1710.6, 5077.1], [1710.6, 5079.1], [1708.6, 5079.1], [1708.6, 5081.1], [1704.6, 5081.1]]]}, "properties": {"cell_id": 533}}, {"type": "Feature", "geometry": {"type": "Polygon", "coordinates": [[[285.0, 4806.2], [285.0, 4804.2], [283.0, 4804.2], [283.0, 4798.2], [285.0, 4798.2], [285.0, 4796.2], [287.0, 4796.2], [287.0, 4794.2], [289.0, 4794.2], [289.0, 4792.2], [291.0, 4792.2], [291.0, 4788.2], [293.0, 4788.2], [293.0, 4784.2], [294.9, 4784.2], [294.9, 4782.2], [298.9, 4782.2], [298.9, 4784.2], [302.9, 4784.2], [302.9, 4786.2], [304.9, 4786.2], [304.9, 4798.2], [298.9, 4798.2], [298.9, 4800.2], [291.0, 4800.2], [291.0, 4802.2], [289.0, 4802.2], [289.0, 4804.2], [287.0, 4804.2], [287.0, 4806.2], [285.0, 4806.2]]]}, "properties": {"cell_id": 534}}, {"type": "Feature", "geometry": {"type": "Polygon", "coordinates": [[[2500.1, 4887.5], [2500.1, 4875.6], [2498.1, 4875.6], [2498.1, 4867.6], [2500.1, 4867.6], [2500.1, 4865.6], [2504.1, 4865.6], [2504.1, 4863.6], [2506.1, 4863.6], [2506.1, 4865.6], [2510.1, 4865.6], [2510.1, 4867.6], [2512.1, 4867.6], [2512.1, 4869.6], [2514.1, 4869.6], [2514.1, 4873.6], [2516.0, 4873.6], [2516.0, 4879.6], [2514.1, 4879.6], [2514.1, 4883.5], [2512.1, 4883.5], [2512.1, 4885.5], [2508.1, 4885.5], [2508.1, 4887.5], [2500.1, 4887.5]]]}, "properties": {"cell_id": 535}}, {"type": "Feature", "geometry": {"type": "Polygon", "coordinates": [[[586.0, 4764.2], [586.0, 4762.3], [582.0, 4762.3], [582.0, 4760.3], [580.1, 4760.3], [580.1, 4758.3], [576.1, 4758.3], [576.1, 4756.3], [574.1, 4756.3], [574.1, 4754.3], [572.1, 4754.3], [572.1, 4752.3], [574.1, 4752.3], [574.1, 4744.3], [576.1, 4744.3], [576.1, 4742.3], [578.1, 4742.3], [578.1, 4740.3], [580.1, 4740.3], [580.1, 4742.3], [586.0, 4742.3], [586.0, 4744.3], [590.0, 4744.3], [590.0, 4746.3], [592.0, 4746.3], [592.0, 4750.3], [594.0, 4750.3], [594.0, 4754.3], [596.0, 4754.3], [596.0, 4756.3], [594.0, 4756.3], [594.0, 4760.3], [592.0, 4760.3], [592.0, 4762.2], [590.0, 4762.2], [590.0, 4764.2], [586.0, 4764.2]]]}, "properties": {"cell_id": 536}}, {"type": "Feature", "geometry": {"type": "Polygon", "coordinates": [[[2478.2, 5063.0], [2478.2, 5061.0], [2476.2, 5061.0], [2476.2, 5057.0], [2474.2, 5057.0], [2474.2, 5051.0], [2476.2, 5051.0], [2476.2, 5047.0], [2478.2, 5047.0], [2478.2, 5045.0], [2484.2, 5045.0], [2484.2, 5047.0], [2490.2, 5047.0], [2490.2, 5049.0], [2496.1, 5049.0], [2496.1, 5053.0], [2494.1, 5053.0], [2494.1, 5055.0], [2492.2, 5055.0], [2492.2, 5057.0], [2490.2, 5057.0], [2490.2, 5059.0], [2488.2, 5059.0], [2488.2, 5061.0], [2484.2, 5061.0], [2484.2, 5063.0], [2478.2, 5063.0]]]}, "properties": {"cell_id": 537}}, {"type": "Feature", "geometry": {"type": "Polygon", "coordinates": [[[2310.7, 4989.2], [2310.7, 4987.3], [2308.7, 4987.3], [2308.7, 4973.3], [2310.7, 4973.3], [2310.7, 4971.3], [2312.7, 4971.3], [2312.7, 4969.3], [2314.7, 4969.3], [2314.7, 4971.3], [2318.7, 4971.3], [2318.7, 4973.3], [2320.7, 4973.3], [2320.7, 4977.3], [2318.7, 4977.3], [2318.7, 4979.3], [2316.7, 4979.3], [2316.7, 4983.3], [2314.7, 4983.3], [2314.7, 4987.3], [2312.7, 4987.3], [2312.7, 4989.2], [2310.7, 4989.2]]]}, "properties": {"cell_id": 538}}, {"type": "Feature", "geometry": {"type": "Polygon", "coordinates": [[[2460.2, 4993.2], [2460.2, 4987.2], [2458.2, 4987.2], [2458.2, 4979.3], [2460.2, 4979.3], [2460.2, 4977.3], [2464.2, 4977.3], [2464.2, 4975.3], [2468.2, 4975.3], [2468.2, 4977.3], [2474.2, 4977.3], [2474.2, 4979.3], [2476.2, 4979.3], [2476.2, 4981.2], [2478.2, 4981.2], [2478.2, 4993.2], [2460.2, 4993.2]]]}, "properties": {"cell_id": 539}}, {"type": "Feature", "geometry": {"type": "Polygon", "coordinates": [[[1995.6, 4732.1], [1995.6, 4730.1], [1991.7, 4730.1], [1991.7, 4728.1], [1989.7, 4728.1], [1989.7, 4726.1], [1987.7, 4726.1], [1987.7, 4722.1], [1985.7, 4722.1], [1985.7, 4718.2], [1987.7, 4718.2], [1987.7, 4714.2], [1989.7, 4714.2], [1989.7, 4712.2], [1991.7, 4712.2], [1991.7, 4710.2], [1995.6, 4710.2], [1995.6, 4708.2], [2003.6, 4708.2], [2003.6, 4710.2], [2007.6, 4710.2], [2007.6, 4712.2], [2009.6, 4712.2], [2009.6, 4714.2], [2007.6, 4714.2], [2007.6, 4716.2], [2005.6, 4716.2], [2005.6, 4722.1], [2003.6, 4722.1], [2003.6, 4726.1], [2001.6, 4726.1], [2001.6, 4732.1], [1995.6, 4732.1]]]}, "properties": {"cell_id": 540}}, {"type": "Feature", "geometry": {"type": "Polygon", "coordinates": [[[1702.6, 5075.1], [1702.6, 5073.1], [1700.6, 5073.1], [1700.6, 5069.1], [1702.6, 5069.1], [1702.6, 5055.1], [1704.6, 5055.1], [1704.6, 5053.1], [1708.6, 5053.1], [1708.6, 5051.2], [1714.6, 5051.2], [1714.6, 5053.1], [1718.6, 5053.1], [1718.6, 5055.1], [1720.6, 5055.1], [1720.6, 5061.1], [1718.6, 5061.1], [1718.6, 5063.1], [1716.6, 5063.1], [1716.6, 5065.1], [1714.6, 5065.1], [1714.6, 5067.1], [1712.6, 5067.1], [1712.6, 5069.1], [1710.6, 5069.1], [1710.6, 5071.1], [1706.6, 5071.1], [1706.6, 5073.1], [1704.6, 5073.1], [1704.6, 5075.1], [1702.6, 5075.1]]]}, "properties": {"cell_id": 541}}, {"type": "Feature", "geometry": {"type": "Polygon", "coordinates": [[[2011.6, 4522.8], [2011.6, 4520.8], [2009.6, 4520.8], [2009.6, 4518.8], [2007.6, 4518.8], [2007.6, 4514.8], [2005.6, 4514.8], [2005.6, 4512.8], [2007.6, 4512.8], [2007.6, 4510.8], [2011.6, 4510.8], [2011.6, 4508.8], [2013.5, 4508.8], [2013.5, 4506.8], [2019.5, 4506.8], [2019.5, 4504.8], [2023.5, 4504.8], [2023.5, 4502.8], [2029.5, 4502.8], [2029.5, 4504.8], [2031.5, 4504.8], [2031.5, 4508.8], [2033.5, 4508.8], [2033.5, 4514.8], [2031.5, 4514.8], [2031.5, 4518.8], [2029.5, 4518.8], [2029.5, 4520.8], [2027.5, 4520.8], [2027.5, 4522.8], [2011.6, 4522.8]]]}, "properties": {"cell_id": 542}}, {"type": "Feature", "geometry": {"type": "Polygon", "coordinates": [[[2081.4, 4726.1], [2081.4, 4724.1], [2077.4, 4724.1], [2077.4, 4722.1], [2075.4, 4722.1], [2075.4, 4718.1], [2073.4, 4718.1], [2073.4, 4712.2], [2075.4, 4712.2], [2075.4, 4708.2], [2077.4, 4708.2], [2077.4, 4706.2], [2079.4, 4706.2], [2079.4, 4702.2], [2081.4, 4702.2], [2081.4, 4700.2], [2085.4, 4700.2], [2085.4, 4698.2], [2089.3, 4698.2], [2089.3, 4700.2], [2091.3, 4700.2], [2091.3, 4702.2], [2095.3, 4702.2], [2095.3, 4704.2], [2097.3, 4704.2], [2097.3, 4706.2], [2099.3, 4706.2], [2099.3, 4708.2], [2097.3, 4708.2], [2097.3, 4712.2], [2095.3, 4712.2], [2095.3, 4716.1], [2093.3, 4716.1], [2093.3, 4720.1], [2091.3, 4720.1], [2091.3, 4722.1], [2089.3, 4722.1], [2089.3, 4724.1], [2085.4, 4724.1], [2085.4, 4726.1], [2081.4, 4726.1]]]}, "properties": {"cell_id": 543}}, {"type": "Feature", "geometry": {"type": "Polygon", "coordinates": [[[1900.0, 5003.3], [1900.0, 5001.3], [1896.0, 5001.3], [1896.0, 4999.3], [1894.0, 4999.3], [1894.0, 4997.3], [1892.0, 4997.3], [1892.0, 4993.3], [1890.0, 4993.3], [1890.0, 4991.3], [1894.0, 4991.3], [1894.0, 4989.3], [1900.0, 4989.3], [1900.0, 4987.3], [1904.0, 4987.3], [1904.0, 4989.3], [1910.0, 4989.3], [1910.0, 4993.3], [1908.0, 4993.3], [1908.0, 4999.3], [1906.0, 4999.3], [1906.0, 5001.3], [1904.0, 5001.3], [1904.0, 5003.3], [1900.0, 5003.3]]]}, "properties": {"cell_id": 544}}, {"type": "Feature", "geometry": {"type": "Polygon", "coordinates": [[[2394.4, 5011.2], [2394.4, 5009.2], [2390.5, 5009.2], [2390.5, 5007.2], [2388.5, 5007.2], [2388.5, 5005.2], [2386.5, 5005.2], [2386.5, 5001.2], [2384.5, 5001.2], [2384.5, 4995.2], [2386.5, 4995.2], [2386.5, 4991.2], [2388.5, 4991.2], [2388.5, 4989.2], [2392.5, 4989.2], [2392.5, 4987.2], [2396.4, 4987.2], [2396.4, 4989.2], [2398.4, 4989.2], [2398.4, 4991.2], [2400.4, 4991.2], [2400.4, 4993.2], [2402.4, 4993.2], [2402.4, 4995.2], [2406.4, 4995.2], [2406.4, 5003.2], [2404.4, 5003.2], [2404.4, 5007.2], [2402.4, 5007.2], [2402.4, 5009.2], [2398.4, 5009.2], [2398.4, 5011.2], [2394.4, 5011.2]]]}, "properties": {"cell_id": 545}}, {"type": "Feature", "geometry": {"type": "Polygon", "coordinates": [[[2203.0, 4823.8], [2203.0, 4815.8], [2201.0, 4815.8], [2201.0, 4805.8], [2205.0, 4805.8], [2205.0, 4803.8], [2209.0, 4803.8], [2209.0, 4805.8], [2213.0, 4805.8], [2213.0, 4807.8], [2215.0, 4807.8], [2215.0, 4809.8], [2217.0, 4809.8], [2217.0, 4813.8], [2219.0, 4813.8], [2219.0, 4815.8], [2215.0, 4815.8], [2215.0, 4817.8], [2211.0, 4817.8], [2211.0, 4819.8], [2209.0, 4819.8], [2209.0, 4821.8], [2205.0, 4821.8], [2205.0, 4823.8], [2203.0, 4823.8]]]}, "properties": {"cell_id": 546}}, {"type": "Feature", "geometry": {"type": "Polygon", "coordinates": [[[2045.5, 4909.5], [2045.5, 4907.5], [2043.5, 4907.5], [2043.5, 4903.6], [2041.5, 4903.6], [2041.5, 4897.6], [2043.5, 4897.6], [2043.5, 4893.6], [2045.5, 4893.6], [2045.5, 4891.6], [2057.5, 4891.6], [2057.5, 4893.6], [2063.5, 4893.6], [2063.5, 4895.6], [2065.5, 4895.6], [2065.5, 4897.6], [2063.5, 4897.6], [2063.5, 4899.6], [2059.5, 4899.6], [2059.5, 4901.6], [2057.5, 4901.6], [2057.5, 4903.6], [2051.5, 4903.6], [2051.5, 4905.6], [2049.5, 4905.6], [2049.5, 4907.5], [2047.5, 4907.5], [2047.5, 4909.5], [2045.5, 4909.5]]]}, "properties": {"cell_id": 547}}, {"type": "Feature", "geometry": {"type": "Polygon", "coordinates": [[[2284.8, 4987.3], [2284.8, 4985.3], [2280.8, 4985.3], [2280.8, 4983.3], [2276.8, 4983.3], [2276.8, 4977.3], [2278.8, 4977.3], [2278.8, 4973.3], [2280.8, 4973.3], [2280.8, 4971.3], [2282.8, 4971.3], [2282.8, 4969.3], [2286.8, 4969.3], [2286.8, 4967.3], [2290.8, 4967.3], [2290.8, 4969.3], [2292.8, 4969.3], [2292.8, 4971.3], [2294.8, 4971.3], [2294.8, 4985.3], [2292.8, 4985.3], [2292.8, 4987.3], [2284.8, 4987.3]]]}, "properties": {"cell_id": 548}}, {"type": "Feature", "geometry": {"type": "Polygon", "coordinates": [[[1126.4, 4812.0], [1126.4, 4802.0], [1124.4, 4802.0], [1124.4, 4794.1], [1126.4, 4794.1], [1126.4, 4792.1], [1132.3, 4792.1], [1132.3, 4790.1], [1136.3, 4790.1], [1136.3, 4792.1], [1138.3, 4792.1], [1138.3, 4796.1], [1140.3, 4796.1], [1140.3, 4802.0], [1138.3, 4802.0], [1138.3, 4806.0], [1136.3, 4806.0], [1136.3, 4808.0], [1134.3, 4808.0], [1134.3, 4810.0], [1130.4, 4810.0], [1130.4, 4812.0], [1126.4, 4812.0]]]}, "properties": {"cell_id": 549}}, {"type": "Feature", "geometry": {"type": "Polygon", "coordinates": [[[1943.8, 4698.2], [1943.8, 4696.2], [1941.8, 4696.2], [1941.8, 4694.2], [1937.8, 4694.2], [1937.8, 4692.2], [1931.8, 4692.2], [1931.8, 4690.3], [1929.8, 4690.3], [1929.8, 4688.3], [1927.8, 4688.3], [1927.8, 4680.3], [1929.8, 4680.3], [1929.8, 4678.3], [1933.8, 4678.3], [1933.8, 4676.3], [1941.8, 4676.3], [1941.8, 4674.3], [1945.8, 4674.3], [1945.8, 4676.3], [1949.8, 4676.3], [1949.8, 4678.3], [1951.8, 4678.3], [1951.8, 4680.3], [1953.8, 4680.3], [1953.8, 4684.3], [1955.8, 4684.3], [1955.8, 4690.2], [1953.8, 4690.2], [1953.8, 4694.2], [1951.8, 4694.2], [1951.8, 4696.2], [1949.8, 4696.2], [1949.8, 4698.2], [1943.8, 4698.2]]]}, "properties": {"cell_id": 550}}, {"type": "Feature", "geometry": {"type": "Polygon", "coordinates": [[[1066.5, 4592.7], [1066.5, 4590.7], [1064.5, 4590.7], [1064.5, 4588.7], [1062.5, 4588.7], [1062.5, 4586.7], [1060.5, 4586.7], [1060.5, 4582.7], [1058.5, 4582.7], [1058.5, 4578.7], [1060.5, 4578.7], [1060.5, 4574.8], [1062.5, 4574.8], [1062.5, 4572.8], [1064.5, 4572.8], [1064.5, 4570.8], [1068.5, 4570.8], [1068.5, 4568.8], [1072.5, 4568.8], [1072.5, 4570.8], [1076.5, 4570.8], [1076.5, 4572.8], [1080.5, 4572.8], [1080.5, 4574.8], [1082.5, 4574.8], [1082.5, 4578.7], [1084.5, 4578.7], [1084.5, 4584.7], [1082.5, 4584.7], [1082.5, 4586.7], [1080.5, 4586.7], [1080.5, 4588.7], [1074.5, 4588.7], [1074.5, 4590.7], [1072.5, 4590.7], [1072.5, 4592.7], [1066.5, 4592.7]]]}, "properties": {"cell_id": 551}}, {"type": "Feature", "geometry": {"type": "Polygon", "coordinates": [[[2155.2, 4811.8], [2155.2, 4809.8], [2151.2, 4809.8], [2151.2, 4807.8], [2149.2, 4807.8], [2149.2, 4803.9], [2147.2, 4803.9], [2147.2, 4801.9], [2149.2, 4801.9], [2149.2, 4795.9], [2151.2, 4795.9], [2151.2, 4791.9], [2153.2, 4791.9], [2153.2, 4789.9], [2157.2, 4789.9], [2157.1, 4787.9], [2165.1, 4787.9], [2165.1, 4789.9], [2169.1, 4789.9], [2169.1, 4791.9], [2171.1, 4791.9], [2171.1, 4793.9], [2173.1, 4793.9], [2173.1, 4797.9], [2175.1, 4797.9], [2175.1, 4799.9], [2171.1, 4799.9], [2171.1, 4801.9], [2169.1, 4801.9], [2169.1, 4803.9], [2165.1, 4803.9], [2165.1, 4805.8], [2163.1, 4805.9], [2163.1, 4807.8], [2161.1, 4807.8], [2161.1, 4809.8], [2159.1, 4809.8], [2159.1, 4811.8], [2155.2, 4811.8]]]}, "properties": {"cell_id": 552}}, {"type": "Feature", "geometry": {"type": "Polygon", "coordinates": [[[2133.2, 4546.7], [2133.2, 4544.7], [2129.2, 4544.7], [2129.2, 4542.7], [2127.2, 4542.7], [2127.2, 4538.7], [2125.2, 4538.7], [2125.2, 4534.7], [2127.2, 4534.7], [2127.2, 4530.7], [2129.2, 4530.7], [2129.2, 4528.7], [2131.2, 4528.7], [2131.2, 4526.7], [2133.2, 4526.7], [2133.2, 4524.7], [2137.2, 4524.7], [2137.2, 4522.7], [2139.2, 4522.7], [2139.2, 4524.7], [2143.1, 4524.7], [2143.1, 4526.7], [2147.1, 4526.7], [2147.1, 4530.7], [2149.1, 4530.7], [2149.1, 4536.7], [2147.1, 4536.7], [2147.1, 4540.7], [2145.1, 4540.7], [2145.1, 4542.7], [2143.2, 4542.7], [2143.2, 4544.7], [2139.2, 4544.7], [2139.2, 4546.7], [2133.2, 4546.7]]]}, "properties": {"cell_id": 553}}, {"type": "Feature", "geometry": {"type": "Polygon", "coordinates": [[[1748.5, 5073.1], [1748.5, 5071.1], [1746.5, 5071.1], [1746.5, 5065.1], [1744.5, 5065.1], [1744.5, 5059.1], [1750.5, 5059.1], [1750.5, 5057.1], [1756.4, 5057.1], [1756.4, 5069.1], [1754.5, 5069.1], [1754.5, 5071.1], [1752.5, 5071.1], [1752.5, 5073.1], [1748.5, 5073.1]]]}, "properties": {"cell_id": 554}}, {"type": "Feature", "geometry": {"type": "Polygon", "coordinates": [[[753.5, 4804.1], [753.5, 4802.1], [749.5, 4802.1], [749.5, 4800.1], [747.5, 4800.1], [747.5, 4796.1], [745.5, 4796.1], [745.5, 4792.1], [743.6, 4792.1], [743.6, 4788.1], [745.5, 4788.1], [745.5, 4784.2], [747.5, 4784.2], [747.5, 4782.2], [749.5, 4782.2], [749.5, 4780.2], [753.5, 4780.2], [753.5, 4778.2], [757.5, 4778.2], [757.5, 4780.2], [761.5, 4780.2], [761.5, 4782.2], [763.5, 4782.2], [763.5, 4784.2], [765.5, 4784.2], [765.5, 4786.1], [767.5, 4786.1], [767.5, 4790.1], [769.5, 4790.1], [769.5, 4796.1], [767.5, 4796.1], [767.5, 4800.1], [765.5, 4800.1], [765.5, 4802.1], [761.5, 4802.1], [761.5, 4804.1], [753.5, 4804.1]]]}, "properties": {"cell_id": 555}}, {"type": "Feature", "geometry": {"type": "Polygon", "coordinates": [[[1626.8, 4526.8], [1626.8, 4524.8], [1622.8, 4524.8], [1622.8, 4522.8], [1620.8, 4522.8], [1620.8, 4520.8], [1618.8, 4520.8], [1618.8, 4516.9], [1616.8, 4516.9], [1616.8, 4512.9], [1618.8, 4512.9], [1618.8, 4508.9], [1620.8, 4508.9], [1620.8, 4506.9], [1622.8, 4506.9], [1622.8, 4504.9], [1626.8, 4504.9], [1626.8, 4502.9], [1632.7, 4502.9], [1632.7, 4504.9], [1636.7, 4504.9], [1636.7, 4506.9], [1638.7, 4506.9], [1638.7, 4510.9], [1640.7, 4510.9], [1640.7, 4516.8], [1638.7, 4516.8], [1638.7, 4520.8], [1636.7, 4520.8], [1636.7, 4522.8], [1634.7, 4522.8], [1634.7, 4524.8], [1630.7, 4524.8], [1630.7, 4526.8], [1626.8, 4526.8]]]}, "properties": {"cell_id": 556}}, {"type": "Feature", "geometry": {"type": "Polygon", "coordinates": [[[2274.8, 5015.2], [2274.8, 5005.2], [2276.8, 5005.2], [2276.8, 5001.2], [2278.8, 5001.2], [2278.8, 4999.2], [2284.8, 4999.2], [2284.8, 4997.2], [2286.8, 4997.2], [2286.8, 4999.2], [2288.8, 4999.2], [2288.8, 5003.2], [2290.8, 5003.2], [2290.8, 5009.2], [2288.8, 5009.2], [2288.8, 5011.2], [2284.8, 5011.2], [2284.8, 5013.2], [2280.8, 5013.2], [2280.8, 5015.2], [2274.8, 5015.2]]]}, "properties": {"cell_id": 557}}, {"type": "Feature", "geometry": {"type": "Polygon", "coordinates": [[[659.8, 4580.8], [659.8, 4578.8], [655.8, 4578.8], [655.8, 4576.8], [651.8, 4576.8], [651.8, 4574.8], [649.8, 4574.8], [649.8, 4570.8], [647.8, 4570.8], [647.8, 4568.8], [649.8, 4568.8], [649.8, 4566.9], [651.8, 4566.9], [651.8, 4564.9], [653.8, 4564.9], [653.8, 4562.9], [655.8, 4562.9], [655.8, 4560.9], [657.8, 4560.9], [657.8, 4556.9], [663.8, 4556.9], [663.8, 4558.9], [667.7, 4558.9], [667.7, 4562.9], [669.7, 4562.9], [669.7, 4572.8], [671.7, 4572.8], [671.7, 4574.8], [669.7, 4574.8], [669.7, 4576.8], [667.7, 4576.8], [667.7, 4578.8], [663.8, 4578.8], [663.8, 4580.8], [659.8, 4580.8]]]}, "properties": {"cell_id": 558}}, {"type": "Feature", "geometry": {"type": "Polygon", "coordinates": [[[687.7, 4493.1], [687.7, 4485.1], [685.7, 4485.1], [685.7, 4479.1], [687.7, 4479.1], [687.7, 4477.1], [691.7, 4477.1], [691.7, 4475.1], [697.6, 4475.1], [697.6, 4473.1], [703.6, 4473.1], [703.6, 4475.1], [707.6, 4475.1], [707.6, 4477.1], [709.6, 4477.1], [709.6, 4479.1], [711.6, 4479.1], [711.6, 4483.1], [713.6, 4483.1], [713.6, 4487.1], [695.6, 4487.1], [695.6, 4489.1], [693.7, 4489.1], [693.7, 4491.1], [691.7, 4491.1], [691.7, 4493.1], [687.7, 4493.1]]]}, "properties": {"cell_id": 559}}, {"type": "Feature", "geometry": {"type": "Polygon", "coordinates": [[[843.3, 5009.4], [843.3, 5007.4], [833.3, 5007.4], [833.3, 5005.4], [829.3, 5005.4], [829.3, 5001.5], [827.3, 5001.5], [827.3, 4993.5], [829.3, 4993.5], [829.3, 4989.5], [831.3, 4989.5], [831.3, 4987.5], [835.3, 4987.5], [835.3, 4985.5], [847.3, 4985.5], [847.3, 4989.5], [849.3, 4989.5], [849.3, 4991.5], [851.3, 4991.5], [851.3, 4993.5], [853.2, 4993.5], [853.2, 4995.5], [857.2, 4995.5], [857.2, 4999.5], [855.2, 4999.5], [855.2, 5003.4], [853.2, 5003.4], [853.2, 5007.4], [851.3, 5007.4], [851.3, 5009.4], [843.3, 5009.4]]]}, "properties": {"cell_id": 560}}, {"type": "Feature", "geometry": {"type": "Polygon", "coordinates": [[[1714.6, 5091.0], [1714.6, 5089.0], [1710.6, 5089.0], [1710.6, 5087.0], [1708.6, 5087.0], [1708.6, 5085.0], [1706.6, 5085.0], [1706.6, 5081.1], [1708.6, 5081.1], [1708.6, 5079.1], [1710.6, 5079.1], [1710.6, 5077.1], [1714.6, 5077.1], [1714.6, 5075.1], [1724.5, 5075.1], [1724.5, 5077.1], [1726.5, 5077.1], [1726.5, 5083.1], [1724.5, 5083.1], [1724.5, 5087.0], [1722.6, 5087.0], [1722.6, 5089.0], [1718.6, 5089.0], [1718.6, 5091.0], [1714.6, 5091.0]]]}, "properties": {"cell_id": 561}}, {"type": "Feature", "geometry": {"type": "Polygon", "coordinates": [[[308.9, 4608.8], [308.9, 4606.8], [304.9, 4606.8], [304.9, 4604.8], [302.9, 4604.8], [302.9, 4600.8], [300.9, 4600.8], [300.9, 4596.8], [302.9, 4596.8], [302.9, 4592.8], [304.9, 4592.8], [304.9, 4590.8], [306.9, 4590.8], [306.9, 4588.8], [310.9, 4588.8], [310.9, 4586.8], [314.8, 4586.8], [314.8, 4584.9], [322.8, 4584.9], [322.8, 4586.8], [326.8, 4586.8], [326.8, 4588.8], [328.8, 4588.8], [328.8, 4590.8], [330.8, 4590.8], [330.8, 4594.8], [332.8, 4594.8], [332.8, 4598.8], [330.8, 4598.8], [330.8, 4602.8], [328.8, 4602.8], [328.8, 4604.8], [324.8, 4604.8], [324.8, 4606.8], [320.8, 4606.8], [320.8, 4608.8], [308.9, 4608.8]]]}, "properties": {"cell_id": 562}}, {"type": "Feature", "geometry": {"type": "Polygon", "coordinates": [[[2340.6, 4985.3], [2340.6, 4971.3], [2346.6, 4971.3], [2346.6, 4973.3], [2348.6, 4973.3], [2348.6, 4975.3], [2352.6, 4975.3], [2352.6, 4977.3], [2356.6, 4977.3], [2356.6, 4979.3], [2360.5, 4979.3], [2360.6, 4983.3], [2358.6, 4983.3], [2358.6, 4985.3], [2340.6, 4985.3]]]}, "properties": {"cell_id": 563}}, {"type": "Feature", "geometry": {"type": "Polygon", "coordinates": [[[1078.5, 4951.6], [1078.5, 4949.6], [1074.5, 4949.6], [1074.5, 4947.6], [1072.6, 4947.6], [1072.6, 4945.6], [1070.6, 4945.6], [1070.6, 4941.6], [1068.6, 4941.6], [1068.6, 4935.6], [1070.6, 4935.6], [1070.6, 4931.6], [1072.6, 4931.6], [1072.6, 4929.6], [1076.5, 4929.6], [1076.5, 4927.6], [1082.5, 4927.6], [1082.5, 4929.6], [1086.5, 4929.6], [1086.5, 4931.6], [1088.5, 4931.6], [1088.5, 4933.6], [1090.5, 4933.6], [1090.5, 4935.6], [1092.5, 4935.6], [1092.5, 4939.6], [1094.5, 4939.6], [1094.5, 4943.6], [1092.5, 4943.6], [1092.5, 4947.6], [1090.5, 4947.6], [1090.5, 4949.6], [1086.5, 4949.6], [1086.5, 4951.6], [1078.5, 4951.6]]]}, "properties": {"cell_id": 564}}, {"type": "Feature", "geometry": {"type": "Polygon", "coordinates": [[[1136.4, 5051.2], [1136.4, 5049.3], [1132.4, 5049.3], [1132.4, 5047.3], [1130.4, 5047.3], [1130.4, 5045.3], [1128.4, 5045.3], [1128.4, 5041.3], [1126.4, 5041.3], [1126.4, 5039.3], [1128.4, 5039.3], [1128.4, 5029.3], [1130.4, 5029.3], [1130.4, 5027.3], [1134.4, 5027.3], [1134.4, 5025.3], [1136.4, 5025.3], [1136.4, 5027.3], [1138.4, 5027.3], [1138.4, 5029.3], [1140.4, 5029.3], [1140.4, 5031.3], [1142.4, 5031.3], [1142.4, 5035.3], [1144.3, 5035.3], [1144.3, 5047.3], [1142.4, 5047.3], [1142.4, 5049.3], [1138.4, 5049.3], [1138.4, 5051.2], [1136.4, 5051.2]]]}, "properties": {"cell_id": 565}}, {"type": "Feature", "geometry": {"type": "Polygon", "coordinates": [[[1150.3, 4722.3], [1150.3, 4720.3], [1146.3, 4720.3], [1146.3, 4718.3], [1144.3, 4718.3], [1144.3, 4716.3], [1142.3, 4716.3], [1142.3, 4712.3], [1140.3, 4712.3], [1140.3, 4708.3], [1142.3, 4708.3], [1142.3, 4704.3], [1144.3, 4704.3], [1144.3, 4702.3], [1146.3, 4702.3], [1146.3, 4700.4], [1150.3, 4700.4], [1150.3, 4698.4], [1154.3, 4698.4], [1154.3, 4696.4], [1156.2, 4696.4], [1156.2, 4698.4], [1160.2, 4698.4], [1160.2, 4700.3], [1162.2, 4700.3], [1162.2, 4702.3], [1166.2, 4702.3], [1166.2, 4706.3], [1168.2, 4706.3], [1168.2, 4710.3], [1166.2, 4710.3], [1166.2, 4714.3], [1164.2, 4714.3], [1164.2, 4716.3], [1162.2, 4716.3], [1162.2, 4718.3], [1160.2, 4718.3], [1160.2, 4720.3], [1156.3, 4720.3], [1156.3, 4722.3], [1150.3, 4722.3]]]}, "properties": {"cell_id": 566}}, {"type": "Feature", "geometry": {"type": "Polygon", "coordinates": [[[560.1, 4830.0], [560.1, 4828.0], [556.1, 4828.0], [556.1, 4826.1], [554.1, 4826.1], [554.1, 4824.1], [552.2, 4824.1], [552.2, 4816.1], [554.1, 4816.1], [554.1, 4814.1], [556.1, 4814.1], [556.1, 4812.1], [558.1, 4812.1], [558.1, 4808.1], [566.1, 4808.1], [566.1, 4810.1], [570.1, 4810.1], [570.1, 4812.1], [572.1, 4812.1], [572.1, 4818.1], [570.1, 4818.1], [570.1, 4822.1], [568.1, 4822.1], [568.1, 4826.1], [566.1, 4826.1], [566.1, 4830.0], [560.1, 4830.0]]]}, "properties": {"cell_id": 567}}, {"type": "Feature", "geometry": {"type": "Polygon", "coordinates": [[[1790.3, 5073.1], [1790.3, 5071.1], [1788.3, 5071.1], [1788.3, 5069.1], [1786.4, 5069.1], [1786.4, 5067.1], [1784.4, 5067.1], [1784.4, 5061.1], [1788.3, 5061.1], [1788.3, 5059.1], [1794.3, 5059.1], [1794.3, 5063.1], [1796.3, 5063.1], [1796.3, 5069.1], [1794.3, 5069.1], [1794.3, 5071.1], [1792.3, 5071.1], [1792.3, 5073.1], [1790.3, 5073.1]]]}, "properties": {"cell_id": 568}}, {"type": "Feature", "geometry": {"type": "Polygon", "coordinates": [[[578.0, 4670.5], [578.0, 4668.5], [576.1, 4668.5], [576.1, 4666.6], [574.1, 4666.6], [574.1, 4664.6], [572.1, 4664.6], [572.1, 4660.6], [570.1, 4660.6], [570.1, 4656.6], [574.1, 4656.6], [574.1, 4654.6], [578.0, 4654.6], [578.0, 4652.6], [580.0, 4652.6], [580.0, 4650.6], [584.0, 4650.6], [584.0, 4648.6], [588.0, 4648.6], [588.0, 4650.6], [592.0, 4650.6], [592.0, 4652.6], [594.0, 4652.6], [594.0, 4654.6], [596.0, 4654.6], [596.0, 4658.6], [598.0, 4658.6], [598.0, 4660.6], [596.0, 4660.6], [596.0, 4664.6], [594.0, 4664.6], [594.0, 4666.6], [592.0, 4666.6], [592.0, 4668.5], [584.0, 4668.5], [584.0, 4670.5], [578.0, 4670.5]]]}, "properties": {"cell_id": 569}}, {"type": "Feature", "geometry": {"type": "Polygon", "coordinates": [[[2462.2, 4919.4], [2462.2, 4917.4], [2458.2, 4917.4], [2458.2, 4915.5], [2456.2, 4915.5], [2456.2, 4911.5], [2454.2, 4911.5], [2454.2, 4905.5], [2456.2, 4905.5], [2456.2, 4901.5], [2458.2, 4901.5], [2458.2, 4899.5], [2462.2, 4899.5], [2462.2, 4897.5], [2470.2, 4897.5], [2470.2, 4899.5], [2474.2, 4899.5], [2474.2, 4903.5], [2476.2, 4903.5], [2476.2, 4909.5], [2478.2, 4909.5], [2478.2, 4911.5], [2476.2, 4911.5], [2476.2, 4913.5], [2474.2, 4913.5], [2474.2, 4915.5], [2472.2, 4915.5], [2472.2, 4917.4], [2464.2, 4917.4], [2464.2, 4919.4], [2462.2, 4919.4]]]}, "properties": {"cell_id": 570}}, {"type": "Feature", "geometry": {"type": "Polygon", "coordinates": [[[2035.6, 4953.4], [2035.6, 4951.4], [2031.6, 4951.4], [2031.6, 4949.4], [2029.6, 4949.4], [2029.6, 4947.4], [2027.6, 4947.4], [2027.6, 4945.4], [2025.6, 4945.4], [2025.6, 4941.4], [2023.6, 4941.4], [2023.6, 4939.5], [2025.6, 4939.5], [2025.6, 4935.5], [2027.6, 4935.5], [2027.6, 4931.5], [2029.6, 4931.5], [2029.6, 4929.5], [2031.6, 4929.5], [2031.6, 4927.5], [2035.6, 4927.5], [2035.6, 4925.5], [2039.5, 4925.5], [2039.5, 4923.5], [2041.5, 4923.5], [2041.5, 4925.5], [2045.5, 4925.5], [2045.5, 4927.5], [2049.5, 4927.5], [2049.5, 4931.5], [2051.5, 4931.5], [2051.5, 4937.5], [2049.5, 4937.5], [2049.5, 4943.4], [2047.5, 4943.4], [2047.5, 4949.4], [2045.5, 4949.4], [2045.5, 4951.4], [2041.5, 4951.4], [2041.5, 4953.4], [2035.6, 4953.4]]]}, "properties": {"cell_id": 571}}, {"type": "Feature", "geometry": {"type": "Polygon", "coordinates": [[[2095.4, 4891.6], [2095.4, 4883.6], [2093.4, 4883.6], [2093.4, 4881.6], [2091.4, 4881.6], [2091.4, 4879.6], [2093.4, 4879.6], [2093.4, 4875.6], [2095.4, 4875.6], [2095.4, 4873.6], [2097.4, 4873.6], [2097.4, 4871.7], [2099.3, 4871.7], [2099.3, 4869.7], [2103.3, 4869.7], [2103.3, 4867.7], [2109.3, 4867.7], [2109.3, 4869.7], [2113.3, 4869.7], [2113.3, 4871.7], [2115.3, 4871.7], [2115.3, 4873.6], [2117.3, 4873.6], [2117.3, 4877.6], [2119.3, 4877.6], [2119.3, 4879.6], [2117.3, 4879.6], [2117.3, 4883.6], [2115.3, 4883.6], [2115.3, 4887.6], [2113.3, 4887.6], [2113.3, 4889.6], [2111.3, 4889.6], [2111.3, 4891.6], [2095.4, 4891.6]]]}, "properties": {"cell_id": 572}}, {"type": "Feature", "geometry": {"type": "Polygon", "coordinates": [[[1768.4, 5118.9], [1768.4, 5116.9], [1764.4, 5116.9], [1764.4, 5114.9], [1762.4, 5114.9], [1762.4, 5111.0], [1760.4, 5111.0], [1760.4, 5109.0], [1762.4, 5109.0], [1762.4, 5107.0], [1764.4, 5107.0], [1764.4, 5105.0], [1766.4, 5105.0], [1766.4, 5101.0], [1778.4, 5101.0], [1778.4, 5103.0], [1780.4, 5103.0], [1780.4, 5107.0], [1778.4, 5107.0], [1778.4, 5109.0], [1776.4, 5109.0], [1776.4, 5111.0], [1774.4, 5111.0], [1774.4, 5114.9], [1772.4, 5114.9], [1772.4, 5116.9], [1770.4, 5116.9], [1770.4, 5118.9], [1768.4, 5118.9]]]}, "properties": {"cell_id": 573}}, {"type": "Feature", "geometry": {"type": "Polygon", "coordinates": [[[673.7, 4503.1], [673.7, 4501.1], [669.7, 4501.1], [669.7, 4499.1], [667.7, 4499.1], [667.7, 4495.1], [665.7, 4495.1], [665.7, 4491.1], [667.7, 4491.1], [667.7, 4487.1], [669.7, 4487.1], [669.7, 4485.1], [671.7, 4485.1], [671.7, 4481.1], [675.7, 4481.1], [675.7, 4479.1], [681.7, 4479.1], [681.7, 4481.1], [685.7, 4481.1], [685.7, 4485.1], [687.7, 4485.1], [687.7, 4493.1], [689.7, 4493.1], [689.7, 4497.1], [687.7, 4497.1], [687.7, 4499.1], [685.7, 4499.1], [685.7, 4501.1], [681.7, 4501.1], [681.7, 4503.1], [673.7, 4503.1]]]}, "properties": {"cell_id": 574}}, {"type": "Feature", "geometry": {"type": "Polygon", "coordinates": [[[2065.5, 4981.3], [2065.5, 4975.3], [2067.5, 4975.3], [2067.5, 4971.3], [2069.5, 4971.3], [2069.5, 4973.3], [2077.4, 4973.3], [2077.4, 4975.3], [2081.4, 4975.3], [2081.4, 4977.3], [2079.4, 4977.3], [2079.4, 4979.3], [2075.4, 4979.3], [2075.4, 4981.3], [2065.5, 4981.3]]]}, "properties": {"cell_id": 575}}, {"type": "Feature", "geometry": {"type": "Polygon", "coordinates": [[[919.0, 4582.8], [919.0, 4580.8], [915.0, 4580.8], [915.0, 4578.8], [913.0, 4578.8], [913.0, 4574.8], [911.0, 4574.8], [911.0, 4568.8], [913.0, 4568.8], [913.0, 4564.8], [915.0, 4564.8], [915.0, 4562.8], [919.0, 4562.8], [919.0, 4560.8], [926.9, 4560.8], [926.9, 4562.8], [930.9, 4562.8], [930.9, 4564.8], [932.9, 4564.8], [932.9, 4566.8], [934.9, 4566.8], [934.9, 4570.8], [936.9, 4570.8], [936.9, 4572.8], [934.9, 4572.8], [934.9, 4576.8], [932.9, 4576.8], [932.9, 4578.8], [930.9, 4578.8], [930.9, 4580.8], [926.9, 4580.8], [926.9, 4582.8], [919.0, 4582.8]]]}, "properties": {"cell_id": 576}}, {"type": "Feature", "geometry": {"type": "Polygon", "coordinates": [[[1481.2, 4668.4], [1481.2, 4666.4], [1475.3, 4666.4], [1475.3, 4660.4], [1479.2, 4660.4], [1479.2, 4658.4], [1483.2, 4658.4], [1483.2, 4656.4], [1493.2, 4656.4], [1493.2, 4660.4], [1495.2, 4660.4], [1495.2, 4662.4], [1493.2, 4662.4], [1493.2, 4664.4], [1489.2, 4664.4], [1489.2, 4666.4], [1485.2, 4666.4], [1485.2, 4668.4], [1481.2, 4668.4]]]}, "properties": {"cell_id": 577}}, {"type": "Feature", "geometry": {"type": "Polygon", "coordinates": [[[2183.1, 5021.2], [2183.1, 5019.2], [2179.1, 5019.2], [2179.1, 5017.2], [2181.1, 5017.2], [2181.1, 5013.2], [2183.1, 5013.2], [2183.1, 5011.2], [2185.1, 5011.2], [2185.1, 4999.2], [2187.1, 4999.2], [2187.1, 4997.2], [2189.1, 4997.2], [2189.1, 4999.2], [2193.1, 4999.2], [2193.1, 5001.2], [2197.1, 5001.2], [2197.1, 5003.2], [2199.1, 5003.2], [2199.1, 5007.2], [2201.1, 5007.2], [2201.1, 5009.2], [2199.1, 5009.2], [2199.1, 5013.2], [2197.1, 5013.2], [2197.1, 5015.2], [2195.1, 5015.2], [2195.1, 5017.2], [2193.1, 5017.2], [2193.1, 5019.2], [2189.1, 5019.2], [2189.1, 5021.2], [2183.1, 5021.2]]]}, "properties": {"cell_id": 578}}, {"type": "Feature", "geometry": {"type": "Polygon", "coordinates": [[[2191.1, 5049.1], [2191.1, 5047.1], [2187.1, 5047.1], [2187.1, 5045.1], [2185.1, 5045.1], [2185.1, 5033.1], [2201.1, 5033.1], [2201.1, 5035.1], [2199.1, 5035.1], [2199.1, 5041.1], [2197.1, 5041.1], [2197.1, 5045.1], [2195.1, 5045.1], [2195.1, 5049.1], [2191.1, 5049.1]]]}, "properties": {"cell_id": 579}}, {"type": "Feature", "geometry": {"type": "Polygon", "coordinates": [[[1421.4, 4479.0], [1421.4, 4477.0], [1419.4, 4477.0], [1419.4, 4475.0], [1417.4, 4475.0], [1417.4, 4473.0], [1415.4, 4473.0], [1415.4, 4471.0], [1417.4, 4471.0], [1417.4, 4467.0], [1419.4, 4467.0], [1419.4, 4465.0], [1421.4, 4465.0], [1421.4, 4463.1], [1425.4, 4463.1], [1425.4, 4461.1], [1431.4, 4461.1], [1431.4, 4463.1], [1435.3, 4463.1], [1435.3, 4465.0], [1437.3, 4465.0], [1437.3, 4471.0], [1435.3, 4471.0], [1435.3, 4475.0], [1433.3, 4475.0], [1433.3, 4477.0], [1431.4, 4477.0], [1431.4, 4479.0], [1421.4, 4479.0]]]}, "properties": {"cell_id": 580}}, {"type": "Feature", "geometry": {"type": "Polygon", "coordinates": [[[592.0, 4867.9], [592.0, 4865.9], [588.0, 4865.9], [588.0, 4863.9], [586.1, 4863.9], [586.1, 4859.9], [584.1, 4859.9], [584.1, 4854.0], [582.1, 4854.0], [582.1, 4850.0], [584.1, 4850.0], [584.1, 4846.0], [588.0, 4846.0], [588.0, 4844.0], [594.0, 4844.0], [594.0, 4846.0], [598.0, 4846.0], [598.0, 4848.0], [606.0, 4848.0], [606.0, 4852.0], [608.0, 4852.0], [608.0, 4857.9], [606.0, 4857.9], [606.0, 4861.9], [604.0, 4861.9], [604.0, 4863.9], [600.0, 4863.9], [600.0, 4865.9], [596.0, 4865.9], [596.0, 4867.9], [592.0, 4867.9]]]}, "properties": {"cell_id": 581}}, {"type": "Feature", "geometry": {"type": "Polygon", "coordinates": [[[980.8, 4961.6], [980.8, 4959.6], [976.9, 4959.6], [976.9, 4957.6], [974.9, 4957.6], [974.9, 4953.6], [972.9, 4953.6], [972.9, 4943.6], [974.9, 4943.6], [974.9, 4939.6], [976.9, 4939.6], [976.9, 4937.6], [980.8, 4937.6], [980.8, 4935.6], [984.8, 4935.6], [984.8, 4937.6], [988.8, 4937.6], [988.8, 4939.6], [990.8, 4939.6], [990.8, 4941.6], [992.8, 4941.6], [992.8, 4943.6], [994.8, 4943.6], [994.8, 4947.6], [996.8, 4947.6], [996.8, 4953.6], [994.8, 4953.6], [994.8, 4957.6], [992.8, 4957.6], [992.8, 4959.6], [988.8, 4959.6], [988.8, 4961.6], [980.8, 4961.6]]]}, "properties": {"cell_id": 582}}, {"type": "Feature", "geometry": {"type": "Polygon", "coordinates": [[[1545.1, 4847.8], [1545.1, 4845.8], [1539.1, 4845.8], [1539.1, 4843.8], [1537.1, 4843.8], [1537.1, 4837.9], [1539.1, 4837.9], [1539.1, 4833.9], [1543.1, 4833.9], [1543.1, 4831.9], [1553.0, 4831.9], [1553.0, 4829.9], [1559.0, 4829.9], [1559.0, 4831.9], [1561.0, 4831.9], [1561.0, 4833.9], [1563.0, 4833.9], [1563.0, 4835.9], [1561.0, 4835.9], [1561.0, 4839.8], [1559.0, 4839.8], [1559.0, 4843.8], [1557.0, 4843.8], [1557.0, 4845.8], [1549.1, 4845.8], [1549.1, 4847.8], [1545.1, 4847.8]]]}, "properties": {"cell_id": 583}}, {"type": "Feature", "geometry": {"type": "Polygon", "coordinates": [[[1921.9, 4969.4], [1921.9, 4967.4], [1919.9, 4967.4], [1919.9, 4965.4], [1917.9, 4965.4], [1917.9, 4963.4], [1919.9, 4963.4], [1919.9, 4961.4], [1921.9, 4961.4], [1921.9, 4959.4], [1923.9, 4959.4], [1923.9, 4957.4], [1925.9, 4957.4], [1925.9, 4959.4], [1929.9, 4959.4], [1929.9, 4961.4], [1931.9, 4961.4], [1931.9, 4963.4], [1933.9, 4963.4], [1933.9, 4967.4], [1931.9, 4967.4], [1931.9, 4969.4], [1921.9, 4969.4]]]}, "properties": {"cell_id": 584}}, {"type": "Feature", "geometry": {"type": "Polygon", "coordinates": [[[612.0, 4883.9], [612.0, 4879.9], [610.0, 4879.9], [610.0, 4873.9], [612.0, 4873.9], [612.0, 4869.9], [614.0, 4869.9], [614.0, 4867.9], [616.0, 4867.9], [616.0, 4865.9], [619.9, 4865.9], [619.9, 4863.9], [625.9, 4863.9], [625.9, 4865.9], [629.9, 4865.9], [629.9, 4867.9], [631.9, 4867.9], [631.9, 4869.9], [633.9, 4869.9], [633.9, 4873.9], [635.9, 4873.9], [635.9, 4875.9], [631.9, 4875.9], [631.9, 4877.9], [625.9, 4877.9], [625.9, 4875.9], [621.9, 4875.9], [621.9, 4877.9], [620.0, 4877.9], [620.0, 4879.9], [618.0, 4879.9], [618.0, 4881.9], [616.0, 4881.9], [616.0, 4883.9], [612.0, 4883.9]]]}, "properties": {"cell_id": 585}}, {"type": "Feature", "geometry": {"type": "Polygon", "coordinates": [[[2093.4, 5001.2], [2093.4, 4999.3], [2083.4, 4999.3], [2083.4, 4991.3], [2085.4, 4991.3], [2085.4, 4981.3], [2091.4, 4981.3], [2091.4, 4983.3], [2095.4, 4983.3], [2095.4, 4981.3], [2101.4, 4981.3], [2101.4, 4985.3], [2099.4, 4985.3], [2099.4, 4991.3], [2097.4, 4991.3], [2097.4, 4997.3], [2095.4, 4997.3], [2095.4, 5001.2], [2093.4, 5001.2]]]}, "properties": {"cell_id": 586}}, {"type": "Feature", "geometry": {"type": "Polygon", "coordinates": [[[2498.1, 4582.5], [2498.1, 4580.5], [2492.1, 4580.5], [2492.1, 4568.5], [2494.1, 4568.5], [2494.1, 4566.5], [2496.1, 4566.5], [2496.1, 4564.6], [2502.0, 4564.6], [2502.0, 4566.5], [2506.0, 4566.5], [2506.0, 4568.5], [2508.0, 4568.5], [2508.0, 4572.5], [2510.0, 4572.5], [2510.0, 4578.5], [2508.0, 4578.5], [2508.0, 4582.5], [2498.1, 4582.5]]]}, "properties": {"cell_id": 587}}, {"type": "Feature", "geometry": {"type": "Polygon", "coordinates": [[[1646.8, 4855.8], [1646.8, 4853.8], [1642.8, 4853.8], [1642.8, 4851.8], [1640.8, 4851.8], [1640.8, 4849.8], [1638.8, 4849.8], [1638.8, 4845.8], [1636.8, 4845.8], [1636.8, 4841.8], [1638.8, 4841.8], [1638.8, 4837.8], [1640.8, 4837.8], [1640.8, 4833.8], [1642.8, 4833.8], [1642.8, 4831.9], [1646.7, 4831.9], [1646.7, 4829.9], [1650.7, 4829.9], [1650.7, 4831.9], [1654.7, 4831.9], [1654.7, 4833.8], [1656.7, 4833.8], [1656.7, 4835.8], [1658.7, 4835.8], [1658.7, 4839.8], [1660.7, 4839.8], [1660.7, 4845.8], [1658.7, 4845.8], [1658.7, 4849.8], [1656.7, 4849.8], [1656.7, 4851.8], [1654.7, 4851.8], [1654.7, 4853.8], [1650.7, 4853.8], [1650.7, 4855.8], [1646.8, 4855.8]]]}, "properties": {"cell_id": 588}}, {"type": "Feature", "geometry": {"type": "Polygon", "coordinates": [[[2260.9, 4987.3], [2260.9, 4985.3], [2256.9, 4985.3], [2256.9, 4983.3], [2254.9, 4983.3], [2254.9, 4979.3], [2252.9, 4979.3], [2252.9, 4971.3], [2254.9, 4971.3], [2254.9, 4967.3], [2256.9, 4967.3], [2256.9, 4965.3], [2258.9, 4965.3], [2258.9, 4963.3], [2260.9, 4963.3], [2260.9, 4961.3], [2264.8, 4961.3], [2264.8, 4959.3], [2268.8, 4959.3], [2268.8, 4961.3], [2272.8, 4961.3], [2272.8, 4963.3], [2274.8, 4963.3], [2274.8, 4965.3], [2276.8, 4965.3], [2276.8, 4969.3], [2278.8, 4969.3], [2278.8, 4977.3], [2276.8, 4977.3], [2276.8, 4981.3], [2274.8, 4981.3], [2274.8, 4983.3], [2272.8, 4983.3], [2272.8, 4985.3], [2268.8, 4985.3], [2268.8, 4987.3], [2260.9, 4987.3]]]}, "properties": {"cell_id": 589}}, {"type": "Feature", "geometry": {"type": "Polygon", "coordinates": [[[2193.0, 4851.7], [2193.0, 4835.8], [2199.0, 4835.7], [2199.0, 4837.7], [2203.0, 4837.7], [2203.0, 4841.7], [2201.0, 4841.7], [2201.0, 4843.7], [2199.0, 4843.7], [2199.0, 4845.7], [2197.0, 4845.7], [2197.0, 4849.7], [2195.0, 4849.7], [2195.0, 4851.7], [2193.0, 4851.7]]]}, "properties": {"cell_id": 590}}, {"type": "Feature", "geometry": {"type": "Polygon", "coordinates": [[[1285.8, 4520.9], [1285.8, 4518.9], [1283.8, 4518.9], [1283.8, 4514.9], [1281.8, 4514.9], [1281.8, 4510.9], [1283.8, 4510.9], [1283.8, 4506.9], [1285.8, 4506.9], [1285.8, 4504.9], [1287.8, 4504.9], [1287.8, 4502.9], [1289.8, 4502.9], [1289.8, 4501.0], [1293.8, 4501.0], [1293.8, 4499.0], [1297.8, 4499.0], [1297.8, 4497.0], [1299.8, 4497.0], [1299.8, 4499.0], [1303.8, 4499.0], [1303.8, 4510.9], [1301.8, 4510.9], [1301.8, 4512.9], [1295.8, 4512.9], [1295.8, 4514.9], [1293.8, 4514.9], [1293.8, 4516.9], [1291.8, 4516.9], [1291.8, 4518.9], [1289.8, 4518.9], [1289.8, 4520.9], [1285.8, 4520.9]]]}, "properties": {"cell_id": 591}}, {"type": "Feature", "geometry": {"type": "Polygon", "coordinates": [[[731.6, 4638.6], [731.6, 4636.6], [727.6, 4636.6], [727.6, 4634.6], [723.6, 4634.6], [723.6, 4632.6], [721.6, 4632.6], [721.6, 4630.6], [719.6, 4630.6], [719.6, 4628.6], [715.6, 4628.6], [715.6, 4626.7], [719.6, 4626.7], [719.6, 4624.7], [737.5, 4624.7], [737.5, 4632.6], [735.5, 4632.6], [735.5, 4636.6], [733.6, 4636.6], [733.6, 4638.6], [731.6, 4638.6]]]}, "properties": {"cell_id": 592}}, {"type": "Feature", "geometry": {"type": "Polygon", "coordinates": [[[2482.1, 4750.0], [2482.1, 4748.0], [2478.1, 4748.0], [2478.1, 4746.0], [2474.2, 4746.0], [2474.2, 4744.0], [2472.2, 4744.0], [2472.2, 4742.0], [2470.2, 4742.0], [2470.2, 4738.0], [2468.2, 4738.0], [2468.2, 4732.0], [2470.2, 4732.0], [2470.2, 4728.0], [2472.2, 4728.0], [2472.2, 4726.0], [2486.1, 4726.0], [2486.1, 4728.0], [2492.1, 4728.0], [2492.1, 4746.0], [2490.1, 4746.0], [2490.1, 4748.0], [2486.1, 4748.0], [2486.1, 4750.0], [2482.1, 4750.0]]]}, "properties": {"cell_id": 593}}, {"type": "Feature", "geometry": {"type": "Polygon", "coordinates": [[[546.2, 4822.1], [546.2, 4820.1], [542.2, 4820.1], [542.2, 4818.1], [540.2, 4818.1], [540.2, 4810.1], [542.2, 4810.1], [542.2, 4800.1], [546.2, 4800.1], [546.2, 4798.1], [554.1, 4798.1], [554.1, 4800.1], [556.1, 4800.1], [556.1, 4802.1], [558.1, 4802.1], [558.1, 4806.1], [560.1, 4806.1], [560.1, 4808.1], [558.1, 4808.1], [558.1, 4812.1], [556.1, 4812.1], [556.1, 4814.1], [554.1, 4814.1], [554.1, 4816.1], [552.2, 4816.1], [552.2, 4820.1], [548.2, 4820.1], [548.2, 4822.1], [546.2, 4822.1]]]}, "properties": {"cell_id": 594}}, {"type": "Feature", "geometry": {"type": "Polygon", "coordinates": [[[1730.5, 5075.1], [1730.5, 5067.1], [1732.5, 5067.1], [1732.5, 5065.1], [1736.5, 5065.1], [1736.5, 5063.1], [1738.5, 5063.1], [1738.5, 5061.1], [1744.5, 5061.1], [1744.5, 5065.1], [1746.5, 5065.1], [1746.5, 5071.1], [1742.5, 5071.1], [1742.5, 5073.1], [1738.5, 5073.1], [1738.5, 5075.1], [1730.5, 5075.1]]]}, "properties": {"cell_id": 595}}, {"type": "Feature", "geometry": {"type": "Polygon", "coordinates": [[[518.2, 4686.5], [518.2, 4684.5], [514.2, 4684.5], [514.2, 4682.5], [512.3, 4682.5], [512.3, 4680.5], [510.3, 4680.5], [510.3, 4676.5], [508.3, 4676.5], [508.3, 4670.6], [510.3, 4670.6], [510.3, 4666.6], [512.2, 4666.6], [512.2, 4664.6], [514.2, 4664.6], [514.2, 4662.6], [518.2, 4662.6], [518.2, 4660.6], [520.2, 4660.6], [520.2, 4662.6], [526.2, 4662.6], [526.2, 4664.6], [530.2, 4664.6], [530.2, 4666.6], [532.2, 4666.6], [532.2, 4670.5], [534.2, 4670.5], [534.2, 4676.5], [532.2, 4676.5], [532.2, 4680.5], [530.2, 4680.5], [530.2, 4682.5], [528.2, 4682.5], [528.2, 4684.5], [524.2, 4684.5], [524.2, 4686.5], [518.2, 4686.5]]]}, "properties": {"cell_id": 596}}, {"type": "Feature", "geometry": {"type": "Polygon", "coordinates": [[[1592.9, 5003.3], [1592.9, 5001.3], [1589.0, 5001.3], [1589.0, 4999.3], [1587.0, 4999.3], [1587.0, 4995.3], [1585.0, 4995.3], [1585.0, 4993.4], [1587.0, 4993.4], [1587.0, 4991.4], [1589.0, 4991.4], [1589.0, 4989.4], [1592.9, 4989.4], [1592.9, 4987.4], [1594.9, 4987.4], [1594.9, 4985.4], [1600.9, 4985.4], [1600.9, 5001.3], [1598.9, 5001.3], [1598.9, 5003.3], [1592.9, 5003.3]]]}, "properties": {"cell_id": 597}}, {"type": "Feature", "geometry": {"type": "Polygon", "coordinates": [[[1455.3, 4580.7], [1455.3, 4576.7], [1453.3, 4576.7], [1453.3, 4568.7], [1455.3, 4568.7], [1455.3, 4564.7], [1457.3, 4564.7], [1457.3, 4562.7], [1459.3, 4562.7], [1459.3, 4564.7], [1461.3, 4564.7], [1461.3, 4566.7], [1463.3, 4566.7], [1463.3, 4568.7], [1473.2, 4568.7], [1473.2, 4570.7], [1471.2, 4570.7], [1471.2, 4572.7], [1469.3, 4572.7], [1469.3, 4580.7], [1455.3, 4580.7]]]}, "properties": {"cell_id": 598}}, {"type": "Feature", "geometry": {"type": "Polygon", "coordinates": [[[2095.4, 5003.2], [2095.4, 4997.3], [2097.4, 4997.3], [2097.4, 4991.3], [2099.4, 4991.3], [2099.4, 4985.3], [2101.4, 4985.3], [2101.4, 4981.3], [2105.3, 4981.3], [2105.3, 4985.3], [2107.3, 4985.3], [2107.3, 4989.3], [2109.3, 4989.3], [2109.3, 4995.3], [2107.3, 4995.3], [2107.3, 4997.3], [2105.3, 4997.3], [2105.3, 4999.3], [2103.4, 4999.3], [2103.4, 5001.2], [2101.4, 5001.2], [2101.4, 5003.2], [2095.4, 5003.2]]]}, "properties": {"cell_id": 599}}, {"type": "Feature", "geometry": {"type": "Polygon", "coordinates": [[[1118.4, 4794.1], [1118.4, 4792.1], [1114.4, 4792.1], [1114.4, 4788.1], [1112.4, 4788.1], [1112.4, 4782.1], [1114.4, 4782.1], [1114.4, 4778.1], [1116.4, 4778.1], [1116.4, 4776.1], [1120.4, 4776.1], [1120.4, 4774.1], [1126.4, 4774.1], [1126.4, 4776.1], [1130.3, 4776.1], [1130.3, 4778.1], [1132.3, 4778.1], [1132.3, 4782.1], [1134.3, 4782.1], [1134.3, 4786.1], [1136.3, 4786.1], [1136.3, 4790.1], [1132.3, 4790.1], [1132.3, 4792.1], [1126.4, 4792.1], [1126.4, 4794.1], [1118.4, 4794.1]]]}, "properties": {"cell_id": 600}}, {"type": "Feature", "geometry": {"type": "Polygon", "coordinates": [[[1511.2, 4764.1], [1511.2, 4762.1], [1507.2, 4762.1], [1507.2, 4760.1], [1505.2, 4760.1], [1505.2, 4758.1], [1503.2, 4758.1], [1503.2, 4754.1], [1501.2, 4754.1], [1501.2, 4748.1], [1503.2, 4748.1], [1503.2, 4744.2], [1505.2, 4744.2], [1505.2, 4740.2], [1507.2, 4740.2], [1507.2, 4738.2], [1515.1, 4738.2], [1515.1, 4740.2], [1519.1, 4740.2], [1519.1, 4742.2], [1521.1, 4742.2], [1521.1, 4744.2], [1523.1, 4744.2], [1523.1, 4748.1], [1521.1, 4748.1], [1521.1, 4756.1], [1519.1, 4756.1], [1519.1, 4760.1], [1517.1, 4760.1], [1517.1, 4762.1], [1513.1, 4762.1], [1513.2, 4764.1], [1511.2, 4764.1]]]}, "properties": {"cell_id": 601}}, {"type": "Feature", "geometry": {"type": "Polygon", "coordinates": [[[637.8, 4556.9], [637.8, 4554.9], [633.9, 4554.9], [633.9, 4552.9], [629.9, 4552.9], [629.9, 4550.9], [625.9, 4550.9], [625.9, 4548.9], [623.9, 4548.9], [623.9, 4546.9], [625.9, 4546.9], [625.9, 4542.9], [627.9, 4542.9], [627.9, 4540.9], [631.9, 4540.9], [631.9, 4538.9], [639.8, 4538.9], [639.8, 4540.9], [641.8, 4540.9], [641.8, 4552.9], [639.8, 4552.9], [639.8, 4556.9], [637.8, 4556.9]]]}, "properties": {"cell_id": 602}}, {"type": "Feature", "geometry": {"type": "Polygon", "coordinates": [[[1638.8, 4965.4], [1638.8, 4963.4], [1634.8, 4963.4], [1634.8, 4947.5], [1636.8, 4947.5], [1636.8, 4945.5], [1640.8, 4945.5], [1640.8, 4943.5], [1646.8, 4943.5], [1646.8, 4945.5], [1650.8, 4945.5], [1650.8, 4947.5], [1652.7, 4947.5], [1652.7, 4949.5], [1654.7, 4949.5], [1654.7, 4953.5], [1656.7, 4953.5], [1656.7, 4955.5], [1654.7, 4955.5], [1654.7, 4959.5], [1652.7, 4959.5], [1652.8, 4961.4], [1650.8, 4961.4], [1650.8, 4963.4], [1646.8, 4963.4], [1646.8, 4965.4], [1638.8, 4965.4]]]}, "properties": {"cell_id": 603}}, {"type": "Feature", "geometry": {"type": "Polygon", "coordinates": [[[1706.6, 4981.4], [1706.6, 4979.4], [1702.6, 4979.4], [1702.6, 4977.4], [1700.6, 4977.4], [1700.6, 4973.4], [1698.6, 4973.4], [1698.6, 4971.4], [1700.6, 4971.4], [1700.6, 4967.4], [1702.6, 4967.4], [1702.6, 4963.4], [1704.6, 4963.4], [1704.6, 4961.4], [1708.6, 4961.4], [1708.6, 4959.4], [1712.6, 4959.4], [1712.6, 4957.4], [1718.5, 4957.4], [1718.5, 4959.4], [1722.5, 4959.4], [1722.5, 4961.4], [1724.5, 4961.4], [1724.5, 4965.4], [1726.5, 4965.4], [1726.5, 4971.4], [1724.5, 4971.4], [1724.5, 4975.4], [1722.5, 4975.4], [1722.5, 4977.4], [1720.5, 4977.4], [1720.5, 4979.4], [1716.6, 4979.4], [1716.6, 4981.4], [1706.6, 4981.4]]]}, "properties": {"cell_id": 604}}, {"type": "Feature", "geometry": {"type": "Polygon", "coordinates": [[[691.7, 4718.4], [691.7, 4716.4], [687.7, 4716.4], [687.7, 4714.4], [685.7, 4714.4], [685.7, 4710.4], [683.7, 4710.4], [683.7, 4706.4], [681.7, 4706.4], [681.7, 4702.4], [683.7, 4702.4], [683.7, 4698.4], [685.7, 4698.4], [685.7, 4696.4], [689.7, 4696.4], [689.7, 4694.4], [695.7, 4694.4], [695.7, 4696.4], [699.7, 4696.4], [699.7, 4700.4], [697.7, 4700.4], [697.7, 4712.4], [695.7, 4712.4], [695.7, 4718.4], [691.7, 4718.4]]]}, "properties": {"cell_id": 605}}, {"type": "Feature", "geometry": {"type": "Polygon", "coordinates": [[[1541.1, 5013.3], [1541.1, 5009.3], [1539.1, 5009.3], [1539.1, 5003.3], [1541.1, 5003.3], [1541.1, 4999.3], [1543.1, 4999.3], [1543.1, 4997.4], [1547.1, 4997.3], [1547.1, 4995.4], [1551.1, 4995.4], [1551.1, 4993.4], [1557.1, 4993.4], [1557.1, 4995.4], [1561.0, 4995.4], [1561.0, 4997.3], [1563.0, 4997.3], [1563.0, 5001.3], [1565.0, 5001.3], [1565.0, 5003.3], [1563.0, 5003.3], [1563.0, 5007.3], [1561.0, 5007.3], [1561.0, 5009.3], [1559.1, 5009.3], [1559.1, 5011.3], [1557.1, 5011.3], [1557.1, 5013.3], [1541.1, 5013.3]]]}, "properties": {"cell_id": 606}}, {"type": "Feature", "geometry": {"type": "Polygon", "coordinates": [[[400.6, 4686.5], [400.6, 4684.5], [398.6, 4684.5], [398.6, 4666.6], [402.6, 4666.6], [402.6, 4664.6], [408.6, 4664.6], [408.6, 4666.6], [412.6, 4666.6], [412.6, 4668.6], [414.6, 4668.6], [414.6, 4672.6], [416.5, 4672.6], [416.5, 4676.5], [418.5, 4676.5], [418.5, 4678.5], [416.5, 4678.5], [416.6, 4682.5], [414.6, 4682.5], [414.6, 4684.5], [406.6, 4684.5], [406.6, 4686.5], [400.6, 4686.5]]]}, "properties": {"cell_id": 607}}, {"type": "Feature", "geometry": {"type": "Polygon", "coordinates": [[[1146.3, 4786.1], [1146.3, 4784.1], [1142.3, 4784.1], [1142.3, 4782.1], [1140.3, 4782.1], [1140.3, 4780.1], [1138.3, 4780.1], [1138.3, 4776.1], [1136.3, 4776.1], [1136.3, 4772.1], [1138.3, 4772.1], [1138.3, 4768.1], [1140.3, 4768.1], [1140.3, 4766.1], [1144.3, 4766.1], [1144.3, 4764.2], [1156.3, 4764.1], [1156.3, 4766.1], [1160.2, 4766.1], [1160.2, 4768.1], [1162.2, 4768.1], [1162.2, 4772.1], [1164.2, 4772.1], [1164.2, 4778.1], [1162.2, 4778.1], [1162.2, 4782.1], [1160.3, 4782.1], [1160.3, 4784.1], [1156.3, 4784.1], [1156.3, 4786.1], [1146.3, 4786.1]]]}, "properties": {"cell_id": 608}}, {"type": "Feature", "geometry": {"type": "Polygon", "coordinates": [[[2444.3, 4949.4], [2444.3, 4945.4], [2442.3, 4945.4], [2442.3, 4943.4], [2444.3, 4943.4], [2444.3, 4935.4], [2446.3, 4935.4], [2446.3, 4933.4], [2448.3, 4933.4], [2448.3, 4931.4], [2454.2, 4931.4], [2454.3, 4935.4], [2456.2, 4935.4], [2456.2, 4939.4], [2458.2, 4939.4], [2458.2, 4941.4], [2460.2, 4941.4], [2460.2, 4943.4], [2458.2, 4943.4], [2458.2, 4945.4], [2456.2, 4945.4], [2456.2, 4947.4], [2454.3, 4947.4], [2454.3, 4945.4], [2450.3, 4945.4], [2450.3, 4947.4], [2448.3, 4947.4], [2448.3, 4949.4], [2444.3, 4949.4]]]}, "properties": {"cell_id": 609}}, {"type": "Feature", "geometry": {"type": "Polygon", "coordinates": [[[2342.6, 4997.2], [2342.6, 4993.2], [2340.6, 4993.2], [2340.6, 4991.2], [2338.6, 4991.2], [2338.6, 4989.2], [2340.6, 4989.2], [2340.6, 4985.3], [2360.6, 4985.3], [2360.6, 4989.2], [2358.6, 4989.2], [2358.6, 4991.2], [2354.6, 4991.2], [2354.6, 4995.2], [2348.6, 4995.2], [2348.6, 4997.2], [2342.6, 4997.2]]]}, "properties": {"cell_id": 610}}, {"type": "Feature", "geometry": {"type": "Polygon", "coordinates": [[[2015.6, 5029.2], [2015.6, 5027.2], [2011.6, 5027.2], [2011.6, 5025.2], [2009.6, 5025.2], [2009.6, 5023.2], [2007.7, 5023.2], [2007.7, 5017.2], [2011.6, 5017.2], [2011.6, 5015.2], [2013.6, 5015.2], [2013.6, 5013.2], [2015.6, 5013.2], [2015.6, 5011.2], [2017.6, 5011.2], [2017.6, 5009.2], [2019.6, 5009.2], [2019.6, 5011.2], [2023.6, 5011.2], [2023.6, 5013.2], [2021.6, 5013.2], [2021.6, 5015.2], [2023.6, 5015.2], [2023.6, 5017.2], [2025.6, 5017.2], [2025.6, 5025.2], [2021.6, 5025.2], [2021.6, 5027.2], [2017.6, 5027.2], [2017.6, 5029.2], [2015.6, 5029.2]]]}, "properties": {"cell_id": 611}}, {"type": "Feature", "geometry": {"type": "Polygon", "coordinates": [[[1919.9, 4722.2], [1919.9, 4720.2], [1915.9, 4720.2], [1915.9, 4718.2], [1913.9, 4718.2], [1913.9, 4714.2], [1911.9, 4714.2], [1911.9, 4708.2], [1913.9, 4708.2], [1913.9, 4704.2], [1921.9, 4704.2], [1921.9, 4702.2], [1927.8, 4702.2], [1927.8, 4704.2], [1929.8, 4704.2], [1929.8, 4706.2], [1933.8, 4706.2], [1933.8, 4708.2], [1935.8, 4708.2], [1935.8, 4714.2], [1933.8, 4714.2], [1933.8, 4718.2], [1931.8, 4718.2], [1931.8, 4720.2], [1927.9, 4720.2], [1927.9, 4722.2], [1919.9, 4722.2]]]}, "properties": {"cell_id": 612}}, {"type": "Feature", "geometry": {"type": "Polygon", "coordinates": [[[600.0, 4648.6], [600.0, 4646.6], [596.0, 4646.6], [596.0, 4644.6], [594.0, 4644.6], [594.0, 4640.6], [592.0, 4640.6], [592.0, 4632.7], [594.0, 4632.7], [594.0, 4628.7], [596.0, 4628.7], [596.0, 4626.7], [600.0, 4626.7], [600.0, 4624.7], [602.0, 4624.7], [602.0, 4626.7], [607.9, 4626.7], [607.9, 4628.7], [611.9, 4628.7], [611.9, 4630.7], [613.9, 4630.7], [613.9, 4634.6], [615.9, 4634.6], [615.9, 4638.6], [613.9, 4638.6], [613.9, 4640.6], [611.9, 4640.6], [611.9, 4642.6], [609.9, 4642.6], [609.9, 4644.6], [606.0, 4644.6], [606.0, 4646.6], [604.0, 4646.6], [604.0, 4648.6], [600.0, 4648.6]]]}, "properties": {"cell_id": 613}}, {"type": "Feature", "geometry": {"type": "Polygon", "coordinates": [[[306.9, 4806.2], [306.9, 4804.2], [304.9, 4804.2], [304.9, 4800.2], [302.9, 4800.2], [302.9, 4798.2], [304.9, 4798.2], [304.9, 4786.2], [306.9, 4786.2], [306.9, 4784.2], [310.9, 4784.2], [310.9, 4786.2], [314.9, 4786.2], [314.9, 4788.2], [316.9, 4788.2], [316.9, 4790.2], [318.9, 4790.2], [318.9, 4792.2], [320.9, 4792.2], [320.9, 4796.2], [322.9, 4796.2], [322.9, 4798.2], [320.9, 4798.2], [320.9, 4800.2], [316.9, 4800.2], [316.9, 4802.2], [312.9, 4802.2], [312.9, 4804.2], [310.9, 4804.2], [310.9, 4806.2], [306.9, 4806.2]]]}, "properties": {"cell_id": 614}}, {"type": "Feature", "geometry": {"type": "Polygon", "coordinates": [[[1116.4, 4816.0], [1116.4, 4814.0], [1112.4, 4814.0], [1112.4, 4812.0], [1110.4, 4812.0], [1110.4, 4808.0], [1108.4, 4808.0], [1108.4, 4802.0], [1110.4, 4802.0], [1110.4, 4798.1], [1112.4, 4798.0], [1112.4, 4796.1], [1114.4, 4796.1], [1114.4, 4794.1], [1116.4, 4794.1], [1116.4, 4792.1], [1118.4, 4792.1], [1118.4, 4794.1], [1124.4, 4794.1], [1124.4, 4802.0], [1126.4, 4802.0], [1126.4, 4812.0], [1124.4, 4812.0], [1124.4, 4814.0], [1120.4, 4814.0], [1120.4, 4816.0], [1116.4, 4816.0]]]}, "properties": {"cell_id": 615}}, {"type": "Feature", "geometry": {"type": "Polygon", "coordinates": [[[2023.6, 4718.1], [2023.6, 4716.2], [2019.6, 4716.2], [2019.6, 4714.2], [2017.6, 4714.2], [2017.6, 4710.2], [2015.6, 4710.2], [2015.6, 4706.2], [2017.6, 4706.2], [2017.6, 4702.2], [2019.6, 4702.2], [2019.6, 4698.2], [2021.6, 4698.2], [2021.6, 4696.2], [2025.5, 4696.2], [2025.5, 4694.2], [2031.5, 4694.2], [2031.5, 4696.2], [2035.5, 4696.2], [2035.5, 4698.2], [2037.5, 4698.2], [2037.5, 4702.2], [2039.5, 4702.2], [2039.5, 4706.2], [2037.5, 4706.2], [2037.5, 4710.2], [2035.5, 4710.2], [2035.5, 4712.2], [2033.5, 4712.2], [2033.5, 4714.2], [2031.5, 4714.2], [2031.5, 4716.2], [2027.5, 4716.2], [2027.5, 4718.1], [2023.6, 4718.1]]]}, "properties": {"cell_id": 616}}, {"type": "Feature", "geometry": {"type": "Polygon", "coordinates": [[[1844.1, 4849.8], [1844.1, 4847.8], [1842.1, 4847.8], [1842.1, 4843.8], [1840.1, 4843.8], [1840.1, 4837.8], [1838.2, 4837.8], [1838.2, 4835.8], [1840.1, 4835.8], [1840.1, 4831.8], [1842.1, 4831.8], [1842.1, 4829.8], [1844.1, 4829.8], [1844.1, 4827.8], [1848.1, 4827.8], [1848.1, 4825.8], [1854.1, 4825.8], [1854.1, 4827.8], [1856.1, 4827.8], [1856.1, 4829.8], [1858.1, 4829.8], [1858.1, 4831.8], [1860.1, 4831.8], [1860.1, 4843.8], [1854.1, 4843.8], [1854.1, 4845.8], [1850.1, 4845.8], [1850.1, 4847.8], [1846.1, 4847.8], [1846.1, 4849.8], [1844.1, 4849.8]]]}, "properties": {"cell_id": 617}}, {"type": "Feature", "geometry": {"type": "Polygon", "coordinates": [[[1995.6, 4550.7], [1995.6, 4548.7], [1991.6, 4548.7], [1991.6, 4546.7], [1989.6, 4546.7], [1989.6, 4542.7], [1987.6, 4542.7], [1987.6, 4534.7], [1989.6, 4534.7], [1989.6, 4530.7], [1991.6, 4530.7], [1991.6, 4528.8], [1993.6, 4528.8], [1993.6, 4530.7], [2001.6, 4530.7], [2001.6, 4532.7], [2003.6, 4532.7], [2003.6, 4534.7], [2005.6, 4534.7], [2005.6, 4536.7], [2007.6, 4536.7], [2007.6, 4540.7], [2009.6, 4540.7], [2009.6, 4546.7], [2007.6, 4546.7], [2007.6, 4548.7], [2003.6, 4548.7], [2003.6, 4550.7], [1995.6, 4550.7]]]}, "properties": {"cell_id": 618}}, {"type": "Feature", "geometry": {"type": "Polygon", "coordinates": [[[665.8, 4740.3], [665.8, 4738.3], [663.8, 4738.3], [663.8, 4736.3], [661.8, 4736.3], [661.8, 4734.3], [659.8, 4734.3], [659.8, 4732.3], [657.8, 4732.3], [657.8, 4730.3], [655.8, 4730.3], [655.8, 4724.4], [657.8, 4724.4], [657.8, 4722.4], [661.8, 4722.4], [661.8, 4720.4], [667.8, 4720.4], [667.8, 4722.4], [671.8, 4722.4], [671.8, 4724.4], [673.8, 4724.4], [673.8, 4728.3], [675.8, 4728.3], [675.8, 4732.3], [673.8, 4732.3], [673.8, 4736.3], [671.8, 4736.3], [671.8, 4738.3], [669.8, 4738.3], [669.8, 4740.3], [665.8, 4740.3]]]}, "properties": {"cell_id": 619}}, {"type": "Feature", "geometry": {"type": "Polygon", "coordinates": [[[546.2, 4768.2], [546.2, 4766.2], [542.2, 4766.2], [542.2, 4764.3], [540.2, 4764.3], [540.2, 4762.3], [538.2, 4762.3], [538.2, 4758.3], [536.2, 4758.3], [536.2, 4750.3], [538.2, 4750.3], [538.2, 4746.3], [540.2, 4746.3], [540.2, 4744.3], [544.2, 4744.3], [544.2, 4742.3], [550.1, 4742.3], [550.1, 4744.3], [554.1, 4744.3], [554.1, 4748.3], [556.1, 4748.3], [556.1, 4750.3], [558.1, 4750.3], [558.1, 4754.3], [560.1, 4754.3], [560.1, 4760.3], [558.1, 4760.3], [558.1, 4764.2], [556.1, 4764.2], [556.1, 4766.2], [552.1, 4766.2], [552.1, 4768.2], [546.2, 4768.2]]]}, "properties": {"cell_id": 620}}, {"type": "Feature", "geometry": {"type": "Polygon", "coordinates": [[[1050.6, 4808.0], [1050.6, 4806.0], [1046.6, 4806.0], [1046.6, 4804.0], [1044.6, 4804.0], [1044.6, 4800.1], [1042.6, 4800.1], [1042.6, 4792.1], [1044.6, 4792.1], [1044.6, 4788.1], [1046.6, 4788.1], [1046.6, 4786.1], [1050.6, 4786.1], [1050.6, 4784.1], [1058.6, 4784.1], [1058.6, 4788.1], [1060.6, 4788.1], [1060.6, 4790.1], [1062.6, 4790.1], [1062.6, 4796.1], [1064.6, 4796.1], [1064.6, 4804.0], [1062.6, 4804.0], [1062.6, 4806.0], [1058.6, 4806.0], [1058.6, 4808.0], [1050.6, 4808.0]]]}, "properties": {"cell_id": 621}}, {"type": "Feature", "geometry": {"type": "Polygon", "coordinates": [[[1533.1, 5053.2], [1533.1, 5049.2], [1535.1, 5049.2], [1535.1, 5045.2], [1537.1, 5045.2], [1537.1, 5043.2], [1539.1, 5043.2], [1539.1, 5041.2], [1541.1, 5041.2], [1541.1, 5039.2], [1549.1, 5039.2], [1549.1, 5041.2], [1555.1, 5041.2], [1555.1, 5043.2], [1557.1, 5043.2], [1557.1, 5047.2], [1559.1, 5047.2], [1559.1, 5051.2], [1547.1, 5051.2], [1547.1, 5053.2], [1533.1, 5053.2]]]}, "properties": {"cell_id": 622}}, {"type": "Feature", "geometry": {"type": "Polygon", "coordinates": [[[978.8, 4877.8], [978.8, 4875.8], [974.8, 4875.8], [974.8, 4873.8], [972.9, 4873.8], [972.9, 4869.8], [970.9, 4869.8], [970.9, 4861.9], [972.8, 4861.9], [972.8, 4857.9], [974.8, 4857.9], [974.8, 4853.9], [976.8, 4853.9], [976.8, 4851.9], [980.8, 4851.9], [980.8, 4849.9], [986.8, 4849.9], [986.8, 4851.9], [990.8, 4851.9], [990.8, 4853.9], [992.8, 4853.9], [992.8, 4855.9], [994.8, 4855.9], [994.8, 4859.9], [996.8, 4859.9], [996.8, 4863.9], [994.8, 4863.9], [994.8, 4867.8], [992.8, 4867.9], [992.8, 4871.8], [990.8, 4871.8], [990.8, 4873.8], [988.8, 4873.8], [988.8, 4875.8], [984.8, 4875.8], [984.8, 4877.8], [978.8, 4877.8]]]}, "properties": {"cell_id": 623}}, {"type": "Feature", "geometry": {"type": "Polygon", "coordinates": [[[2276.8, 5001.2], [2276.8, 4999.2], [2274.8, 4999.2], [2274.8, 4993.2], [2272.8, 4993.2], [2272.8, 4987.3], [2274.8, 4987.3], [2274.8, 4985.3], [2276.8, 4985.3], [2276.8, 4983.3], [2280.8, 4983.3], [2280.8, 4985.3], [2284.8, 4985.3], [2284.8, 4987.3], [2286.8, 4987.3], [2286.8, 4997.2], [2284.8, 4997.2], [2284.8, 4999.2], [2278.8, 4999.2], [2278.8, 5001.2], [2276.8, 5001.2]]]}, "properties": {"cell_id": 624}}, {"type": "Feature", "geometry": {"type": "Polygon", "coordinates": [[[1575.0, 5019.3], [1575.0, 5007.3], [1577.0, 5007.3], [1577.0, 5003.3], [1579.0, 5003.3], [1579.0, 5001.3], [1583.0, 5001.3], [1583.0, 4999.3], [1587.0, 4999.3], [1587.0, 5001.3], [1590.9, 5001.3], [1590.9, 5003.3], [1592.9, 5003.3], [1592.9, 5005.3], [1594.9, 5005.3], [1594.9, 5009.3], [1596.9, 5009.3], [1596.9, 5011.3], [1594.9, 5011.3], [1594.9, 5015.3], [1592.9, 5015.3], [1592.9, 5019.3], [1589.0, 5019.3], [1589.0, 5017.3], [1587.0, 5017.3], [1587.0, 5015.3], [1583.0, 5015.3], [1583.0, 5017.3], [1577.0, 5017.3], [1577.0, 5019.3], [1575.0, 5019.3]]]}, "properties": {"cell_id": 625}}, {"type": "Feature", "geometry": {"type": "Polygon", "coordinates": [[[2262.9, 5021.2], [2262.9, 5017.2], [2260.9, 5017.2], [2260.9, 5011.2], [2258.9, 5011.2], [2258.9, 5007.2], [2256.9, 5007.2], [2256.9, 5005.2], [2264.9, 5005.2], [2264.9, 5007.2], [2266.8, 5007.2], [2266.8, 5005.2], [2268.8, 5005.2], [2268.8, 5007.2], [2274.8, 5007.2], [2274.8, 5017.2], [2270.8, 5017.2], [2270.8, 5019.2], [2266.8, 5019.2], [2266.8, 5021.2], [2262.9, 5021.2]]]}, "properties": {"cell_id": 626}}, {"type": "Feature", "geometry": {"type": "Polygon", "coordinates": [[[990.8, 5037.3], [990.8, 5035.3], [986.8, 5035.3], [986.8, 5033.3], [984.8, 5033.3], [984.8, 5029.3], [982.8, 5029.3], [982.8, 5023.4], [984.8, 5023.4], [984.8, 5019.4], [986.8, 5019.4], [986.8, 5017.4], [990.8, 5017.4], [990.8, 5015.4], [996.8, 5015.4], [996.8, 5017.4], [1000.8, 5017.4], [1000.8, 5019.4], [1002.8, 5019.4], [1002.8, 5023.4], [1004.8, 5023.4], [1004.8, 5029.3], [1002.8, 5029.3], [1002.8, 5033.3], [1000.8, 5033.3], [1000.8, 5035.3], [996.8, 5035.3], [996.8, 5037.3], [990.8, 5037.3]]]}, "properties": {"cell_id": 627}}, {"type": "Feature", "geometry": {"type": "Polygon", "coordinates": [[[346.7, 4558.9], [346.7, 4556.9], [342.8, 4556.9], [342.8, 4554.9], [340.8, 4554.9], [340.8, 4553.0], [338.8, 4553.0], [338.8, 4549.0], [336.8, 4549.0], [336.8, 4543.0], [338.8, 4543.0], [338.8, 4539.0], [340.8, 4539.0], [340.8, 4537.0], [342.8, 4537.0], [342.8, 4535.0], [346.7, 4535.0], [346.7, 4533.0], [350.7, 4533.0], [350.7, 4535.0], [354.7, 4535.0], [354.7, 4537.0], [358.7, 4537.0], [358.7, 4539.0], [360.7, 4539.0], [360.7, 4543.0], [362.7, 4543.0], [362.7, 4549.0], [360.7, 4549.0], [360.7, 4552.9], [358.7, 4552.9], [358.7, 4554.9], [356.7, 4554.9], [356.7, 4556.9], [352.7, 4556.9], [352.7, 4558.9], [346.7, 4558.9]]]}, "properties": {"cell_id": 628}}, {"type": "Feature", "geometry": {"type": "Polygon", "coordinates": [[[673.8, 4810.1], [673.8, 4808.1], [669.8, 4808.1], [669.8, 4806.1], [667.8, 4806.1], [667.8, 4804.1], [665.8, 4804.1], [665.8, 4800.1], [663.8, 4800.1], [663.8, 4794.1], [665.8, 4794.1], [665.8, 4792.1], [669.8, 4792.1], [669.8, 4794.1], [677.8, 4794.1], [677.8, 4796.1], [679.8, 4796.1], [679.8, 4798.1], [681.7, 4798.1], [681.7, 4804.1], [683.7, 4804.1], [683.7, 4806.1], [681.7, 4806.1], [681.7, 4808.1], [679.8, 4808.1], [679.8, 4810.1], [673.8, 4810.1]]]}, "properties": {"cell_id": 629}}, {"type": "Feature", "geometry": {"type": "Polygon", "coordinates": [[[2163.2, 4929.5], [2163.2, 4927.5], [2159.2, 4927.5], [2159.2, 4925.5], [2157.2, 4925.5], [2157.2, 4921.5], [2155.2, 4921.5], [2155.2, 4917.5], [2157.2, 4917.5], [2157.2, 4915.5], [2159.2, 4915.5], [2159.2, 4913.5], [2165.1, 4913.5], [2165.1, 4911.5], [2169.1, 4911.5], [2169.1, 4909.5], [2173.1, 4909.5], [2173.1, 4907.5], [2175.1, 4907.5], [2175.1, 4905.5], [2177.1, 4905.5], [2177.1, 4903.5], [2179.1, 4903.5], [2179.1, 4905.5], [2183.1, 4905.5], [2183.1, 4907.5], [2185.1, 4907.5], [2185.1, 4911.5], [2187.1, 4911.5], [2187.1, 4917.5], [2185.1, 4917.5], [2185.1, 4921.5], [2183.1, 4921.5], [2183.1, 4923.5], [2181.1, 4923.5], [2181.1, 4925.5], [2179.1, 4925.5], [2179.1, 4927.5], [2175.1, 4927.5], [2175.1, 4929.5], [2163.2, 4929.5]]]}, "properties": {"cell_id": 630}}, {"type": "Feature", "geometry": {"type": "Polygon", "coordinates": [[[1882.0, 4788.0], [1882.0, 4786.0], [1878.0, 4786.0], [1878.0, 4784.0], [1876.0, 4784.0], [1876.0, 4782.0], [1874.0, 4782.0], [1874.0, 4778.0], [1872.0, 4778.0], [1872.0, 4774.0], [1874.0, 4774.0], [1874.0, 4770.0], [1876.0, 4770.0], [1876.0, 4768.0], [1882.0, 4768.0], [1882.0, 4770.0], [1890.0, 4770.0], [1890.0, 4772.0], [1892.0, 4772.0], [1892.0, 4784.0], [1890.0, 4784.0], [1890.0, 4786.0], [1888.0, 4786.0], [1888.0, 4788.0], [1882.0, 4788.0]]]}, "properties": {"cell_id": 631}}, {"type": "Feature", "geometry": {"type": "Polygon", "coordinates": [[[1503.2, 4726.2], [1503.2, 4724.2], [1501.2, 4724.2], [1501.2, 4720.2], [1499.2, 4720.2], [1499.2, 4712.3], [1501.2, 4712.3], [1501.2, 4708.3], [1515.1, 4708.3], [1515.1, 4724.2], [1511.1, 4724.2], [1511.1, 4726.2], [1503.2, 4726.2]]]}, "properties": {"cell_id": 632}}, {"type": "Feature", "geometry": {"type": "Polygon", "coordinates": [[[1682.6, 4540.8], [1682.6, 4538.8], [1678.6, 4538.8], [1678.6, 4536.8], [1676.6, 4536.8], [1676.6, 4534.8], [1674.6, 4534.8], [1674.6, 4530.8], [1672.6, 4530.8], [1672.6, 4528.8], [1674.6, 4528.8], [1674.6, 4524.8], [1676.6, 4524.8], [1676.6, 4522.8], [1678.6, 4522.8], [1678.6, 4520.8], [1682.6, 4520.8], [1682.6, 4518.8], [1688.6, 4518.8], [1688.6, 4520.8], [1692.5, 4520.8], [1692.5, 4522.8], [1694.5, 4522.8], [1694.5, 4526.8], [1696.5, 4526.8], [1696.5, 4532.8], [1694.5, 4532.8], [1694.5, 4536.8], [1692.6, 4536.8], [1692.6, 4538.8], [1688.6, 4538.8], [1688.6, 4540.8], [1682.6, 4540.8]]]}, "properties": {"cell_id": 633}}, {"type": "Feature", "geometry": {"type": "Polygon", "coordinates": [[[1102.4, 4764.2], [1102.4, 4762.2], [1090.5, 4762.2], [1090.5, 4760.2], [1086.5, 4760.2], [1086.5, 4756.2], [1084.5, 4756.2], [1084.5, 4748.2], [1086.5, 4748.2], [1086.5, 4744.2], [1088.5, 4744.2], [1088.5, 4742.2], [1090.5, 4742.2], [1090.5, 4740.2], [1094.4, 4740.2], [1094.4, 4738.2], [1096.4, 4738.2], [1096.4, 4740.2], [1100.4, 4740.2], [1100.4, 4742.2], [1104.4, 4742.2], [1104.4, 4744.2], [1106.4, 4744.2], [1106.4, 4746.2], [1108.4, 4746.2], [1108.4, 4750.2], [1110.4, 4750.2], [1110.4, 4758.2], [1108.4, 4758.2], [1108.4, 4762.2], [1106.4, 4762.2], [1106.4, 4764.2], [1102.4, 4764.2]]]}, "properties": {"cell_id": 634}}, {"type": "Feature", "geometry": {"type": "Polygon", "coordinates": [[[558.1, 4794.2], [558.1, 4792.2], [554.1, 4792.2], [554.1, 4784.2], [552.1, 4784.2], [552.1, 4774.2], [554.1, 4774.2], [554.1, 4772.2], [558.1, 4772.2], [558.1, 4770.2], [564.1, 4770.2], [564.1, 4772.2], [568.1, 4772.2], [568.1, 4774.2], [570.1, 4774.2], [570.1, 4776.2], [572.1, 4776.2], [572.1, 4778.2], [570.1, 4778.2], [570.1, 4780.2], [568.1, 4780.2], [568.1, 4786.2], [566.1, 4786.2], [566.1, 4788.2], [564.1, 4788.2], [564.1, 4792.2], [562.1, 4792.2], [562.1, 4794.2], [558.1, 4794.2]]]}, "properties": {"cell_id": 635}}, {"type": "Feature", "geometry": {"type": "Polygon", "coordinates": [[[1866.0, 4544.7], [1866.0, 4542.7], [1862.0, 4542.7], [1862.0, 4540.7], [1858.0, 4540.7], [1858.0, 4538.7], [1856.0, 4538.7], [1856.0, 4536.7], [1854.0, 4536.7], [1854.0, 4532.8], [1852.1, 4532.8], [1852.1, 4528.8], [1850.1, 4528.8], [1850.1, 4526.8], [1852.1, 4526.8], [1852.1, 4522.8], [1854.0, 4522.8], [1854.0, 4518.8], [1856.0, 4518.8], [1856.0, 4516.8], [1858.0, 4516.8], [1858.0, 4514.8], [1860.0, 4514.8], [1860.0, 4512.8], [1862.0, 4512.8], [1862.0, 4510.8], [1866.0, 4510.8], [1866.0, 4508.8], [1876.0, 4508.8], [1876.0, 4506.8], [1889.9, 4506.8], [1889.9, 4508.8], [1891.9, 4508.8], [1891.9, 4510.8], [1893.9, 4510.8], [1893.9, 4512.8], [1895.9, 4512.8], [1895.9, 4516.8], [1897.9, 4516.8], [1897.9, 4528.8], [1895.9, 4528.8], [1895.9, 4532.8], [1893.9, 4532.8], [1893.9, 4534.7], [1889.9, 4534.7], [1889.9, 4536.7], [1880.0, 4536.7], [1880.0, 4538.7], [1876.0, 4538.7], [1876.0, 4540.7], [1874.0, 4540.7], [1874.0, 4542.7], [1872.0, 4542.7], [1872.0, 4544.7], [1866.0, 4544.7]]]}, "properties": {"cell_id": 636}}, {"type": "Feature", "geometry": {"type": "Polygon", "coordinates": [[[865.1, 4550.9], [865.1, 4548.9], [861.1, 4548.9], [861.1, 4546.9], [859.1, 4546.9], [859.1, 4544.9], [857.2, 4544.9], [857.2, 4542.9], [855.2, 4542.9], [855.2, 4538.9], [853.2, 4538.9], [853.2, 4534.9], [855.2, 4534.9], [855.2, 4530.9], [857.2, 4530.9], [857.2, 4528.9], [861.1, 4528.9], [861.1, 4526.9], [863.1, 4526.9], [863.1, 4528.9], [867.1, 4528.9], [867.1, 4530.9], [869.1, 4530.9], [869.1, 4532.9], [871.1, 4532.9], [871.1, 4534.9], [875.1, 4534.9], [875.1, 4536.9], [877.1, 4536.9], [877.1, 4538.9], [879.1, 4538.9], [879.1, 4540.9], [881.1, 4540.9], [881.1, 4542.9], [879.1, 4542.9], [879.1, 4546.9], [877.1, 4546.9], [877.1, 4548.9], [873.1, 4548.9], [873.1, 4550.9], [865.1, 4550.9]]]}, "properties": {"cell_id": 637}}, {"type": "Feature", "geometry": {"type": "Polygon", "coordinates": [[[2462.2, 4967.3], [2462.2, 4965.3], [2460.2, 4965.3], [2460.2, 4963.3], [2458.2, 4963.3], [2458.2, 4961.3], [2456.2, 4961.3], [2456.2, 4959.3], [2454.3, 4959.3], [2454.3, 4955.3], [2456.2, 4955.3], [2456.2, 4953.3], [2464.2, 4953.3], [2464.2, 4957.3], [2466.2, 4957.3], [2466.2, 4961.3], [2468.2, 4961.3], [2468.2, 4963.3], [2466.2, 4963.3], [2466.2, 4967.3], [2462.2, 4967.3]]]}, "properties": {"cell_id": 638}}, {"type": "Feature", "geometry": {"type": "Polygon", "coordinates": [[[2446.3, 4897.5], [2446.3, 4895.5], [2442.3, 4895.5], [2442.3, 4893.5], [2440.3, 4893.5], [2440.3, 4891.5], [2438.3, 4891.5], [2438.3, 4887.5], [2436.3, 4887.5], [2436.3, 4885.6], [2438.3, 4885.6], [2438.3, 4883.6], [2440.3, 4883.6], [2440.3, 4881.6], [2442.3, 4881.6], [2442.3, 4879.6], [2444.3, 4879.6], [2444.3, 4877.6], [2446.3, 4877.6], [2446.3, 4875.6], [2448.3, 4875.6], [2448.3, 4873.6], [2454.2, 4873.6], [2454.2, 4875.6], [2458.2, 4875.6], [2458.2, 4877.6], [2460.2, 4877.6], [2460.2, 4881.6], [2462.2, 4881.6], [2462.2, 4887.5], [2460.2, 4887.5], [2460.2, 4891.5], [2458.2, 4891.5], [2458.2, 4893.5], [2454.2, 4893.5], [2454.2, 4895.5], [2450.3, 4895.5], [2450.3, 4897.5], [2446.3, 4897.5]]]}, "properties": {"cell_id": 639}}, {"type": "Feature", "geometry": {"type": "Polygon", "coordinates": [[[761.5, 4668.5], [761.5, 4666.5], [757.5, 4666.5], [757.5, 4664.5], [755.5, 4664.5], [755.5, 4660.5], [753.5, 4660.5], [753.5, 4652.6], [755.5, 4652.6], [755.5, 4648.6], [757.5, 4648.6], [757.5, 4646.6], [761.5, 4646.6], [761.5, 4644.6], [767.5, 4644.6], [767.5, 4646.6], [771.4, 4646.6], [771.4, 4648.6], [773.4, 4648.6], [773.4, 4650.6], [775.4, 4650.6], [775.4, 4654.6], [777.4, 4654.6], [777.4, 4656.6], [775.4, 4656.6], [775.4, 4660.5], [773.4, 4660.5], [773.4, 4664.5], [771.4, 4664.5], [771.4, 4666.5], [767.5, 4666.5], [767.5, 4668.5], [761.5, 4668.5]]]}, "properties": {"cell_id": 640}}, {"type": "Feature", "geometry": {"type": "Polygon", "coordinates": [[[2360.6, 5077.0], [2360.6, 5075.0], [2358.6, 5075.0], [2358.6, 5071.0], [2360.6, 5071.0], [2360.6, 5067.0], [2362.6, 5067.0], [2362.6, 5063.0], [2364.6, 5063.0], [2364.6, 5061.0], [2368.5, 5061.0], [2368.5, 5059.0], [2376.5, 5059.0], [2376.5, 5061.0], [2380.5, 5061.0], [2380.5, 5063.0], [2382.5, 5063.0], [2382.5, 5065.0], [2384.5, 5065.0], [2384.5, 5069.0], [2386.5, 5069.0], [2386.5, 5071.0], [2384.5, 5071.0], [2384.5, 5075.0], [2382.5, 5075.0], [2382.5, 5077.0], [2360.6, 5077.0]]]}, "properties": {"cell_id": 641}}, {"type": "Feature", "geometry": {"type": "Polygon", "coordinates": [[[255.0, 4584.9], [255.0, 4582.9], [251.0, 4582.9], [251.0, 4580.9], [249.1, 4580.9], [249.1, 4578.9], [247.1, 4578.9], [247.1, 4574.9], [245.1, 4574.9], [245.1, 4570.9], [247.1, 4570.9], [247.1, 4566.9], [249.1, 4566.9], [249.1, 4564.9], [253.0, 4564.9], [253.0, 4562.9], [261.0, 4562.9], [261.0, 4564.9], [265.0, 4564.9], [265.0, 4566.9], [267.0, 4566.9], [267.0, 4570.9], [269.0, 4570.9], [269.0, 4576.9], [267.0, 4576.9], [267.0, 4580.9], [265.0, 4580.9], [265.0, 4582.9], [261.0, 4582.9], [261.0, 4584.9], [255.0, 4584.9]]]}, "properties": {"cell_id": 642}}, {"type": "Feature", "geometry": {"type": "Polygon", "coordinates": [[[1218.1, 5037.3], [1218.1, 5035.3], [1216.1, 5035.3], [1216.1, 5029.3], [1218.1, 5029.3], [1218.1, 5025.3], [1220.1, 5025.3], [1220.1, 5023.3], [1224.1, 5023.3], [1224.1, 5025.3], [1228.1, 5025.3], [1228.1, 5027.3], [1230.1, 5027.3], [1230.1, 5025.3], [1232.1, 5025.3], [1232.1, 5029.3], [1234.1, 5029.3], [1234.1, 5031.3], [1236.1, 5031.3], [1236.1, 5035.3], [1232.1, 5035.3], [1232.1, 5037.3], [1218.1, 5037.3]]]}, "properties": {"cell_id": 643}}, {"type": "Feature", "geometry": {"type": "Polygon", "coordinates": [[[251.0, 4507.1], [251.0, 4505.1], [247.0, 4505.1], [247.0, 4503.1], [245.1, 4503.1], [245.1, 4501.1], [243.1, 4501.1], [243.1, 4497.1], [241.1, 4497.1], [241.1, 4493.2], [243.1, 4493.2], [243.1, 4489.2], [245.0, 4489.2], [245.0, 4487.2], [249.0, 4487.2], [249.0, 4485.2], [263.0, 4485.2], [263.0, 4487.2], [265.0, 4487.2], [265.0, 4491.2], [267.0, 4491.2], [267.0, 4499.1], [265.0, 4499.1], [265.0, 4503.1], [263.0, 4503.1], [263.0, 4505.1], [259.0, 4505.1], [259.0, 4507.1], [251.0, 4507.1]]]}, "properties": {"cell_id": 644}}, {"type": "Feature", "geometry": {"type": "Polygon", "coordinates": [[[2167.1, 4821.8], [2167.1, 4819.8], [2165.1, 4819.8], [2165.1, 4817.8], [2161.1, 4817.8], [2161.1, 4815.8], [2159.1, 4815.8], [2159.1, 4809.8], [2161.1, 4809.8], [2161.1, 4807.8], [2163.1, 4807.8], [2163.1, 4805.9], [2165.1, 4805.8], [2165.1, 4803.9], [2169.1, 4803.9], [2169.1, 4801.9], [2171.1, 4801.9], [2171.1, 4799.9], [2177.1, 4799.9], [2177.1, 4801.9], [2179.1, 4801.9], [2179.1, 4807.8], [2177.1, 4807.8], [2177.1, 4817.8], [2175.1, 4817.8], [2175.1, 4819.8], [2173.1, 4819.8], [2173.1, 4821.8], [2167.1, 4821.8]]]}, "properties": {"cell_id": 645}}, {"type": "Feature", "geometry": {"type": "Polygon", "coordinates": [[[899.1, 4883.8], [899.1, 4881.8], [893.1, 4881.8], [893.1, 4879.8], [891.1, 4879.8], [891.1, 4875.8], [889.1, 4875.8], [889.1, 4871.9], [887.1, 4871.9], [887.1, 4869.9], [889.1, 4869.9], [889.1, 4865.9], [891.1, 4865.9], [891.1, 4863.9], [893.1, 4863.9], [893.1, 4861.9], [897.1, 4861.9], [897.1, 4859.9], [903.1, 4859.9], [903.1, 4861.9], [907.1, 4861.9], [907.1, 4863.9], [909.0, 4863.9], [909.0, 4865.9], [911.0, 4865.9], [911.0, 4869.9], [913.0, 4869.9], [913.0, 4877.8], [911.0, 4877.8], [911.0, 4881.8], [909.1, 4881.8], [909.1, 4883.8], [899.1, 4883.8]]]}, "properties": {"cell_id": 646}}, {"type": "Feature", "geometry": {"type": "Polygon", "coordinates": [[[1790.3, 5099.0], [1790.3, 5097.0], [1780.4, 5097.0], [1780.4, 5093.0], [1782.4, 5093.0], [1782.4, 5091.0], [1786.4, 5091.0], [1786.4, 5089.0], [1792.3, 5089.0], [1792.3, 5095.0], [1794.3, 5095.0], [1794.3, 5099.0], [1790.3, 5099.0]]]}, "properties": {"cell_id": 647}}, {"type": "Feature", "geometry": {"type": "Polygon", "coordinates": [[[2127.3, 5005.2], [2127.3, 5003.2], [2125.3, 5003.2], [2125.3, 4999.2], [2123.3, 4999.2], [2123.3, 4997.3], [2119.3, 4997.3], [2119.3, 4995.3], [2117.3, 4995.3], [2117.3, 4991.3], [2119.3, 4991.3], [2119.3, 4989.3], [2121.3, 4989.3], [2121.3, 4987.3], [2123.3, 4987.3], [2123.3, 4985.3], [2125.3, 4985.3], [2125.3, 4983.3], [2127.3, 4983.3], [2127.3, 4985.3], [2131.3, 4985.3], [2131.3, 4987.3], [2135.3, 4987.3], [2135.3, 4989.3], [2137.2, 4989.3], [2137.2, 4995.3], [2135.3, 4995.3], [2135.3, 4999.2], [2133.3, 4999.2], [2133.3, 5001.2], [2131.3, 5001.2], [2131.3, 5003.2], [2129.3, 5003.2], [2129.3, 5005.2], [2127.3, 5005.2]]]}, "properties": {"cell_id": 648}}, {"type": "Feature", "geometry": {"type": "Polygon", "coordinates": [[[1559.0, 4945.5], [1559.0, 4939.5], [1561.0, 4939.5], [1561.0, 4937.5], [1563.0, 4937.5], [1563.0, 4935.5], [1565.0, 4935.5], [1565.0, 4931.6], [1573.0, 4931.6], [1573.0, 4937.5], [1571.0, 4937.5], [1571.0, 4941.5], [1565.0, 4941.5], [1565.0, 4943.5], [1563.0, 4943.5], [1563.0, 4945.5], [1559.0, 4945.5]]]}, "properties": {"cell_id": 649}}, {"type": "Feature", "geometry": {"type": "Polygon", "coordinates": [[[1076.5, 4608.7], [1076.5, 4606.7], [1072.5, 4606.7], [1072.5, 4604.7], [1070.5, 4604.7], [1070.5, 4600.7], [1068.5, 4600.7], [1068.5, 4592.7], [1072.5, 4592.7], [1072.5, 4590.7], [1074.5, 4590.7], [1074.5, 4588.7], [1080.5, 4588.7], [1080.5, 4586.7], [1082.5, 4586.7], [1082.5, 4584.7], [1084.5, 4584.7], [1084.5, 4586.7], [1088.4, 4586.7], [1088.4, 4588.7], [1090.4, 4588.7], [1090.4, 4592.7], [1092.4, 4592.7], [1092.4, 4598.7], [1090.4, 4598.7], [1090.4, 4602.7], [1088.4, 4602.7], [1088.4, 4604.7], [1086.5, 4604.7], [1086.5, 4606.7], [1082.5, 4606.7], [1082.5, 4608.7], [1076.5, 4608.7]]]}, "properties": {"cell_id": 650}}, {"type": "Feature", "geometry": {"type": "Polygon", "coordinates": [[[1553.0, 4871.7], [1553.0, 4869.8], [1551.1, 4869.8], [1551.1, 4865.8], [1553.0, 4865.8], [1553.0, 4863.8], [1555.0, 4863.8], [1555.0, 4861.8], [1557.0, 4861.8], [1557.0, 4859.8], [1559.0, 4859.8], [1559.0, 4857.8], [1565.0, 4857.8], [1565.0, 4859.8], [1571.0, 4859.8], [1571.0, 4861.8], [1573.0, 4861.8], [1573.0, 4863.8], [1571.0, 4863.8], [1571.0, 4869.7], [1567.0, 4869.7], [1567.0, 4871.7], [1553.0, 4871.7]]]}, "properties": {"cell_id": 651}}, {"type": "Feature", "geometry": {"type": "Polygon", "coordinates": [[[1106.4, 4720.3], [1106.4, 4718.3], [1102.4, 4718.3], [1102.4, 4716.3], [1100.4, 4716.3], [1100.4, 4712.3], [1098.4, 4712.3], [1098.4, 4706.3], [1100.4, 4706.3], [1100.4, 4702.4], [1102.4, 4702.4], [1102.4, 4700.4], [1104.4, 4700.4], [1104.4, 4698.4], [1106.4, 4698.4], [1106.4, 4700.4], [1110.4, 4700.4], [1110.4, 4702.4], [1112.4, 4702.4], [1112.4, 4704.3], [1114.4, 4704.3], [1114.4, 4706.3], [1118.4, 4706.3], [1118.4, 4708.3], [1120.4, 4708.3], [1120.4, 4714.3], [1118.4, 4714.3], [1118.4, 4716.3], [1114.4, 4716.3], [1114.4, 4718.3], [1110.4, 4718.3], [1110.4, 4720.3], [1106.4, 4720.3]]]}, "properties": {"cell_id": 652}}, {"type": "Feature", "geometry": {"type": "Polygon", "coordinates": [[[897.1, 4686.4], [897.1, 4684.4], [893.1, 4684.4], [893.1, 4682.5], [891.1, 4682.5], [891.1, 4680.5], [889.1, 4680.5], [889.1, 4676.5], [887.1, 4676.5], [887.1, 4674.5], [889.1, 4674.5], [889.1, 4670.5], [891.1, 4670.5], [891.1, 4666.5], [893.1, 4666.5], [893.1, 4664.5], [895.1, 4664.5], [895.1, 4662.5], [899.0, 4662.5], [899.0, 4660.5], [907.0, 4660.5], [907.0, 4662.5], [911.0, 4662.5], [911.0, 4664.5], [913.0, 4664.5], [913.0, 4668.5], [915.0, 4668.5], [915.0, 4676.5], [913.0, 4676.5], [913.0, 4680.5], [911.0, 4680.5], [911.0, 4682.4], [909.0, 4682.4], [909.0, 4684.4], [905.0, 4684.4], [905.0, 4686.4], [897.1, 4686.4]]]}, "properties": {"cell_id": 653}}, {"type": "Feature", "geometry": {"type": "Polygon", "coordinates": [[[643.8, 4570.8], [643.8, 4568.8], [639.8, 4568.9], [639.8, 4566.9], [637.8, 4566.9], [637.8, 4560.9], [639.8, 4560.9], [639.8, 4556.9], [641.8, 4556.9], [641.8, 4554.9], [657.8, 4554.9], [657.8, 4560.9], [655.8, 4560.9], [655.8, 4562.9], [653.8, 4562.9], [653.8, 4564.9], [651.8, 4564.9], [651.8, 4566.9], [649.8, 4566.9], [649.8, 4568.8], [647.8, 4568.8], [647.8, 4570.8], [643.8, 4570.8]]]}, "properties": {"cell_id": 654}}, {"type": "Feature", "geometry": {"type": "Polygon", "coordinates": [[[1567.0, 4957.5], [1567.0, 4955.5], [1563.0, 4955.5], [1563.0, 4953.5], [1561.0, 4953.5], [1561.0, 4949.5], [1559.0, 4949.5], [1559.0, 4945.5], [1563.0, 4945.5], [1563.0, 4943.5], [1565.0, 4943.5], [1565.0, 4941.5], [1571.0, 4941.5], [1571.0, 4937.5], [1573.0, 4937.5], [1573.0, 4939.5], [1577.0, 4939.5], [1577.0, 4941.5], [1579.0, 4941.5], [1579.0, 4943.5], [1581.0, 4943.5], [1581.0, 4951.5], [1579.0, 4951.5], [1579.0, 4953.5], [1577.0, 4953.5], [1577.0, 4955.5], [1573.0, 4955.5], [1573.0, 4957.5], [1567.0, 4957.5]]]}, "properties": {"cell_id": 655}}, {"type": "Feature", "geometry": {"type": "Polygon", "coordinates": [[[2362.6, 5112.9], [2362.6, 5108.9], [2360.6, 5108.9], [2360.6, 5104.9], [2364.6, 5104.9], [2364.6, 5102.9], [2366.6, 5102.9], [2366.6, 5100.9], [2368.5, 5100.9], [2368.5, 5098.9], [2374.5, 5098.9], [2374.5, 5096.9], [2378.5, 5096.9], [2378.5, 5098.9], [2380.5, 5098.9], [2380.5, 5100.9], [2382.5, 5100.9], [2382.5, 5104.9], [2384.5, 5104.9], [2384.5, 5108.9], [2382.5, 5108.9], [2382.5, 5110.9], [2376.5, 5110.9], [2376.5, 5112.8], [2362.6, 5112.9]]]}, "properties": {"cell_id": 656}}, {"type": "Feature", "geometry": {"type": "Polygon", "coordinates": [[[619.9, 4854.0], [619.9, 4852.0], [616.0, 4852.0], [616.0, 4850.0], [614.0, 4850.0], [614.0, 4848.0], [612.0, 4848.0], [612.0, 4846.0], [610.0, 4846.0], [610.0, 4832.0], [612.0, 4832.0], [612.0, 4830.0], [616.0, 4830.0], [616.0, 4828.0], [621.9, 4828.0], [621.9, 4830.0], [625.9, 4830.0], [625.9, 4832.0], [627.9, 4832.0], [627.9, 4834.0], [629.9, 4834.0], [629.9, 4836.0], [627.9, 4836.0], [627.9, 4846.0], [625.9, 4846.0], [625.9, 4848.0], [623.9, 4848.0], [623.9, 4852.0], [621.9, 4852.0], [621.9, 4854.0], [619.9, 4854.0]]]}, "properties": {"cell_id": 657}}, {"type": "Feature", "geometry": {"type": "Polygon", "coordinates": [[[396.6, 4604.8], [396.6, 4602.8], [392.6, 4602.8], [392.6, 4600.8], [390.6, 4600.8], [390.6, 4582.8], [394.6, 4582.8], [394.6, 4580.9], [402.6, 4580.9], [402.6, 4582.8], [406.6, 4582.8], [406.6, 4584.8], [408.6, 4584.8], [408.6, 4586.8], [410.6, 4586.8], [410.6, 4590.8], [412.5, 4590.8], [412.5, 4594.8], [410.6, 4594.8], [410.6, 4598.8], [408.6, 4598.8], [408.6, 4600.8], [404.6, 4600.8], [404.6, 4602.8], [400.6, 4602.8], [400.6, 4604.8], [396.6, 4604.8]]]}, "properties": {"cell_id": 658}}, {"type": "Feature", "geometry": {"type": "Polygon", "coordinates": [[[2256.8, 4506.8], [2256.8, 4504.8], [2252.8, 4504.8], [2252.8, 4502.8], [2248.8, 4502.8], [2248.8, 4500.8], [2246.8, 4500.8], [2246.8, 4496.8], [2244.8, 4496.8], [2244.8, 4490.8], [2246.8, 4490.8], [2246.8, 4486.8], [2248.8, 4486.8], [2248.8, 4484.8], [2252.8, 4484.8], [2252.8, 4482.9], [2260.8, 4482.9], [2260.8, 4484.8], [2264.8, 4484.8], [2264.8, 4486.8], [2266.8, 4486.8], [2266.8, 4490.8], [2268.8, 4490.8], [2268.8, 4496.8], [2266.8, 4496.8], [2266.8, 4500.8], [2264.8, 4500.8], [2264.8, 4502.8], [2262.8, 4502.8], [2262.8, 4504.8], [2258.8, 4504.8], [2258.8, 4506.8], [2256.8, 4506.8]]]}, "properties": {"cell_id": 659}}, {"type": "Feature", "geometry": {"type": "Polygon", "coordinates": [[[2063.4, 4750.0], [2063.4, 4748.0], [2059.4, 4748.0], [2059.4, 4746.1], [2057.5, 4746.1], [2057.5, 4744.1], [2055.5, 4744.1], [2055.5, 4740.1], [2053.5, 4740.1], [2053.5, 4736.1], [2055.5, 4736.1], [2055.5, 4732.1], [2057.5, 4732.1], [2057.5, 4730.1], [2059.4, 4730.1], [2059.4, 4728.1], [2063.4, 4728.1], [2063.4, 4726.1], [2069.4, 4726.1], [2069.4, 4728.1], [2073.4, 4728.1], [2073.4, 4730.1], [2075.4, 4730.1], [2075.4, 4734.1], [2077.4, 4734.1], [2077.4, 4740.1], [2075.4, 4740.1], [2075.4, 4744.1], [2073.4, 4744.1], [2073.4, 4746.1], [2069.4, 4746.1], [2069.4, 4748.0], [2065.4, 4748.0], [2065.4, 4750.0], [2063.4, 4750.0]]]}, "properties": {"cell_id": 660}}, {"type": "Feature", "geometry": {"type": "Polygon", "coordinates": [[[273.0, 4708.5], [273.0, 4706.5], [269.0, 4706.5], [269.0, 4704.5], [267.0, 4704.5], [267.0, 4702.5], [265.0, 4702.5], [265.0, 4698.5], [263.0, 4698.5], [263.0, 4694.5], [261.0, 4694.5], [261.0, 4692.5], [263.0, 4692.5], [263.0, 4688.5], [265.0, 4688.5], [265.0, 4686.5], [267.0, 4686.5], [267.0, 4684.5], [271.0, 4684.5], [271.0, 4682.6], [275.0, 4682.6], [275.0, 4684.5], [279.0, 4684.5], [279.0, 4686.5], [281.0, 4686.5], [281.0, 4688.5], [283.0, 4688.5], [283.0, 4690.5], [285.0, 4690.5], [285.0, 4694.5], [287.0, 4694.5], [287.0, 4696.5], [285.0, 4696.5], [285.0, 4700.5], [283.0, 4700.5], [283.0, 4704.5], [281.0, 4704.5], [281.0, 4706.5], [277.0, 4706.5], [277.0, 4708.5], [273.0, 4708.5]]]}, "properties": {"cell_id": 661}}, {"type": "Feature", "geometry": {"type": "Polygon", "coordinates": [[[2091.4, 4983.3], [2091.4, 4981.3], [2083.4, 4981.3], [2083.4, 4979.3], [2081.4, 4979.3], [2081.4, 4975.3], [2083.4, 4975.3], [2083.4, 4973.3], [2085.4, 4973.3], [2085.4, 4971.3], [2087.4, 4971.3], [2087.4, 4967.4], [2089.4, 4967.4], [2089.4, 4963.4], [2091.4, 4963.4], [2091.4, 4965.4], [2095.4, 4965.4], [2095.4, 4967.4], [2097.4, 4967.4], [2097.4, 4969.3], [2099.4, 4969.3], [2099.4, 4971.3], [2101.4, 4971.3], [2101.4, 4975.3], [2103.3, 4975.3], [2103.3, 4977.3], [2101.4, 4977.3], [2101.4, 4981.3], [2095.4, 4981.3], [2095.4, 4983.3], [2091.4, 4983.3]]]}, "properties": {"cell_id": 662}}, {"type": "Feature", "geometry": {"type": "Polygon", "coordinates": [[[2240.9, 4947.4], [2240.9, 4945.4], [2236.9, 4945.4], [2236.9, 4943.4], [2232.9, 4943.4], [2232.9, 4941.4], [2221.0, 4941.4], [2221.0, 4939.4], [2219.0, 4939.4], [2219.0, 4931.4], [2221.0, 4931.4], [2221.0, 4927.5], [2223.0, 4927.5], [2223.0, 4925.5], [2227.0, 4925.5], [2227.0, 4923.5], [2234.9, 4923.5], [2234.9, 4925.5], [2238.9, 4925.5], [2238.9, 4927.5], [2242.9, 4927.5], [2242.9, 4929.4], [2244.9, 4929.4], [2244.9, 4933.4], [2246.9, 4933.4], [2246.9, 4941.4], [2244.9, 4941.4], [2244.9, 4945.4], [2242.9, 4945.4], [2242.9, 4947.4], [2240.9, 4947.4]]]}, "properties": {"cell_id": 663}}, {"type": "Feature", "geometry": {"type": "Polygon", "coordinates": [[[2057.5, 4893.6], [2057.5, 4891.6], [2047.5, 4891.6], [2047.5, 4889.6], [2045.5, 4889.6], [2045.5, 4885.6], [2047.5, 4885.6], [2047.5, 4881.6], [2049.5, 4881.6], [2049.5, 4877.6], [2051.5, 4877.6], [2051.5, 4873.7], [2053.5, 4873.7], [2053.5, 4871.7], [2055.5, 4871.7], [2055.5, 4869.7], [2059.5, 4869.7], [2059.5, 4867.7], [2063.5, 4867.7], [2063.5, 4869.7], [2067.4, 4869.7], [2067.4, 4871.7], [2069.4, 4871.7], [2069.4, 4875.6], [2067.4, 4875.6], [2067.4, 4881.6], [2065.5, 4881.6], [2065.5, 4893.6], [2057.5, 4893.6]]]}, "properties": {"cell_id": 664}}, {"type": "Feature", "geometry": {"type": "Polygon", "coordinates": [[[227.1, 4662.6], [227.1, 4660.6], [223.1, 4660.6], [223.1, 4658.6], [221.2, 4658.6], [221.2, 4656.6], [219.2, 4656.6], [219.2, 4654.7], [217.2, 4654.7], [217.2, 4650.7], [215.2, 4650.7], [215.2, 4646.7], [217.2, 4646.7], [217.2, 4644.7], [219.2, 4644.7], [219.2, 4642.7], [223.1, 4642.7], [223.1, 4640.7], [227.1, 4640.7], [227.1, 4638.7], [233.1, 4638.7], [233.1, 4640.7], [235.1, 4640.7], [235.1, 4642.7], [237.1, 4642.7], [237.1, 4646.7], [239.1, 4646.7], [239.1, 4654.6], [237.1, 4654.6], [237.1, 4658.6], [235.1, 4658.6], [235.1, 4660.6], [231.1, 4660.6], [231.1, 4662.6], [227.1, 4662.6]]]}, "properties": {"cell_id": 665}}, {"type": "Feature", "geometry": {"type": "Polygon", "coordinates": [[[1094.5, 4780.1], [1094.5, 4778.1], [1084.5, 4778.1], [1084.5, 4776.1], [1078.5, 4776.1], [1078.5, 4770.1], [1080.5, 4770.1], [1080.5, 4766.2], [1082.5, 4766.2], [1082.5, 4764.2], [1084.5, 4764.2], [1084.5, 4762.2], [1086.5, 4762.2], [1086.5, 4760.2], [1090.5, 4760.2], [1090.5, 4762.2], [1102.4, 4762.2], [1102.4, 4764.2], [1104.4, 4764.2], [1104.4, 4766.2], [1106.4, 4766.2], [1106.4, 4772.1], [1104.4, 4772.1], [1104.4, 4776.1], [1102.4, 4776.1], [1102.4, 4778.1], [1100.4, 4778.1], [1100.4, 4780.1], [1094.5, 4780.1]]]}, "properties": {"cell_id": 666}}, {"type": "Feature", "geometry": {"type": "Polygon", "coordinates": [[[1439.3, 4530.8], [1439.3, 4524.9], [1437.3, 4524.9], [1437.3, 4516.9], [1439.3, 4516.9], [1439.3, 4514.9], [1451.3, 4514.9], [1451.3, 4526.8], [1449.3, 4526.8], [1449.3, 4528.8], [1445.3, 4528.8], [1445.3, 4530.8], [1439.3, 4530.8]]]}, "properties": {"cell_id": 667}}, {"type": "Feature", "geometry": {"type": "Polygon", "coordinates": [[[1469.3, 5085.1], [1469.3, 5083.1], [1465.4, 5083.1], [1465.4, 5081.1], [1463.4, 5081.1], [1463.4, 5079.1], [1461.4, 5079.1], [1461.4, 5075.1], [1459.4, 5075.1], [1459.4, 5071.1], [1461.4, 5071.1], [1461.4, 5067.1], [1463.4, 5067.1], [1463.4, 5065.2], [1465.4, 5065.1], [1465.4, 5063.2], [1469.3, 5063.2], [1469.3, 5061.2], [1475.3, 5061.2], [1475.3, 5065.1], [1477.3, 5065.1], [1477.3, 5069.1], [1479.3, 5069.1], [1479.3, 5073.1], [1481.3, 5073.1], [1481.3, 5077.1], [1479.3, 5077.1], [1479.3, 5079.1], [1477.3, 5079.1], [1477.3, 5081.1], [1475.3, 5081.1], [1475.3, 5083.1], [1471.3, 5083.1], [1471.3, 5085.1], [1469.3, 5085.1]]]}, "properties": {"cell_id": 668}}, {"type": "Feature", "geometry": {"type": "Polygon", "coordinates": [[[1549.1, 5041.2], [1549.1, 5039.2], [1545.1, 5039.2], [1545.1, 5035.2], [1543.1, 5035.2], [1543.1, 5033.2], [1545.1, 5033.2], [1545.1, 5029.2], [1549.1, 5029.2], [1549.1, 5027.3], [1553.1, 5027.3], [1553.1, 5025.3], [1557.1, 5025.3], [1557.1, 5023.3], [1559.1, 5023.3], [1559.1, 5021.3], [1563.0, 5021.3], [1563.0, 5023.3], [1569.0, 5023.3], [1569.0, 5029.2], [1567.0, 5029.2], [1567.0, 5033.2], [1563.0, 5033.2], [1563.0, 5035.2], [1561.0, 5035.2], [1561.0, 5037.2], [1557.1, 5037.2], [1557.1, 5039.2], [1555.1, 5039.2], [1555.1, 5041.2], [1549.1, 5041.2]]]}, "properties": {"cell_id": 669}}, {"type": "Feature", "geometry": {"type": "Polygon", "coordinates": [[[1431.4, 4558.7], [1431.4, 4556.8], [1427.4, 4556.8], [1427.4, 4554.8], [1425.4, 4554.8], [1425.4, 4550.8], [1423.4, 4550.8], [1423.4, 4546.8], [1421.4, 4546.8], [1421.4, 4542.8], [1423.4, 4542.8], [1423.4, 4540.8], [1425.4, 4540.8], [1425.4, 4538.8], [1429.4, 4538.8], [1429.4, 4536.8], [1431.4, 4536.8], [1431.4, 4534.8], [1433.4, 4534.8], [1433.4, 4532.8], [1439.3, 4532.8], [1439.3, 4534.8], [1441.3, 4534.8], [1441.3, 4538.8], [1443.3, 4538.8], [1443.3, 4542.8], [1445.3, 4542.8], [1445.3, 4546.8], [1447.3, 4546.8], [1447.3, 4550.8], [1445.3, 4550.8], [1445.3, 4554.8], [1443.3, 4554.8], [1443.3, 4558.7], [1431.4, 4558.7]]]}, "properties": {"cell_id": 670}}, {"type": "Feature", "geometry": {"type": "Polygon", "coordinates": [[[865.1, 4662.5], [865.1, 4660.5], [861.2, 4660.5], [861.2, 4658.5], [859.2, 4658.5], [859.2, 4656.5], [861.2, 4656.5], [861.2, 4650.6], [863.2, 4650.6], [863.2, 4644.6], [865.1, 4644.6], [865.1, 4642.6], [875.1, 4642.6], [875.1, 4644.6], [877.1, 4644.6], [877.1, 4648.6], [879.1, 4648.6], [879.1, 4654.5], [877.1, 4654.5], [877.1, 4658.5], [875.1, 4658.5], [875.1, 4660.5], [871.1, 4660.5], [871.1, 4662.5], [865.1, 4662.5]]]}, "properties": {"cell_id": 671}}, {"type": "Feature", "geometry": {"type": "Polygon", "coordinates": [[[709.7, 4810.1], [709.7, 4808.1], [705.7, 4808.1], [705.7, 4806.1], [703.7, 4806.1], [703.7, 4802.1], [701.7, 4802.1], [701.7, 4800.1], [703.7, 4800.1], [703.7, 4796.1], [705.7, 4796.1], [705.7, 4794.1], [707.7, 4794.1], [707.7, 4792.1], [711.7, 4792.1], [711.7, 4790.1], [717.6, 4790.1], [717.6, 4792.1], [721.6, 4792.1], [721.6, 4796.1], [719.6, 4796.1], [719.6, 4804.1], [717.6, 4804.1], [717.6, 4808.1], [715.6, 4808.1], [715.6, 4810.1], [709.7, 4810.1]]]}, "properties": {"cell_id": 672}}, {"type": "Feature", "geometry": {"type": "Polygon", "coordinates": [[[2380.5, 4981.3], [2380.5, 4979.3], [2376.5, 4979.3], [2376.5, 4977.3], [2374.5, 4977.3], [2374.5, 4973.3], [2372.5, 4973.3], [2372.5, 4969.3], [2374.5, 4969.3], [2374.5, 4965.3], [2388.5, 4965.3], [2388.5, 4973.3], [2386.5, 4973.3], [2386.5, 4977.3], [2384.5, 4977.3], [2384.5, 4981.3], [2380.5, 4981.3]]]}, "properties": {"cell_id": 673}}, {"type": "Feature", "geometry": {"type": "Polygon", "coordinates": [[[598.0, 4610.7], [598.0, 4608.7], [594.0, 4608.7], [594.0, 4606.7], [592.0, 4606.7], [592.0, 4602.8], [590.0, 4602.8], [590.0, 4596.8], [592.0, 4596.8], [592.0, 4592.8], [594.0, 4592.8], [594.0, 4590.8], [602.0, 4590.8], [602.0, 4592.8], [604.0, 4592.8], [604.0, 4594.8], [607.9, 4594.8], [607.9, 4596.8], [609.9, 4596.8], [609.9, 4598.8], [611.9, 4598.8], [611.9, 4600.8], [613.9, 4600.8], [613.9, 4602.7], [611.9, 4602.7], [611.9, 4606.7], [609.9, 4606.7], [609.9, 4608.7], [605.9, 4608.7], [605.9, 4610.7], [598.0, 4610.7]]]}, "properties": {"cell_id": 674}}, {"type": "Feature", "geometry": {"type": "Polygon", "coordinates": [[[2434.3, 5035.1], [2434.3, 5033.1], [2430.3, 5033.1], [2430.3, 5031.1], [2428.3, 5031.1], [2428.3, 5029.1], [2426.4, 5029.1], [2426.4, 5027.1], [2424.4, 5027.1], [2424.4, 5023.1], [2422.4, 5023.1], [2422.4, 5021.1], [2424.4, 5021.1], [2424.4, 5017.1], [2426.4, 5017.1], [2426.4, 5013.2], [2428.3, 5013.2], [2428.3, 5011.2], [2432.3, 5011.2], [2432.3, 5009.2], [2436.3, 5009.2], [2436.3, 5011.2], [2440.3, 5011.2], [2440.3, 5013.2], [2442.3, 5013.2], [2442.3, 5015.1], [2444.3, 5015.1], [2444.3, 5017.1], [2446.3, 5017.1], [2446.3, 5021.1], [2448.3, 5021.1], [2448.3, 5025.1], [2446.3, 5025.1], [2446.3, 5029.1], [2444.3, 5029.1], [2444.3, 5031.1], [2442.3, 5031.1], [2442.3, 5033.1], [2438.3, 5033.1], [2438.3, 5035.1], [2434.3, 5035.1]]]}, "properties": {"cell_id": 675}}, {"type": "Feature", "geometry": {"type": "Polygon", "coordinates": [[[1437.3, 4483.0], [1437.3, 4481.0], [1433.3, 4481.0], [1433.3, 4475.0], [1435.3, 4475.0], [1435.3, 4471.0], [1437.3, 4471.0], [1437.3, 4463.0], [1443.3, 4463.0], [1443.3, 4465.0], [1447.3, 4465.0], [1447.3, 4467.0], [1449.3, 4467.0], [1449.3, 4471.0], [1451.3, 4471.0], [1451.3, 4477.0], [1449.3, 4477.0], [1449.3, 4479.0], [1443.3, 4479.0], [1443.3, 4481.0], [1439.3, 4481.0], [1439.3, 4483.0], [1437.3, 4483.0]]]}, "properties": {"cell_id": 676}}, {"type": "Feature", "geometry": {"type": "Polygon", "coordinates": [[[697.7, 4614.7], [697.7, 4612.7], [693.7, 4612.7], [693.7, 4610.7], [687.7, 4610.7], [687.7, 4608.7], [683.7, 4608.7], [683.7, 4604.7], [681.7, 4604.7], [681.7, 4602.7], [683.7, 4602.7], [683.7, 4598.7], [685.7, 4598.7], [685.7, 4596.8], [687.7, 4596.8], [687.7, 4594.8], [691.7, 4594.8], [691.7, 4592.8], [695.7, 4592.8], [695.7, 4594.8], [699.7, 4594.8], [699.7, 4596.8], [703.6, 4596.8], [703.6, 4598.7], [705.6, 4598.7], [705.6, 4602.7], [707.6, 4602.7], [707.6, 4608.7], [705.6, 4608.7], [705.6, 4612.7], [703.6, 4612.7], [703.6, 4614.7], [697.7, 4614.7]]]}, "properties": {"cell_id": 677}}, {"type": "Feature", "geometry": {"type": "Polygon", "coordinates": [[[647.9, 4983.5], [647.9, 4981.5], [643.9, 4981.6], [643.9, 4979.6], [641.9, 4979.6], [641.9, 4977.6], [639.9, 4977.6], [639.9, 4973.6], [637.9, 4973.6], [637.9, 4967.6], [639.9, 4967.6], [639.9, 4963.6], [641.9, 4963.6], [641.9, 4961.6], [645.9, 4961.6], [645.9, 4959.6], [649.9, 4959.6], [649.9, 4961.6], [653.9, 4961.6], [653.9, 4963.6], [655.9, 4963.6], [655.9, 4965.6], [657.8, 4965.6], [657.8, 4967.6], [659.8, 4967.6], [659.8, 4971.6], [661.8, 4971.6], [661.8, 4973.6], [659.8, 4973.6], [659.8, 4977.6], [657.9, 4977.6], [657.9, 4979.6], [655.9, 4979.6], [655.9, 4981.5], [651.9, 4981.5], [651.9, 4983.5], [647.9, 4983.5]]]}, "properties": {"cell_id": 678}}, {"type": "Feature", "geometry": {"type": "Polygon", "coordinates": [[[1543.1, 5095.0], [1543.1, 5093.0], [1539.1, 5093.0], [1539.1, 5091.1], [1537.1, 5091.1], [1537.1, 5089.1], [1535.1, 5089.1], [1535.1, 5087.1], [1533.1, 5087.1], [1533.1, 5083.1], [1531.2, 5083.1], [1531.1, 5081.1], [1533.1, 5081.1], [1533.1, 5079.1], [1537.1, 5079.1], [1537.1, 5077.1], [1539.1, 5077.1], [1539.1, 5075.1], [1541.1, 5075.1], [1541.1, 5073.1], [1543.1, 5073.1], [1543.1, 5071.1], [1559.1, 5071.1], [1559.1, 5069.1], [1563.0, 5069.1], [1563.0, 5073.1], [1565.0, 5073.1], [1565.0, 5077.1], [1567.0, 5077.1], [1567.0, 5079.1], [1565.0, 5079.1], [1565.0, 5085.1], [1563.1, 5085.1], [1563.1, 5089.1], [1561.1, 5089.1], [1561.1, 5091.1], [1559.1, 5091.1], [1559.1, 5093.0], [1555.1, 5093.0], [1555.1, 5095.0], [1543.1, 5095.0]]]}, "properties": {"cell_id": 679}}, {"type": "Feature", "geometry": {"type": "Polygon", "coordinates": [[[2187.0, 4498.8], [2187.0, 4496.8], [2183.0, 4496.8], [2183.0, 4494.8], [2181.0, 4494.8], [2181.0, 4488.8], [2183.0, 4488.8], [2183.0, 4484.9], [2185.0, 4484.9], [2185.0, 4472.9], [2189.0, 4472.9], [2189.0, 4470.9], [2195.0, 4470.9], [2195.0, 4472.9], [2199.0, 4472.9], [2199.0, 4474.9], [2201.0, 4474.9], [2201.0, 4478.9], [2203.0, 4478.9], [2203.0, 4484.9], [2201.0, 4484.9], [2201.0, 4488.8], [2199.0, 4488.8], [2199.0, 4492.8], [2197.0, 4492.8], [2197.0, 4494.8], [2193.0, 4494.8], [2193.0, 4496.8], [2189.0, 4496.8], [2189.0, 4498.8], [2187.0, 4498.8]]]}, "properties": {"cell_id": 680}}, {"type": "Feature", "geometry": {"type": "Polygon", "coordinates": [[[380.7, 4897.9], [380.7, 4895.9], [376.7, 4895.9], [376.7, 4893.9], [374.7, 4893.9], [374.7, 4891.9], [372.7, 4891.9], [372.7, 4887.9], [370.7, 4887.9], [370.7, 4883.9], [372.7, 4883.9], [372.7, 4879.9], [374.7, 4879.9], [374.7, 4877.9], [384.7, 4877.9], [384.7, 4879.9], [390.7, 4879.9], [390.7, 4881.9], [392.7, 4881.9], [392.7, 4887.9], [390.7, 4887.9], [390.7, 4891.9], [388.7, 4891.9], [388.7, 4893.9], [386.7, 4893.9], [386.7, 4895.9], [382.7, 4895.9], [382.7, 4897.9], [380.7, 4897.9]]]}, "properties": {"cell_id": 681}}, {"type": "Feature", "geometry": {"type": "Polygon", "coordinates": [[[1656.8, 5061.1], [1656.8, 5057.1], [1654.8, 5057.1], [1654.8, 5047.2], [1656.8, 5047.2], [1656.8, 5045.2], [1658.7, 5045.2], [1658.7, 5043.2], [1662.7, 5043.2], [1662.7, 5045.2], [1666.7, 5045.2], [1666.7, 5047.2], [1668.7, 5047.2], [1668.7, 5049.2], [1670.7, 5049.2], [1670.7, 5055.1], [1668.7, 5055.1], [1668.7, 5059.1], [1660.7, 5059.1], [1660.7, 5061.1], [1656.8, 5061.1]]]}, "properties": {"cell_id": 682}}, {"type": "Feature", "geometry": {"type": "Polygon", "coordinates": [[[2502.1, 5025.1], [2502.1, 5023.1], [2498.1, 5023.1], [2498.1, 5021.1], [2494.1, 5021.1], [2494.1, 5019.1], [2492.1, 5019.1], [2492.1, 5017.1], [2490.2, 5017.1], [2490.2, 5013.1], [2488.2, 5013.1], [2488.2, 5011.1], [2490.2, 5011.1], [2490.2, 5009.2], [2492.1, 5009.2], [2492.1, 5007.2], [2496.1, 5007.2], [2496.1, 5005.2], [2498.1, 5005.2], [2498.1, 5003.2], [2502.1, 5003.2], [2502.1, 5001.2], [2506.1, 5001.2], [2506.1, 5003.2], [2510.1, 5003.2], [2510.1, 5005.2], [2512.1, 5005.2], [2512.1, 5009.2], [2514.1, 5009.2], [2514.1, 5015.1], [2512.1, 5015.1], [2512.1, 5019.1], [2510.1, 5019.1], [2510.1, 5021.1], [2508.1, 5021.1], [2508.1, 5023.1], [2504.1, 5023.1], [2504.1, 5025.1], [2502.1, 5025.1]]]}, "properties": {"cell_id": 683}}, {"type": "Feature", "geometry": {"type": "Polygon", "coordinates": [[[2460.3, 5086.9], [2460.3, 5084.9], [2458.3, 5084.9], [2458.3, 5082.9], [2456.3, 5082.9], [2456.3, 5078.9], [2454.3, 5078.9], [2454.3, 5076.9], [2456.3, 5076.9], [2456.3, 5073.0], [2458.3, 5073.0], [2458.3, 5071.0], [2460.3, 5071.0], [2460.3, 5069.0], [2462.2, 5069.0], [2462.2, 5067.0], [2466.2, 5067.0], [2466.2, 5065.0], [2474.2, 5065.0], [2474.2, 5067.0], [2478.2, 5067.0], [2478.2, 5069.0], [2480.2, 5069.0], [2480.2, 5073.0], [2482.2, 5073.0], [2482.2, 5078.9], [2480.2, 5078.9], [2480.2, 5080.9], [2478.2, 5080.9], [2478.2, 5082.9], [2470.2, 5082.9], [2470.2, 5084.9], [2466.2, 5084.9], [2466.2, 5086.9], [2460.3, 5086.9]]]}, "properties": {"cell_id": 684}}, {"type": "Feature", "geometry": {"type": "Polygon", "coordinates": [[[2366.5, 4965.3], [2366.5, 4963.3], [2362.5, 4963.3], [2362.5, 4961.3], [2360.5, 4961.3], [2360.5, 4957.3], [2358.6, 4957.3], [2358.6, 4951.4], [2360.5, 4951.4], [2360.5, 4947.4], [2362.5, 4947.4], [2362.5, 4945.4], [2364.5, 4945.4], [2364.5, 4943.4], [2368.5, 4943.4], [2368.5, 4941.4], [2370.5, 4941.4], [2370.5, 4943.4], [2374.5, 4943.4], [2374.5, 4945.4], [2376.5, 4945.4], [2376.5, 4947.4], [2378.5, 4947.4], [2378.5, 4953.3], [2376.5, 4953.4], [2376.5, 4961.3], [2374.5, 4961.3], [2374.5, 4963.3], [2372.5, 4963.3], [2372.5, 4965.3], [2366.5, 4965.3]]]}, "properties": {"cell_id": 685}}, {"type": "Feature", "geometry": {"type": "Polygon", "coordinates": [[[1975.7, 4967.4], [1975.7, 4965.4], [1971.8, 4965.4], [1971.8, 4963.4], [1969.8, 4963.4], [1969.8, 4961.4], [1967.8, 4961.4], [1967.8, 4957.4], [1965.8, 4957.4], [1965.8, 4949.4], [1967.8, 4949.4], [1967.8, 4945.4], [1969.8, 4945.4], [1969.8, 4943.4], [1973.7, 4943.4], [1973.7, 4941.5], [1983.7, 4941.5], [1983.7, 4939.5], [1985.7, 4939.5], [1985.7, 4941.5], [1987.7, 4941.5], [1987.7, 4943.4], [1989.7, 4943.4], [1989.7, 4949.4], [1991.7, 4949.4], [1991.7, 4953.4], [1993.7, 4953.4], [1993.7, 4955.4], [1995.7, 4955.4], [1995.7, 4957.4], [1993.7, 4957.4], [1993.7, 4961.4], [1991.7, 4961.4], [1991.7, 4963.4], [1989.7, 4963.4], [1989.7, 4965.4], [1985.7, 4965.4], [1985.7, 4967.4], [1975.7, 4967.4]]]}, "properties": {"cell_id": 686}}, {"type": "Feature", "geometry": {"type": "Polygon", "coordinates": [[[695.7, 4850.0], [695.7, 4848.0], [691.7, 4848.0], [691.7, 4846.0], [689.7, 4846.0], [689.7, 4840.0], [691.7, 4840.0], [691.7, 4838.0], [693.7, 4838.0], [693.7, 4834.0], [695.7, 4834.0], [695.7, 4830.0], [697.7, 4830.0], [697.7, 4828.0], [699.7, 4828.0], [699.7, 4830.0], [703.7, 4830.0], [703.7, 4832.0], [705.7, 4832.0], [705.7, 4840.0], [707.7, 4840.0], [707.7, 4844.0], [705.7, 4844.0], [705.7, 4846.0], [703.7, 4846.0], [703.7, 4848.0], [699.7, 4848.0], [699.7, 4850.0], [695.7, 4850.0]]]}, "properties": {"cell_id": 687}}, {"type": "Feature", "geometry": {"type": "Polygon", "coordinates": [[[2151.1, 4584.5], [2151.1, 4582.6], [2147.1, 4582.6], [2147.1, 4580.6], [2145.2, 4580.6], [2145.2, 4578.6], [2143.2, 4578.6], [2143.2, 4574.6], [2141.2, 4574.6], [2141.2, 4570.6], [2143.2, 4570.6], [2143.2, 4566.6], [2145.1, 4566.6], [2145.1, 4562.6], [2147.1, 4562.6], [2147.1, 4560.6], [2151.1, 4560.6], [2151.1, 4558.6], [2159.1, 4558.6], [2159.1, 4560.6], [2163.1, 4560.6], [2163.1, 4562.6], [2165.1, 4562.6], [2165.1, 4566.6], [2167.1, 4566.6], [2167.1, 4574.6], [2165.1, 4574.6], [2165.1, 4578.6], [2163.1, 4578.6], [2163.1, 4580.6], [2159.1, 4580.6], [2159.1, 4582.6], [2155.1, 4582.6], [2155.1, 4584.5], [2151.1, 4584.5]]]}, "properties": {"cell_id": 688}}, {"type": "Feature", "geometry": {"type": "Polygon", "coordinates": [[[1509.1, 4660.4], [1509.1, 4658.4], [1503.2, 4658.4], [1503.2, 4644.5], [1507.1, 4644.5], [1507.1, 4642.5], [1511.1, 4642.5], [1511.1, 4644.5], [1515.1, 4644.5], [1515.1, 4646.5], [1517.1, 4646.5], [1517.1, 4648.5], [1519.1, 4648.5], [1519.1, 4652.4], [1521.1, 4652.4], [1521.1, 4656.4], [1519.1, 4656.4], [1519.1, 4660.4], [1509.1, 4660.4]]]}, "properties": {"cell_id": 689}}, {"type": "Feature", "geometry": {"type": "Polygon", "coordinates": [[[2109.3, 4993.3], [2109.3, 4989.3], [2107.3, 4989.3], [2107.3, 4985.3], [2105.3, 4985.3], [2105.3, 4981.3], [2107.3, 4981.3], [2107.3, 4979.3], [2109.3, 4979.3], [2109.3, 4977.3], [2113.3, 4977.3], [2113.3, 4975.3], [2117.3, 4975.3], [2117.3, 4977.3], [2121.3, 4977.3], [2121.3, 4979.3], [2123.3, 4979.3], [2123.3, 4981.3], [2125.3, 4981.3], [2125.3, 4985.3], [2123.3, 4985.3], [2123.3, 4987.3], [2121.3, 4987.3], [2121.3, 4989.3], [2119.3, 4989.3], [2119.3, 4991.3], [2117.3, 4991.3], [2117.3, 4993.3], [2109.3, 4993.3]]]}, "properties": {"cell_id": 690}}, {"type": "Feature", "geometry": {"type": "Polygon", "coordinates": [[[865.2, 4798.1], [865.2, 4796.1], [861.2, 4796.1], [861.2, 4794.1], [859.2, 4794.1], [859.2, 4792.1], [857.2, 4792.1], [857.2, 4788.1], [855.2, 4788.1], [855.2, 4780.1], [857.2, 4780.1], [857.2, 4776.2], [859.2, 4776.2], [859.2, 4774.2], [863.2, 4774.2], [863.2, 4772.2], [869.2, 4772.2], [869.2, 4774.2], [873.1, 4774.2], [873.1, 4776.2], [875.1, 4776.2], [875.1, 4778.2], [873.1, 4778.2], [873.1, 4782.1], [871.2, 4782.1], [871.2, 4792.1], [869.2, 4792.1], [869.2, 4798.1], [865.2, 4798.1]]]}, "properties": {"cell_id": 691}}, {"type": "Feature", "geometry": {"type": "Polygon", "coordinates": [[[1975.7, 4993.3], [1975.7, 4991.3], [1973.8, 4991.3], [1973.8, 4989.3], [1971.8, 4989.3], [1971.8, 4985.3], [1969.8, 4985.3], [1969.8, 4977.3], [1971.8, 4977.3], [1971.8, 4973.4], [1973.8, 4973.4], [1973.8, 4971.4], [1975.7, 4971.4], [1975.7, 4969.4], [1979.7, 4969.4], [1979.7, 4967.4], [1987.7, 4967.4], [1987.7, 4969.4], [1991.7, 4969.4], [1991.7, 4971.4], [1993.7, 4971.4], [1993.7, 4973.4], [1995.7, 4973.4], [1995.7, 4977.3], [1997.7, 4977.3], [1997.7, 4981.3], [1995.7, 4981.3], [1995.7, 4985.3], [1993.7, 4985.3], [1993.7, 4989.3], [1987.7, 4989.3], [1987.7, 4991.3], [1979.7, 4991.3], [1979.7, 4993.3], [1975.7, 4993.3]]]}, "properties": {"cell_id": 692}}, {"type": "Feature", "geometry": {"type": "Polygon", "coordinates": [[[1864.0, 4572.6], [1864.0, 4568.6], [1862.0, 4568.6], [1862.0, 4558.7], [1864.0, 4558.7], [1864.0, 4554.7], [1866.0, 4554.7], [1866.0, 4552.7], [1868.0, 4552.7], [1868.0, 4550.7], [1870.0, 4550.7], [1870.0, 4548.7], [1872.0, 4548.7], [1872.0, 4550.7], [1876.0, 4550.7], [1876.0, 4552.7], [1886.0, 4552.7], [1886.0, 4554.7], [1891.9, 4554.7], [1891.9, 4556.7], [1895.9, 4556.7], [1895.9, 4566.6], [1893.9, 4566.6], [1893.9, 4570.6], [1891.9, 4570.6], [1891.9, 4572.6], [1864.0, 4572.6]]]}, "properties": {"cell_id": 693}}, {"type": "Feature", "geometry": {"type": "Polygon", "coordinates": [[[611.9, 4600.8], [611.9, 4598.8], [609.9, 4598.8], [609.9, 4596.8], [607.9, 4596.8], [607.9, 4594.8], [604.0, 4594.8], [604.0, 4592.8], [602.0, 4592.8], [602.0, 4590.8], [604.0, 4590.8], [603.9, 4588.8], [605.9, 4588.8], [605.9, 4586.8], [607.9, 4586.8], [607.9, 4582.8], [609.9, 4582.8], [609.9, 4578.8], [615.9, 4578.8], [615.9, 4580.8], [619.9, 4580.8], [619.9, 4582.8], [621.9, 4582.8], [621.9, 4586.8], [623.9, 4586.8], [623.9, 4592.8], [621.9, 4592.8], [621.9, 4596.8], [619.9, 4596.8], [619.9, 4598.8], [617.9, 4598.8], [617.9, 4600.8], [611.9, 4600.8]]]}, "properties": {"cell_id": 694}}, {"type": "Feature", "geometry": {"type": "Polygon", "coordinates": [[[863.2, 4644.6], [863.2, 4642.6], [861.2, 4642.6], [861.2, 4640.6], [859.2, 4640.6], [859.2, 4638.6], [855.2, 4638.6], [855.2, 4634.6], [853.2, 4634.6], [853.2, 4632.6], [855.2, 4632.6], [855.2, 4628.6], [857.2, 4628.6], [857.2, 4626.6], [859.2, 4626.6], [859.2, 4624.6], [863.1, 4624.6], [863.1, 4622.6], [867.1, 4622.6], [867.1, 4624.6], [871.1, 4624.6], [871.1, 4626.6], [873.1, 4626.6], [873.1, 4628.6], [875.1, 4628.6], [875.1, 4632.6], [877.1, 4632.6], [877.1, 4638.6], [875.1, 4638.6], [875.1, 4642.6], [865.1, 4642.6], [865.1, 4644.6], [863.2, 4644.6]]]}, "properties": {"cell_id": 695}}, {"type": "Feature", "geometry": {"type": "Polygon", "coordinates": [[[2011.6, 4544.7], [2011.6, 4542.7], [2009.6, 4542.7], [2009.6, 4540.7], [2007.6, 4540.7], [2007.6, 4536.7], [2009.6, 4536.7], [2009.6, 4532.7], [2011.6, 4532.7], [2011.6, 4522.8], [2023.5, 4522.8], [2023.5, 4524.8], [2025.5, 4524.8], [2025.5, 4526.8], [2027.5, 4526.8], [2027.5, 4530.7], [2029.5, 4530.7], [2029.5, 4534.7], [2027.5, 4534.7], [2027.5, 4538.7], [2025.5, 4538.7], [2025.5, 4540.7], [2023.5, 4540.7], [2023.5, 4542.7], [2019.5, 4542.7], [2019.5, 4544.7], [2011.6, 4544.7]]]}, "properties": {"cell_id": 696}}, {"type": "Feature", "geometry": {"type": "Polygon", "coordinates": [[[2021.5, 4496.8], [2021.5, 4494.9], [2017.5, 4494.9], [2017.5, 4492.9], [2011.6, 4492.9], [2011.5, 4480.9], [2013.5, 4480.9], [2013.5, 4474.9], [2017.5, 4474.9], [2017.5, 4472.9], [2025.5, 4472.9], [2025.5, 4474.9], [2029.5, 4474.9], [2029.5, 4476.9], [2031.5, 4476.9], [2031.5, 4480.9], [2033.5, 4480.9], [2033.5, 4490.9], [2031.5, 4490.9], [2031.5, 4494.9], [2029.5, 4494.9], [2029.5, 4496.8], [2021.5, 4496.8]]]}, "properties": {"cell_id": 697}}, {"type": "Feature", "geometry": {"type": "Polygon", "coordinates": [[[849.2, 4859.9], [849.2, 4857.9], [845.2, 4857.9], [845.2, 4855.9], [843.3, 4855.9], [843.3, 4851.9], [841.3, 4851.9], [841.3, 4844.0], [843.3, 4844.0], [843.2, 4840.0], [845.2, 4840.0], [845.2, 4838.0], [847.2, 4838.0], [847.2, 4836.0], [851.2, 4836.0], [851.2, 4834.0], [855.2, 4834.0], [855.2, 4836.0], [859.2, 4836.0], [859.2, 4838.0], [861.2, 4838.0], [861.2, 4842.0], [863.2, 4842.0], [863.2, 4849.9], [861.2, 4849.9], [861.2, 4853.9], [859.2, 4853.9], [859.2, 4855.9], [857.2, 4855.9], [857.2, 4857.9], [853.2, 4857.9], [853.2, 4859.9], [849.2, 4859.9]]]}, "properties": {"cell_id": 698}}, {"type": "Feature", "geometry": {"type": "Polygon", "coordinates": [[[982.8, 4682.4], [982.8, 4680.4], [978.8, 4680.4], [978.8, 4678.4], [976.8, 4678.4], [976.8, 4676.5], [974.8, 4676.5], [974.8, 4674.5], [972.8, 4674.5], [972.8, 4670.5], [970.8, 4670.5], [970.8, 4668.5], [972.8, 4668.5], [972.8, 4664.5], [974.8, 4664.5], [974.8, 4662.5], [976.8, 4662.5], [976.8, 4660.5], [978.8, 4660.5], [978.8, 4658.5], [982.8, 4658.5], [982.8, 4656.5], [988.8, 4656.5], [988.8, 4658.5], [992.8, 4658.5], [992.8, 4660.5], [994.7, 4660.5], [994.7, 4662.5], [996.7, 4662.5], [996.7, 4666.5], [998.7, 4666.5], [998.7, 4670.5], [996.7, 4670.5], [996.7, 4674.5], [994.7, 4674.5], [994.7, 4676.5], [992.8, 4676.5], [992.8, 4678.4], [988.8, 4678.4], [988.8, 4680.4], [984.8, 4680.4], [984.8, 4682.4], [982.8, 4682.4]]]}, "properties": {"cell_id": 699}}, {"type": "Feature", "geometry": {"type": "Polygon", "coordinates": [[[667.8, 4768.2], [667.8, 4766.2], [663.8, 4766.2], [663.8, 4764.2], [661.8, 4764.2], [661.8, 4762.2], [659.8, 4762.2], [659.8, 4758.3], [657.8, 4758.3], [657.8, 4754.3], [659.8, 4754.3], [659.8, 4750.3], [661.8, 4750.3], [661.8, 4748.3], [665.8, 4748.3], [665.8, 4746.3], [673.8, 4746.3], [673.8, 4748.3], [677.7, 4748.3], [677.7, 4752.3], [679.7, 4752.3], [679.7, 4758.2], [681.7, 4758.2], [681.7, 4760.2], [679.7, 4760.2], [679.7, 4764.2], [677.8, 4764.2], [677.8, 4766.2], [673.8, 4766.2], [673.8, 4768.2], [667.8, 4768.2]]]}, "properties": {"cell_id": 700}}, {"type": "Feature", "geometry": {"type": "Polygon", "coordinates": [[[1756.4, 5069.1], [1756.4, 5055.1], [1768.4, 5055.1], [1768.4, 5057.1], [1770.4, 5057.1], [1770.4, 5065.1], [1768.4, 5065.1], [1768.4, 5069.1], [1756.4, 5069.1]]]}, "properties": {"cell_id": 701}}, {"type": "Feature", "geometry": {"type": "Polygon", "coordinates": [[[1800.3, 4829.8], [1800.3, 4827.8], [1796.3, 4827.8], [1796.3, 4825.8], [1794.3, 4825.8], [1794.3, 4821.9], [1792.3, 4821.9], [1792.3, 4819.9], [1794.3, 4819.9], [1794.3, 4809.9], [1796.3, 4809.9], [1796.3, 4807.9], [1798.3, 4807.9], [1798.3, 4805.9], [1802.3, 4805.9], [1802.3, 4803.9], [1804.3, 4803.9], [1804.3, 4805.9], [1812.2, 4805.9], [1812.2, 4807.9], [1816.2, 4807.9], [1816.2, 4809.9], [1818.2, 4809.9], [1818.2, 4813.9], [1820.2, 4813.9], [1820.2, 4819.9], [1818.2, 4819.9], [1818.2, 4823.9], [1816.2, 4823.9], [1816.2, 4825.8], [1812.2, 4825.8], [1812.2, 4827.8], [1808.2, 4827.8], [1808.2, 4829.8], [1800.3, 4829.8]]]}, "properties": {"cell_id": 702}}, {"type": "Feature", "geometry": {"type": "Polygon", "coordinates": [[[2332.6, 5007.2], [2332.6, 5005.2], [2330.6, 5005.2], [2330.6, 5003.2], [2328.7, 5003.2], [2328.7, 4999.2], [2326.7, 4999.2], [2326.7, 4993.2], [2328.7, 4993.2], [2328.7, 4991.2], [2332.6, 4991.2], [2332.6, 4989.2], [2338.6, 4989.2], [2338.6, 4991.2], [2340.6, 4991.2], [2340.6, 4993.2], [2342.6, 4993.2], [2342.6, 4999.2], [2344.6, 4999.2], [2344.6, 5003.2], [2342.6, 5003.2], [2342.6, 5005.2], [2340.6, 5005.2], [2340.6, 5007.2], [2332.6, 5007.2]]]}, "properties": {"cell_id": 703}}, {"type": "Feature", "geometry": {"type": "Polygon", "coordinates": [[[687.7, 4810.1], [687.7, 4808.1], [683.7, 4808.1], [683.7, 4804.1], [681.7, 4804.1], [681.7, 4798.1], [679.8, 4798.1], [679.8, 4794.1], [681.7, 4794.1], [681.7, 4792.1], [685.7, 4792.1], [685.7, 4790.1], [687.7, 4790.1], [687.7, 4788.2], [693.7, 4788.2], [693.7, 4790.1], [695.7, 4790.1], [695.7, 4792.1], [697.7, 4792.1], [697.7, 4796.1], [699.7, 4796.1], [699.7, 4802.1], [697.7, 4802.1], [697.7, 4806.1], [695.7, 4806.1], [695.7, 4808.1], [691.7, 4808.1], [691.7, 4810.1], [687.7, 4810.1]]]}, "properties": {"cell_id": 704}}, {"type": "Feature", "geometry": {"type": "Polygon", "coordinates": [[[2147.2, 4961.4], [2147.2, 4959.4], [2145.2, 4959.4], [2145.2, 4953.4], [2147.2, 4953.4], [2147.2, 4951.4], [2149.2, 4951.4], [2149.2, 4947.4], [2151.2, 4947.4], [2151.2, 4945.4], [2153.2, 4945.4], [2153.2, 4939.4], [2155.2, 4939.4], [2155.2, 4937.4], [2159.2, 4937.4], [2159.2, 4939.4], [2163.2, 4939.4], [2163.2, 4941.4], [2165.2, 4941.4], [2165.2, 4945.4], [2163.2, 4945.4], [2163.2, 4949.4], [2161.2, 4949.4], [2161.2, 4953.4], [2159.2, 4953.4], [2159.2, 4955.4], [2157.2, 4955.4], [2157.2, 4957.4], [2153.2, 4957.4], [2153.2, 4961.4], [2147.2, 4961.4]]]}, "properties": {"cell_id": 705}}, {"type": "Feature", "geometry": {"type": "Polygon", "coordinates": [[[2294.7, 4502.8], [2294.7, 4500.8], [2290.7, 4500.8], [2290.7, 4498.8], [2288.7, 4498.8], [2288.7, 4494.8], [2286.7, 4494.8], [2286.7, 4488.8], [2288.7, 4488.8], [2288.7, 4484.8], [2290.7, 4484.8], [2290.7, 4482.8], [2294.7, 4482.8], [2294.7, 4480.9], [2302.6, 4480.8], [2302.6, 4482.8], [2306.6, 4482.8], [2306.6, 4484.8], [2308.6, 4484.8], [2308.6, 4488.8], [2310.6, 4488.8], [2310.6, 4492.8], [2308.6, 4492.8], [2308.6, 4496.8], [2306.6, 4496.8], [2306.6, 4498.8], [2304.6, 4498.8], [2304.6, 4500.8], [2300.7, 4500.8], [2300.7, 4502.8], [2294.7, 4502.8]]]}, "properties": {"cell_id": 706}}, {"type": "Feature", "geometry": {"type": "Polygon", "coordinates": [[[2458.3, 5146.7], [2458.3, 5144.7], [2452.3, 5144.7], [2452.3, 5142.7], [2448.3, 5142.7], [2448.3, 5140.7], [2446.3, 5140.7], [2446.3, 5136.8], [2444.3, 5136.8], [2444.3, 5134.8], [2446.3, 5134.8], [2446.3, 5130.8], [2448.3, 5130.8], [2448.3, 5128.8], [2450.3, 5128.8], [2450.3, 5126.8], [2454.3, 5126.8], [2454.3, 5124.8], [2462.3, 5124.8], [2462.3, 5126.8], [2466.2, 5126.8], [2466.2, 5128.8], [2468.2, 5128.8], [2468.2, 5132.8], [2470.2, 5132.8], [2470.2, 5138.8], [2468.2, 5138.8], [2468.2, 5142.7], [2466.2, 5142.7], [2466.2, 5144.7], [2464.3, 5144.7], [2464.3, 5146.7], [2458.3, 5146.7]]]}, "properties": {"cell_id": 707}}, {"type": "Feature", "geometry": {"type": "Polygon", "coordinates": [[[695.7, 4830.0], [695.7, 4828.0], [693.7, 4828.0], [693.7, 4826.0], [691.7, 4826.0], [691.7, 4824.0], [689.7, 4824.0], [689.7, 4822.0], [687.7, 4822.0], [687.7, 4816.1], [689.7, 4816.1], [689.7, 4814.1], [691.7, 4814.1], [691.7, 4812.1], [695.7, 4812.1], [695.7, 4810.1], [697.7, 4810.1], [697.7, 4812.1], [701.7, 4812.1], [701.7, 4814.1], [705.7, 4814.1], [705.7, 4816.1], [707.7, 4816.1], [707.7, 4820.0], [709.7, 4820.0], [709.7, 4822.0], [707.7, 4822.0], [707.7, 4824.0], [705.7, 4824.0], [705.7, 4828.0], [703.7, 4828.0], [703.7, 4830.0], [699.7, 4830.0], [699.7, 4828.0], [697.7, 4828.0], [697.7, 4830.0], [695.7, 4830.0]]]}, "properties": {"cell_id": 708}}, {"type": "Feature", "geometry": {"type": "Polygon", "coordinates": [[[641.9, 4736.3], [641.9, 4734.3], [637.9, 4734.3], [637.9, 4732.3], [635.9, 4732.3], [635.9, 4730.3], [633.9, 4730.3], [633.9, 4728.3], [631.9, 4728.3], [631.9, 4724.4], [629.9, 4724.4], [629.9, 4718.4], [631.9, 4718.4], [631.9, 4714.4], [633.9, 4714.4], [633.9, 4712.4], [637.9, 4712.4], [637.9, 4710.4], [643.8, 4710.4], [643.8, 4712.4], [647.8, 4712.4], [647.8, 4714.4], [649.8, 4714.4], [649.8, 4716.4], [651.8, 4716.4], [651.8, 4718.4], [653.8, 4718.4], [653.8, 4722.4], [655.8, 4722.4], [655.8, 4728.3], [653.8, 4728.3], [653.8, 4730.3], [651.8, 4730.3], [651.8, 4732.3], [647.8, 4732.3], [647.8, 4734.3], [645.8, 4734.3], [645.8, 4736.3], [641.9, 4736.3]]]}, "properties": {"cell_id": 709}}, {"type": "Feature", "geometry": {"type": "Polygon", "coordinates": [[[1734.4, 4638.4], [1734.4, 4636.5], [1730.5, 4636.5], [1730.5, 4634.5], [1728.5, 4634.5], [1728.5, 4632.5], [1726.5, 4632.5], [1726.5, 4628.5], [1724.5, 4628.5], [1724.5, 4622.5], [1726.5, 4622.5], [1726.5, 4618.5], [1728.5, 4618.5], [1728.5, 4616.5], [1732.4, 4616.5], [1732.4, 4614.5], [1738.4, 4614.5], [1738.4, 4616.5], [1742.4, 4616.5], [1742.4, 4618.5], [1744.4, 4618.5], [1744.4, 4622.5], [1746.4, 4622.5], [1746.4, 4628.5], [1744.4, 4628.5], [1744.4, 4632.5], [1742.4, 4632.5], [1742.4, 4634.5], [1740.4, 4634.5], [1740.4, 4636.5], [1736.4, 4636.5], [1736.4, 4638.4], [1734.4, 4638.4]]]}, "properties": {"cell_id": 710}}, {"type": "Feature", "geometry": {"type": "Polygon", "coordinates": [[[1680.7, 4949.5], [1680.7, 4947.5], [1676.7, 4947.5], [1676.7, 4945.5], [1674.7, 4945.5], [1674.7, 4941.5], [1672.7, 4941.5], [1672.7, 4935.5], [1674.7, 4935.5], [1674.7, 4931.5], [1676.7, 4931.5], [1676.7, 4929.5], [1680.7, 4929.5], [1680.7, 4927.5], [1686.6, 4927.5], [1686.6, 4929.5], [1690.6, 4929.5], [1690.6, 4931.5], [1692.6, 4931.5], [1692.6, 4935.5], [1694.6, 4935.5], [1694.6, 4941.5], [1692.6, 4941.5], [1692.6, 4945.5], [1690.6, 4945.5], [1690.6, 4947.5], [1686.6, 4947.5], [1686.6, 4949.5], [1680.7, 4949.5]]]}, "properties": {"cell_id": 711}}, {"type": "Feature", "geometry": {"type": "Polygon", "coordinates": [[[2159.2, 4969.3], [2159.2, 4967.3], [2155.2, 4967.3], [2155.2, 4965.3], [2153.2, 4965.3], [2153.2, 4963.4], [2151.2, 4963.4], [2151.2, 4961.4], [2153.2, 4961.4], [2153.2, 4957.4], [2157.2, 4957.4], [2157.2, 4955.4], [2159.2, 4955.4], [2159.2, 4953.4], [2161.2, 4953.4], [2161.2, 4949.4], [2163.2, 4949.4], [2163.2, 4945.4], [2165.2, 4945.4], [2165.2, 4943.4], [2171.1, 4943.4], [2171.1, 4945.4], [2175.1, 4945.4], [2175.1, 4947.4], [2177.1, 4947.4], [2177.1, 4953.4], [2179.1, 4953.4], [2179.1, 4957.4], [2177.1, 4957.4], [2177.1, 4961.4], [2175.1, 4961.4], [2175.1, 4963.4], [2173.1, 4963.4], [2173.1, 4965.3], [2171.1, 4965.3], [2171.1, 4967.3], [2167.1, 4967.3], [2167.1, 4969.3], [2159.2, 4969.3]]]}, "properties": {"cell_id": 712}}, {"type": "Feature", "geometry": {"type": "Polygon", "coordinates": [[[1868.0, 4638.4], [1868.0, 4636.4], [1864.0, 4636.4], [1864.0, 4634.4], [1862.0, 4634.4], [1862.0, 4632.4], [1860.0, 4632.4], [1860.0, 4630.5], [1858.1, 4630.5], [1858.1, 4626.5], [1856.1, 4626.5], [1856.1, 4618.5], [1858.1, 4618.5], [1858.1, 4614.5], [1860.0, 4614.5], [1860.0, 4612.5], [1862.0, 4612.5], [1862.0, 4610.5], [1864.0, 4610.5], [1864.0, 4608.5], [1868.0, 4608.5], [1868.0, 4606.5], [1874.0, 4606.5], [1874.0, 4604.5], [1882.0, 4604.5], [1882.0, 4606.5], [1886.0, 4606.5], [1886.0, 4608.5], [1888.0, 4608.5], [1888.0, 4610.5], [1890.0, 4610.5], [1890.0, 4612.5], [1891.9, 4612.5], [1891.9, 4616.5], [1893.9, 4616.5], [1893.9, 4624.5], [1891.9, 4624.5], [1891.9, 4628.5], [1890.0, 4628.5], [1890.0, 4632.4], [1888.0, 4632.4], [1888.0, 4634.4], [1886.0, 4634.4], [1886.0, 4636.4], [1882.0, 4636.4], [1882.0, 4638.4], [1868.0, 4638.4]]]}, "properties": {"cell_id": 713}}, {"type": "Feature", "geometry": {"type": "Polygon", "coordinates": [[[2308.7, 5003.2], [2308.7, 5001.2], [2306.7, 5001.2], [2306.7, 4999.2], [2302.7, 4999.2], [2302.7, 4993.2], [2306.7, 4993.2], [2306.7, 4991.2], [2312.7, 4991.2], [2312.7, 4993.2], [2316.7, 4993.2], [2316.7, 4995.2], [2320.7, 4995.2], [2320.7, 4997.2], [2322.7, 4997.2], [2322.7, 4999.2], [2320.7, 4999.2], [2320.7, 5001.2], [2316.7, 5001.2], [2316.7, 5003.2], [2308.7, 5003.2]]]}, "properties": {"cell_id": 714}}, {"type": "Feature", "geometry": {"type": "Polygon", "coordinates": [[[1618.9, 4991.4], [1618.9, 4989.4], [1614.9, 4989.4], [1614.9, 4985.4], [1612.9, 4985.4], [1612.9, 4983.4], [1610.9, 4983.4], [1610.9, 4981.4], [1612.9, 4981.4], [1612.9, 4977.4], [1614.9, 4977.4], [1614.9, 4973.4], [1616.9, 4973.4], [1616.9, 4971.4], [1620.9, 4971.4], [1620.9, 4969.4], [1626.8, 4969.4], [1626.8, 4971.4], [1630.8, 4971.4], [1630.8, 4973.4], [1632.8, 4973.4], [1632.8, 4977.4], [1634.8, 4977.4], [1634.8, 4983.4], [1632.8, 4983.4], [1632.8, 4987.4], [1630.8, 4987.4], [1630.8, 4989.4], [1626.8, 4989.4], [1626.8, 4991.4], [1618.9, 4991.4]]]}, "properties": {"cell_id": 715}}, {"type": "Feature", "geometry": {"type": "Polygon", "coordinates": [[[2228.9, 4795.9], [2228.9, 4793.9], [2224.9, 4793.9], [2224.9, 4791.9], [2222.9, 4791.9], [2222.9, 4787.9], [2221.0, 4787.9], [2221.0, 4781.9], [2222.9, 4781.9], [2222.9, 4777.9], [2224.9, 4777.9], [2224.9, 4775.9], [2228.9, 4775.9], [2228.9, 4773.9], [2232.9, 4773.9], [2232.9, 4771.9], [2236.9, 4771.9], [2236.9, 4773.9], [2240.9, 4773.9], [2240.9, 4775.9], [2242.9, 4775.9], [2242.9, 4779.9], [2244.9, 4779.9], [2244.9, 4785.9], [2242.9, 4785.9], [2242.9, 4789.9], [2240.9, 4789.9], [2240.9, 4791.9], [2236.9, 4791.9], [2236.9, 4793.9], [2232.9, 4793.9], [2232.9, 4795.9], [2228.9, 4795.9]]]}, "properties": {"cell_id": 716}}, {"type": "Feature", "geometry": {"type": "Polygon", "coordinates": [[[1541.1, 5029.3], [1541.1, 5027.3], [1539.1, 5027.3], [1539.1, 5023.3], [1537.1, 5023.3], [1537.1, 5019.3], [1539.1, 5019.3], [1539.1, 5015.3], [1541.1, 5015.3], [1541.1, 5013.3], [1557.1, 5013.3], [1557.1, 5011.3], [1559.1, 5011.3], [1559.1, 5013.3], [1561.0, 5013.3], [1561.0, 5021.3], [1559.1, 5021.3], [1559.1, 5023.3], [1557.1, 5023.3], [1557.1, 5025.3], [1553.1, 5025.3], [1553.1, 5027.3], [1549.1, 5027.3], [1549.1, 5029.2], [1541.1, 5029.3]]]}, "properties": {"cell_id": 717}}, {"type": "Feature", "geometry": {"type": "Polygon", "coordinates": [[[966.9, 4806.0], [966.9, 4794.1], [964.9, 4794.1], [964.9, 4792.1], [966.9, 4792.1], [966.9, 4790.1], [970.8, 4790.1], [970.8, 4788.1], [972.8, 4788.1], [972.8, 4786.1], [976.8, 4786.1], [976.8, 4784.1], [980.8, 4784.1], [980.8, 4786.1], [982.8, 4786.1], [982.8, 4790.1], [984.8, 4790.1], [984.8, 4798.1], [980.8, 4798.1], [980.8, 4800.1], [974.8, 4800.1], [974.8, 4802.1], [972.8, 4802.1], [972.8, 4804.1], [970.8, 4804.1], [970.8, 4806.0], [966.9, 4806.0]]]}, "properties": {"cell_id": 718}}, {"type": "Feature", "geometry": {"type": "Polygon", "coordinates": [[[1732.4, 4522.8], [1732.4, 4520.8], [1728.4, 4520.8], [1728.4, 4518.8], [1726.4, 4518.8], [1726.4, 4514.8], [1724.4, 4514.8], [1724.4, 4508.9], [1726.4, 4508.9], [1726.4, 4504.9], [1728.4, 4504.9], [1728.4, 4502.9], [1730.4, 4502.9], [1730.4, 4500.9], [1734.4, 4500.9], [1734.4, 4498.9], [1738.4, 4498.9], [1738.4, 4500.9], [1742.4, 4500.9], [1742.4, 4502.9], [1744.4, 4502.9], [1744.4, 4506.9], [1746.4, 4506.9], [1746.4, 4512.8], [1744.4, 4512.8], [1744.4, 4516.8], [1742.4, 4516.8], [1742.4, 4518.8], [1740.4, 4518.8], [1740.4, 4520.8], [1736.4, 4520.8], [1736.4, 4522.8], [1732.4, 4522.8]]]}, "properties": {"cell_id": 719}}, {"type": "Feature", "geometry": {"type": "Polygon", "coordinates": [[[915.0, 4865.9], [915.0, 4863.9], [911.0, 4863.9], [911.0, 4861.9], [909.0, 4861.9], [909.0, 4859.9], [907.1, 4859.9], [907.1, 4855.9], [905.1, 4855.9], [905.1, 4849.9], [907.1, 4849.9], [907.1, 4847.9], [909.0, 4847.9], [909.0, 4845.9], [911.0, 4845.9], [911.0, 4843.9], [913.0, 4843.9], [913.0, 4841.9], [915.0, 4841.9], [915.0, 4840.0], [919.0, 4840.0], [919.0, 4841.9], [923.0, 4841.9], [923.0, 4849.9], [925.0, 4849.9], [925.0, 4861.9], [923.0, 4861.9], [923.0, 4863.9], [919.0, 4863.9], [919.0, 4865.9], [915.0, 4865.9]]]}, "properties": {"cell_id": 720}}, {"type": "Feature", "geometry": {"type": "Polygon", "coordinates": [[[1469.2, 4540.8], [1469.2, 4536.8], [1467.3, 4536.8], [1467.3, 4532.8], [1465.3, 4532.8], [1465.3, 4530.8], [1463.3, 4530.8], [1463.3, 4526.8], [1461.3, 4526.8], [1461.3, 4524.9], [1463.3, 4524.9], [1463.3, 4522.9], [1465.3, 4522.9], [1465.3, 4520.9], [1467.3, 4520.9], [1467.3, 4518.9], [1469.2, 4518.9], [1469.2, 4516.9], [1473.2, 4516.9], [1473.2, 4518.9], [1477.2, 4518.9], [1477.2, 4520.9], [1479.2, 4520.9], [1479.2, 4524.8], [1481.2, 4524.8], [1481.2, 4530.8], [1479.2, 4530.8], [1479.2, 4534.8], [1477.2, 4534.8], [1477.2, 4536.8], [1475.2, 4536.8], [1475.2, 4538.8], [1471.2, 4538.8], [1471.2, 4540.8], [1469.2, 4540.8]]]}, "properties": {"cell_id": 721}}, {"type": "Feature", "geometry": {"type": "Polygon", "coordinates": [[[1471.3, 4640.5], [1471.3, 4638.5], [1467.3, 4638.5], [1467.3, 4636.5], [1465.3, 4636.5], [1465.3, 4634.5], [1463.3, 4634.5], [1463.3, 4630.5], [1461.3, 4630.5], [1461.3, 4624.5], [1463.3, 4624.5], [1463.3, 4618.6], [1467.3, 4618.6], [1467.3, 4616.6], [1477.2, 4616.6], [1477.2, 4614.6], [1483.2, 4614.6], [1483.2, 4620.5], [1485.2, 4620.5], [1485.2, 4636.5], [1481.2, 4636.5], [1481.2, 4638.5], [1477.2, 4638.5], [1477.2, 4640.5], [1471.3, 4640.5]]]}, "properties": {"cell_id": 722}}, {"type": "Feature", "geometry": {"type": "Polygon", "coordinates": [[[2220.9, 4498.8], [2220.9, 4496.8], [2216.9, 4496.8], [2216.9, 4494.8], [2214.9, 4494.8], [2214.9, 4492.8], [2212.9, 4492.8], [2212.9, 4488.8], [2210.9, 4488.8], [2210.9, 4484.9], [2212.9, 4484.9], [2212.9, 4480.9], [2214.9, 4480.9], [2214.9, 4478.9], [2216.9, 4478.9], [2216.9, 4476.9], [2220.9, 4476.9], [2220.9, 4474.9], [2226.9, 4474.9], [2226.9, 4476.9], [2230.9, 4476.9], [2230.9, 4478.9], [2232.9, 4478.9], [2232.9, 4482.9], [2234.9, 4482.9], [2234.9, 4488.8], [2232.9, 4488.8], [2232.9, 4492.8], [2230.9, 4492.8], [2230.9, 4494.8], [2228.9, 4494.8], [2228.9, 4496.8], [2224.9, 4496.8], [2224.9, 4498.8], [2220.9, 4498.8]]]}, "properties": {"cell_id": 723}}, {"type": "Feature", "geometry": {"type": "Polygon", "coordinates": [[[1072.6, 4997.4], [1072.6, 4995.4], [1068.6, 4995.4], [1068.6, 4993.4], [1066.6, 4993.4], [1066.6, 4991.4], [1064.6, 4991.4], [1064.6, 4987.5], [1062.6, 4987.5], [1062.6, 4981.5], [1064.6, 4981.5], [1064.6, 4977.5], [1066.6, 4977.5], [1066.6, 4975.5], [1070.6, 4975.5], [1070.6, 4973.5], [1076.5, 4973.5], [1076.5, 4975.5], [1080.5, 4975.5], [1080.5, 4977.5], [1082.5, 4977.5], [1082.5, 4979.5], [1084.5, 4979.5], [1084.5, 4983.5], [1086.5, 4983.5], [1086.5, 4987.5], [1084.5, 4987.5], [1084.5, 4991.4], [1082.5, 4991.4], [1082.5, 4993.4], [1078.5, 4993.4], [1078.5, 4995.4], [1074.6, 4995.4], [1074.6, 4997.4], [1072.6, 4997.4]]]}, "properties": {"cell_id": 724}}, {"type": "Feature", "geometry": {"type": "Polygon", "coordinates": [[[968.9, 4855.9], [968.9, 4853.9], [964.9, 4853.9], [964.9, 4851.9], [962.9, 4851.9], [962.9, 4847.9], [960.9, 4847.9], [960.9, 4839.9], [962.9, 4839.9], [962.9, 4836.0], [964.9, 4836.0], [964.9, 4834.0], [968.9, 4834.0], [968.9, 4832.0], [974.8, 4832.0], [974.8, 4834.0], [978.8, 4834.0], [978.8, 4836.0], [980.8, 4836.0], [980.8, 4837.9], [982.8, 4837.9], [982.8, 4841.9], [984.8, 4841.9], [984.8, 4845.9], [982.8, 4845.9], [982.8, 4849.9], [980.8, 4849.9], [980.8, 4851.9], [976.8, 4851.9], [976.8, 4853.9], [974.8, 4853.9], [974.8, 4855.9], [968.9, 4855.9]]]}, "properties": {"cell_id": 725}}, {"type": "Feature", "geometry": {"type": "Polygon", "coordinates": [[[1734.5, 5001.3], [1734.5, 4999.3], [1730.5, 4999.3], [1730.5, 4997.3], [1728.5, 4997.3], [1728.5, 4993.3], [1726.5, 4993.3], [1726.5, 4987.4], [1728.5, 4987.4], [1728.5, 4983.4], [1730.5, 4983.4], [1730.5, 4981.4], [1734.5, 4981.4], [1734.5, 4979.4], [1740.5, 4979.4], [1740.5, 4981.4], [1744.5, 4981.4], [1744.5, 4983.4], [1746.5, 4983.4], [1746.5, 4985.4], [1748.5, 4985.4], [1748.5, 4989.3], [1750.5, 4989.3], [1750.5, 4993.3], [1748.5, 4993.3], [1748.5, 4997.3], [1746.5, 4997.3], [1746.5, 4999.3], [1742.5, 4999.3], [1742.5, 5001.3], [1734.5, 5001.3]]]}, "properties": {"cell_id": 726}}, {"type": "Feature", "geometry": {"type": "Polygon", "coordinates": [[[2005.6, 4734.1], [2005.6, 4732.1], [2001.6, 4732.1], [2001.6, 4726.1], [2003.6, 4726.1], [2003.6, 4722.1], [2005.6, 4722.1], [2005.6, 4716.2], [2007.6, 4716.2], [2007.6, 4714.2], [2013.6, 4714.2], [2013.6, 4716.2], [2017.6, 4716.2], [2017.6, 4718.2], [2019.6, 4718.2], [2019.6, 4722.1], [2021.6, 4722.1], [2021.6, 4726.1], [2019.6, 4726.1], [2019.6, 4730.1], [2017.6, 4730.1], [2017.6, 4732.1], [2013.6, 4732.1], [2013.6, 4734.1], [2005.6, 4734.1]]]}, "properties": {"cell_id": 727}}, {"type": "Feature", "geometry": {"type": "Polygon", "coordinates": [[[2394.4, 4923.4], [2394.4, 4921.4], [2392.4, 4921.4], [2392.4, 4919.5], [2390.4, 4919.5], [2390.4, 4913.5], [2388.5, 4913.5], [2388.5, 4907.5], [2390.4, 4907.5], [2390.4, 4905.5], [2392.4, 4905.5], [2392.4, 4903.5], [2396.4, 4903.5], [2396.4, 4901.5], [2402.4, 4901.5], [2402.4, 4903.5], [2406.4, 4903.5], [2406.4, 4905.5], [2408.4, 4905.5], [2408.4, 4909.5], [2410.4, 4909.5], [2410.4, 4915.5], [2408.4, 4915.5], [2408.4, 4919.5], [2406.4, 4919.5], [2406.4, 4921.4], [2402.4, 4921.4], [2402.4, 4923.4], [2394.4, 4923.4]]]}, "properties": {"cell_id": 728}}, {"type": "Feature", "geometry": {"type": "Polygon", "coordinates": [[[1782.4, 5077.1], [1782.4, 5075.1], [1780.4, 5075.1], [1780.4, 5073.1], [1778.4, 5073.1], [1778.4, 5071.1], [1776.4, 5071.1], [1776.4, 5067.1], [1782.4, 5067.1], [1782.4, 5065.1], [1784.4, 5065.1], [1784.4, 5067.1], [1786.4, 5067.1], [1786.4, 5069.1], [1788.3, 5069.1], [1788.3, 5071.1], [1790.3, 5071.1], [1790.3, 5073.1], [1788.3, 5073.1], [1788.3, 5075.1], [1786.4, 5075.1], [1786.4, 5077.1], [1782.4, 5077.1]]]}, "properties": {"cell_id": 729}}, {"type": "Feature", "geometry": {"type": "Polygon", "coordinates": [[[514.3, 4883.9], [514.3, 4881.9], [510.3, 4881.9], [510.3, 4879.9], [506.3, 4879.9], [506.3, 4871.9], [508.3, 4871.9], [508.3, 4867.9], [510.3, 4867.9], [510.3, 4865.9], [514.3, 4865.9], [514.3, 4863.9], [516.3, 4863.9], [516.3, 4865.9], [518.3, 4865.9], [518.3, 4867.9], [524.2, 4867.9], [524.2, 4869.9], [526.2, 4869.9], [526.2, 4871.9], [528.2, 4871.9], [528.2, 4877.9], [526.2, 4877.9], [526.2, 4881.9], [524.3, 4881.9], [524.3, 4883.9], [514.3, 4883.9]]]}, "properties": {"cell_id": 730}}, {"type": "Feature", "geometry": {"type": "Polygon", "coordinates": [[[1612.8, 4780.0], [1612.8, 4778.0], [1608.9, 4778.0], [1608.9, 4776.0], [1606.9, 4776.0], [1606.9, 4774.0], [1604.9, 4774.0], [1604.9, 4770.1], [1602.9, 4770.1], [1602.9, 4768.1], [1604.9, 4768.1], [1604.9, 4764.1], [1606.9, 4764.1], [1606.9, 4760.1], [1608.9, 4760.1], [1608.9, 4758.1], [1610.8, 4758.1], [1610.8, 4756.1], [1614.8, 4756.1], [1614.8, 4754.1], [1618.8, 4754.1], [1618.8, 4756.1], [1622.8, 4756.1], [1622.8, 4758.1], [1624.8, 4758.1], [1624.8, 4762.1], [1626.8, 4762.1], [1626.8, 4770.1], [1624.8, 4770.1], [1624.8, 4774.0], [1622.8, 4774.0], [1622.8, 4776.0], [1618.8, 4776.0], [1618.8, 4778.0], [1614.8, 4778.0], [1614.8, 4780.0], [1612.8, 4780.0]]]}, "properties": {"cell_id": 731}}, {"type": "Feature", "geometry": {"type": "Polygon", "coordinates": [[[536.2, 4800.1], [536.2, 4798.1], [530.2, 4798.1], [530.2, 4790.2], [536.2, 4790.2], [536.2, 4788.2], [538.2, 4788.2], [538.2, 4790.2], [540.2, 4790.2], [540.2, 4796.2], [542.2, 4796.2], [542.2, 4800.1], [536.2, 4800.1]]]}, "properties": {"cell_id": 732}}, {"type": "Feature", "geometry": {"type": "Polygon", "coordinates": [[[2183.1, 4857.7], [2183.1, 4855.7], [2179.1, 4855.7], [2179.1, 4853.7], [2177.1, 4853.7], [2177.1, 4851.7], [2175.1, 4851.7], [2175.1, 4847.7], [2173.1, 4847.7], [2173.1, 4843.7], [2175.1, 4843.7], [2175.1, 4837.7], [2177.1, 4837.7], [2177.1, 4833.8], [2179.1, 4833.8], [2179.1, 4831.8], [2181.1, 4831.8], [2181.1, 4829.8], [2193.0, 4829.8], [2193.0, 4831.8], [2195.0, 4831.8], [2195.0, 4835.8], [2193.0, 4835.8], [2193.0, 4855.7], [2189.1, 4855.7], [2189.1, 4857.7], [2183.1, 4857.7]]]}, "properties": {"cell_id": 733}}, {"type": "Feature", "geometry": {"type": "Polygon", "coordinates": [[[1838.2, 4901.6], [1838.2, 4899.6], [1834.2, 4899.6], [1834.2, 4897.6], [1832.2, 4897.6], [1832.2, 4895.6], [1830.2, 4895.6], [1830.2, 4891.6], [1828.2, 4891.6], [1828.2, 4887.6], [1830.2, 4887.6], [1830.2, 4883.7], [1832.2, 4883.7], [1832.2, 4881.7], [1834.2, 4881.7], [1834.2, 4879.7], [1838.2, 4879.7], [1838.2, 4877.7], [1844.1, 4877.7], [1844.1, 4879.7], [1848.1, 4879.7], [1848.1, 4881.7], [1850.1, 4881.7], [1850.1, 4885.7], [1852.1, 4885.7], [1852.1, 4891.6], [1850.1, 4891.6], [1850.1, 4895.6], [1848.1, 4895.6], [1848.1, 4897.6], [1844.1, 4897.6], [1844.1, 4899.6], [1840.2, 4899.6], [1840.2, 4901.6], [1838.2, 4901.6]]]}, "properties": {"cell_id": 734}}, {"type": "Feature", "geometry": {"type": "Polygon", "coordinates": [[[614.0, 4977.6], [614.0, 4975.6], [610.0, 4975.6], [610.0, 4973.6], [608.0, 4973.6], [608.0, 4969.6], [606.0, 4969.6], [606.0, 4963.6], [608.0, 4963.6], [608.0, 4959.6], [610.0, 4959.6], [610.0, 4957.6], [614.0, 4957.6], [614.0, 4955.6], [618.0, 4955.6], [618.0, 4953.6], [620.0, 4953.6], [620.0, 4955.6], [624.0, 4955.6], [624.0, 4957.6], [625.9, 4957.6], [625.9, 4959.6], [627.9, 4959.6], [627.9, 4963.6], [629.9, 4963.6], [629.9, 4967.6], [627.9, 4967.6], [627.9, 4971.6], [625.9, 4971.6], [626.0, 4973.6], [624.0, 4973.6], [624.0, 4975.6], [620.0, 4975.6], [620.0, 4977.6], [614.0, 4977.6]]]}, "properties": {"cell_id": 735}}, {"type": "Feature", "geometry": {"type": "Polygon", "coordinates": [[[1812.2, 4807.9], [1812.2, 4805.9], [1804.3, 4805.9], [1804.3, 4803.9], [1802.3, 4803.9], [1802.3, 4801.9], [1800.3, 4801.9], [1800.3, 4797.9], [1798.3, 4797.9], [1798.3, 4793.9], [1800.3, 4793.9], [1800.3, 4792.0], [1802.3, 4792.0], [1802.3, 4788.0], [1804.2, 4788.0], [1804.2, 4784.0], [1806.2, 4784.0], [1806.2, 4778.0], [1808.2, 4778.0], [1808.2, 4776.0], [1814.2, 4776.0], [1814.2, 4774.0], [1816.2, 4774.0], [1816.2, 4776.0], [1818.2, 4776.0], [1818.2, 4780.0], [1820.2, 4780.0], [1820.2, 4782.0], [1822.2, 4782.0], [1822.2, 4784.0], [1824.2, 4784.0], [1824.2, 4786.0], [1826.2, 4786.0], [1826.2, 4788.0], [1828.2, 4788.0], [1828.2, 4790.0], [1830.2, 4790.0], [1830.2, 4797.9], [1828.2, 4797.9], [1828.2, 4801.9], [1826.2, 4801.9], [1826.2, 4803.9], [1824.2, 4803.9], [1824.2, 4805.9], [1820.2, 4805.9], [1820.2, 4807.9], [1812.2, 4807.9]]]}, "properties": {"cell_id": 736}}, {"type": "Feature", "geometry": {"type": "Polygon", "coordinates": [[[2067.5, 4949.4], [2067.5, 4947.4], [2061.5, 4947.4], [2061.5, 4943.4], [2063.5, 4943.4], [2063.5, 4935.5], [2067.5, 4935.5], [2067.5, 4933.5], [2071.4, 4933.5], [2071.4, 4931.5], [2077.4, 4931.5], [2077.4, 4933.5], [2081.4, 4933.5], [2081.4, 4935.5], [2083.4, 4935.5], [2083.4, 4937.4], [2085.4, 4937.4], [2085.4, 4941.4], [2087.4, 4941.4], [2087.4, 4943.4], [2085.4, 4943.4], [2085.4, 4945.4], [2083.4, 4945.4], [2083.4, 4947.4], [2079.4, 4947.4], [2079.4, 4949.4], [2075.4, 4949.4], [2075.4, 4947.4], [2071.4, 4947.4], [2071.4, 4949.4], [2067.5, 4949.4]]]}, "properties": {"cell_id": 737}}, {"type": "Feature", "geometry": {"type": "Polygon", "coordinates": [[[450.5, 4732.4], [450.5, 4730.4], [446.5, 4730.4], [446.5, 4728.4], [444.5, 4728.4], [444.5, 4724.4], [442.5, 4724.4], [442.5, 4718.4], [444.5, 4718.4], [444.5, 4714.4], [448.5, 4714.4], [448.5, 4712.4], [450.5, 4712.4], [450.5, 4714.4], [454.4, 4714.4], [454.4, 4716.4], [460.4, 4716.4], [460.4, 4718.4], [462.4, 4718.4], [462.4, 4728.4], [460.4, 4728.4], [460.4, 4730.4], [456.4, 4730.4], [456.4, 4732.4], [450.5, 4732.4]]]}, "properties": {"cell_id": 738}}, {"type": "Feature", "geometry": {"type": "Polygon", "coordinates": [[[1939.9, 5001.3], [1939.9, 4999.3], [1935.9, 4999.3], [1935.9, 4993.3], [1949.8, 4993.3], [1949.8, 4995.3], [1951.8, 4995.3], [1951.8, 5001.3], [1939.9, 5001.3]]]}, "properties": {"cell_id": 739}}, {"type": "Feature", "geometry": {"type": "Polygon", "coordinates": [[[2103.4, 5023.2], [2103.4, 5021.2], [2099.4, 5021.2], [2099.4, 5019.2], [2095.4, 5019.2], [2095.4, 5003.2], [2101.4, 5003.2], [2101.4, 5005.2], [2105.3, 5005.2], [2105.3, 5007.2], [2109.3, 5007.2], [2109.3, 5009.2], [2111.3, 5009.2], [2111.3, 5011.2], [2113.3, 5011.2], [2113.3, 5017.2], [2111.3, 5017.2], [2111.3, 5019.2], [2109.3, 5019.2], [2109.3, 5021.2], [2105.4, 5021.2], [2105.4, 5023.2], [2103.4, 5023.2]]]}, "properties": {"cell_id": 740}}, {"type": "Feature", "geometry": {"type": "Polygon", "coordinates": [[[1094.5, 4997.4], [1094.5, 4995.4], [1090.5, 4995.4], [1090.5, 4993.4], [1088.5, 4993.4], [1088.5, 4991.4], [1086.5, 4991.4], [1086.5, 4979.5], [1088.5, 4979.5], [1088.5, 4977.5], [1090.5, 4977.5], [1090.5, 4975.5], [1094.5, 4975.5], [1094.5, 4973.5], [1096.5, 4973.5], [1096.5, 4975.5], [1100.5, 4975.5], [1100.5, 4977.5], [1104.5, 4977.5], [1104.5, 4979.5], [1106.5, 4979.5], [1106.5, 4983.5], [1108.4, 4983.5], [1108.4, 4987.5], [1110.4, 4987.5], [1110.4, 4989.4], [1108.5, 4989.4], [1108.5, 4993.4], [1106.5, 4993.4], [1106.5, 4995.4], [1102.5, 4995.4], [1102.5, 4997.4], [1094.5, 4997.4]]]}, "properties": {"cell_id": 741}}, {"type": "Feature", "geometry": {"type": "Polygon", "coordinates": [[[1463.3, 4568.7], [1463.3, 4566.7], [1461.3, 4566.7], [1461.3, 4564.7], [1459.3, 4564.7], [1459.3, 4560.7], [1461.3, 4560.7], [1461.3, 4558.7], [1463.3, 4558.7], [1463.3, 4556.8], [1465.3, 4556.8], [1465.3, 4554.8], [1467.3, 4554.8], [1467.3, 4552.8], [1469.3, 4552.8], [1469.2, 4550.8], [1471.2, 4550.8], [1471.2, 4552.8], [1475.2, 4552.8], [1475.2, 4554.8], [1477.2, 4554.8], [1477.2, 4556.7], [1479.2, 4556.7], [1479.2, 4560.7], [1481.2, 4560.7], [1481.2, 4566.7], [1477.2, 4566.7], [1477.2, 4568.7], [1463.3, 4568.7]]]}, "properties": {"cell_id": 742}}, {"type": "Feature", "geometry": {"type": "Polygon", "coordinates": [[[974.9, 4915.7], [974.9, 4913.7], [970.9, 4913.7], [970.9, 4909.7], [968.9, 4909.7], [968.9, 4903.7], [966.9, 4903.7], [966.9, 4899.8], [968.9, 4899.8], [968.9, 4897.8], [970.9, 4897.8], [970.9, 4893.8], [972.9, 4893.8], [972.9, 4891.8], [974.8, 4891.8], [974.8, 4889.8], [978.8, 4889.8], [978.8, 4887.8], [982.8, 4887.8], [982.8, 4889.8], [986.8, 4889.8], [986.8, 4891.8], [988.8, 4891.8], [988.8, 4895.8], [990.8, 4895.8], [990.8, 4899.8], [988.8, 4899.8], [988.8, 4903.7], [986.8, 4903.7], [986.8, 4907.7], [984.8, 4907.7], [984.8, 4909.7], [982.8, 4909.7], [982.8, 4911.7], [980.8, 4911.7], [980.8, 4913.7], [976.8, 4913.7], [976.8, 4915.7], [974.9, 4915.7]]]}, "properties": {"cell_id": 743}}, {"type": "Feature", "geometry": {"type": "Polygon", "coordinates": [[[2292.8, 5025.1], [2292.8, 5023.1], [2290.8, 5023.1], [2290.8, 5021.2], [2284.8, 5021.2], [2284.8, 5019.2], [2282.8, 5019.2], [2282.8, 5017.2], [2278.8, 5017.2], [2278.8, 5015.2], [2280.8, 5015.2], [2280.8, 5013.2], [2284.8, 5013.2], [2284.8, 5011.2], [2288.8, 5011.2], [2288.8, 5009.2], [2290.8, 5009.2], [2290.8, 5011.2], [2292.8, 5011.2], [2292.8, 5013.2], [2294.8, 5013.2], [2294.8, 5025.1], [2292.8, 5025.1]]]}, "properties": {"cell_id": 744}}, {"type": "Feature", "geometry": {"type": "Polygon", "coordinates": [[[2155.2, 4849.7], [2155.2, 4847.7], [2151.2, 4847.7], [2151.2, 4839.7], [2153.2, 4839.7], [2153.2, 4837.8], [2151.2, 4837.8], [2151.2, 4835.8], [2155.2, 4835.8], [2155.2, 4833.8], [2157.2, 4833.8], [2157.2, 4831.8], [2159.2, 4831.8], [2159.2, 4829.8], [2163.1, 4829.8], [2163.1, 4827.8], [2165.1, 4827.8], [2165.1, 4825.8], [2171.1, 4825.8], [2171.1, 4827.8], [2173.1, 4827.8], [2173.1, 4831.8], [2175.1, 4831.8], [2175.1, 4833.8], [2173.1, 4833.8], [2173.1, 4837.7], [2171.1, 4837.7], [2171.1, 4841.7], [2169.1, 4841.7], [2169.1, 4843.7], [2167.1, 4843.7], [2167.1, 4845.7], [2163.1, 4845.7], [2163.1, 4847.7], [2159.2, 4847.7], [2159.2, 4849.7], [2155.2, 4849.7]]]}, "properties": {"cell_id": 745}}, {"type": "Feature", "geometry": {"type": "Polygon", "coordinates": [[[675.8, 4893.8], [675.8, 4891.8], [671.8, 4891.8], [671.8, 4889.8], [669.8, 4889.8], [669.8, 4879.9], [667.8, 4879.9], [667.8, 4877.9], [669.8, 4877.9], [669.8, 4873.9], [671.8, 4873.9], [671.8, 4871.9], [677.8, 4871.9], [677.8, 4873.9], [683.8, 4873.9], [683.8, 4891.8], [679.8, 4891.8], [679.8, 4893.8], [675.8, 4893.8]]]}, "properties": {"cell_id": 746}}, {"type": "Feature", "geometry": {"type": "Polygon", "coordinates": [[[1331.8, 5029.3], [1331.8, 5027.3], [1327.8, 5027.3], [1327.8, 5025.3], [1325.8, 5025.3], [1325.8, 5021.3], [1323.8, 5021.3], [1323.8, 5009.3], [1325.8, 5009.3], [1325.8, 5005.4], [1327.8, 5005.4], [1327.8, 5003.4], [1329.8, 5003.4], [1329.8, 5001.4], [1331.8, 5001.4], [1331.8, 4999.4], [1335.7, 4999.4], [1335.7, 4997.4], [1339.7, 4997.4], [1339.7, 4999.4], [1343.7, 4999.4], [1343.7, 5001.4], [1345.7, 5001.4], [1345.7, 5005.4], [1347.7, 5005.4], [1347.7, 5017.3], [1345.7, 5017.3], [1345.7, 5021.3], [1343.7, 5021.3], [1343.7, 5025.3], [1341.7, 5025.3], [1341.7, 5027.3], [1337.7, 5027.3], [1337.7, 5029.3], [1331.8, 5029.3]]]}, "properties": {"cell_id": 747}}, {"type": "Feature", "geometry": {"type": "Polygon", "coordinates": [[[2103.3, 4684.2], [2103.3, 4682.2], [2101.3, 4682.2], [2101.3, 4680.3], [2099.3, 4680.3], [2099.3, 4678.3], [2101.3, 4678.3], [2101.3, 4674.3], [2103.3, 4674.3], [2103.3, 4670.3], [2105.3, 4670.3], [2105.3, 4668.3], [2109.3, 4668.3], [2109.3, 4666.3], [2115.3, 4666.3], [2115.3, 4668.3], [2119.2, 4668.3], [2119.2, 4670.3], [2121.2, 4670.3], [2121.2, 4674.3], [2123.2, 4674.3], [2123.2, 4680.3], [2121.2, 4680.3], [2121.2, 4682.2], [2105.3, 4682.2], [2105.3, 4684.2], [2103.3, 4684.2]]]}, "properties": {"cell_id": 748}}, {"type": "Feature", "geometry": {"type": "Polygon", "coordinates": [[[2248.9, 4883.6], [2248.9, 4881.6], [2244.9, 4881.6], [2244.9, 4879.6], [2242.9, 4879.6], [2242.9, 4877.6], [2240.9, 4877.6], [2240.9, 4871.6], [2242.9, 4871.6], [2242.9, 4867.6], [2244.9, 4867.6], [2244.9, 4855.7], [2246.9, 4855.7], [2246.9, 4851.7], [2248.9, 4851.7], [2248.9, 4849.7], [2254.9, 4849.7], [2254.9, 4851.7], [2258.8, 4851.7], [2258.8, 4853.7], [2262.8, 4853.7], [2262.8, 4855.7], [2264.8, 4855.7], [2264.8, 4857.7], [2266.8, 4857.7], [2266.8, 4861.7], [2268.8, 4861.7], [2268.8, 4871.6], [2266.8, 4871.6], [2266.8, 4875.6], [2264.8, 4875.6], [2264.8, 4877.6], [2262.8, 4877.6], [2262.8, 4879.6], [2260.8, 4879.6], [2260.8, 4881.6], [2256.9, 4881.6], [2256.9, 4883.6], [2248.9, 4883.6]]]}, "properties": {"cell_id": 749}}, {"type": "Feature", "geometry": {"type": "Polygon", "coordinates": [[[464.4, 4728.4], [464.4, 4726.4], [462.4, 4726.4], [462.4, 4716.4], [464.4, 4716.4], [464.4, 4712.4], [466.4, 4712.4], [466.4, 4704.5], [468.4, 4704.5], [468.4, 4702.5], [472.4, 4702.5], [472.4, 4704.5], [476.4, 4704.5], [476.4, 4706.4], [478.4, 4706.4], [478.4, 4710.4], [480.4, 4710.4], [480.4, 4716.4], [478.4, 4716.4], [478.4, 4720.4], [476.4, 4720.4], [476.4, 4722.4], [474.4, 4722.4], [474.4, 4724.4], [472.4, 4724.4], [472.4, 4726.4], [468.4, 4726.4], [468.4, 4728.4], [464.4, 4728.4]]]}, "properties": {"cell_id": 750}}, {"type": "Feature", "geometry": {"type": "Polygon", "coordinates": [[[1901.9, 4678.3], [1901.9, 4676.3], [1897.9, 4676.3], [1897.9, 4674.3], [1895.9, 4674.3], [1895.9, 4672.3], [1893.9, 4672.3], [1893.9, 4670.3], [1892.0, 4670.3], [1892.0, 4666.3], [1890.0, 4666.3], [1890.0, 4664.3], [1892.0, 4664.3], [1892.0, 4658.4], [1893.9, 4658.4], [1893.9, 4654.4], [1895.9, 4654.4], [1895.9, 4652.4], [1897.9, 4652.4], [1897.9, 4650.4], [1903.9, 4650.4], [1903.9, 4652.4], [1907.9, 4652.4], [1907.9, 4654.4], [1911.9, 4654.4], [1911.9, 4656.4], [1913.9, 4656.4], [1913.9, 4658.4], [1915.9, 4658.4], [1915.9, 4662.3], [1917.9, 4662.3], [1917.9, 4666.3], [1919.9, 4666.3], [1919.9, 4668.3], [1917.9, 4668.3], [1917.9, 4670.3], [1915.9, 4670.3], [1915.9, 4672.3], [1913.9, 4672.3], [1913.9, 4674.3], [1909.9, 4674.3], [1909.9, 4676.3], [1903.9, 4676.3], [1903.9, 4678.3], [1901.9, 4678.3]]]}, "properties": {"cell_id": 751}}, {"type": "Feature", "geometry": {"type": "Polygon", "coordinates": [[[1702.6, 4815.9], [1702.6, 4813.9], [1698.6, 4813.9], [1698.6, 4811.9], [1696.6, 4811.9], [1696.6, 4807.9], [1694.6, 4807.9], [1694.6, 4803.9], [1692.6, 4803.9], [1692.6, 4801.9], [1694.6, 4801.9], [1694.6, 4798.0], [1696.6, 4798.0], [1696.6, 4796.0], [1698.6, 4796.0], [1698.6, 4794.0], [1702.6, 4794.0], [1702.6, 4792.0], [1706.6, 4792.0], [1706.6, 4794.0], [1710.5, 4794.0], [1710.5, 4796.0], [1712.5, 4796.0], [1712.5, 4798.0], [1714.5, 4797.9], [1714.5, 4799.9], [1712.5, 4799.9], [1712.5, 4801.9], [1710.5, 4801.9], [1710.5, 4803.9], [1708.5, 4803.9], [1708.5, 4807.9], [1706.6, 4807.9], [1706.6, 4811.9], [1704.6, 4811.9], [1704.6, 4815.9], [1702.6, 4815.9]]]}, "properties": {"cell_id": 752}}, {"type": "Feature", "geometry": {"type": "Polygon", "coordinates": [[[2234.9, 4875.6], [2234.9, 4873.6], [2230.9, 4873.6], [2230.9, 4871.6], [2228.9, 4871.6], [2228.9, 4867.6], [2226.9, 4867.6], [2226.9, 4863.7], [2228.9, 4863.7], [2228.9, 4857.7], [2230.9, 4857.7], [2230.9, 4853.7], [2232.9, 4853.7], [2232.9, 4851.7], [2236.9, 4851.7], [2236.9, 4849.7], [2242.9, 4849.7], [2242.9, 4851.7], [2246.9, 4851.7], [2246.9, 4855.7], [2244.9, 4855.7], [2244.9, 4867.6], [2242.9, 4867.6], [2242.9, 4871.6], [2240.9, 4871.6], [2240.9, 4875.6], [2234.9, 4875.6]]]}, "properties": {"cell_id": 753}}, {"type": "Feature", "geometry": {"type": "Polygon", "coordinates": [[[2414.3, 4584.5], [2414.3, 4582.5], [2410.3, 4582.5], [2410.3, 4580.5], [2408.3, 4580.5], [2408.3, 4578.5], [2406.3, 4578.5], [2406.3, 4574.5], [2404.3, 4574.5], [2404.3, 4570.6], [2402.3, 4570.6], [2402.3, 4568.6], [2404.3, 4568.6], [2404.3, 4564.6], [2406.3, 4564.6], [2406.3, 4560.6], [2408.3, 4560.6], [2408.3, 4558.6], [2410.3, 4558.6], [2410.3, 4556.6], [2414.3, 4556.6], [2414.3, 4554.6], [2420.3, 4554.6], [2420.3, 4556.6], [2424.3, 4556.6], [2424.3, 4558.6], [2426.3, 4558.6], [2426.3, 4560.6], [2428.3, 4560.6], [2428.3, 4564.6], [2430.3, 4564.6], [2430.3, 4574.5], [2428.3, 4574.5], [2428.3, 4578.5], [2426.3, 4578.5], [2426.3, 4580.5], [2424.3, 4580.5], [2424.3, 4582.5], [2420.3, 4582.5], [2420.3, 4584.5], [2414.3, 4584.5]]]}, "properties": {"cell_id": 754}}, {"type": "Feature", "geometry": {"type": "Polygon", "coordinates": [[[1584.9, 4696.3], [1584.9, 4694.3], [1580.9, 4694.3], [1580.9, 4692.3], [1578.9, 4692.3], [1578.9, 4688.3], [1576.9, 4688.3], [1576.9, 4680.3], [1578.9, 4680.3], [1578.9, 4676.4], [1580.9, 4676.4], [1580.9, 4674.4], [1584.9, 4674.4], [1584.9, 4672.4], [1588.9, 4672.4], [1588.9, 4674.4], [1592.9, 4674.4], [1592.9, 4676.4], [1594.9, 4676.4], [1594.9, 4678.3], [1596.9, 4678.3], [1596.9, 4682.3], [1598.9, 4682.3], [1598.9, 4688.3], [1596.9, 4688.3], [1596.9, 4692.3], [1594.9, 4692.3], [1594.9, 4694.3], [1590.9, 4694.3], [1590.9, 4696.3], [1584.9, 4696.3]]]}, "properties": {"cell_id": 755}}, {"type": "Feature", "geometry": {"type": "Polygon", "coordinates": [[[2063.5, 4993.3], [2063.5, 4991.3], [2061.5, 4991.3], [2061.5, 4987.3], [2059.5, 4987.3], [2059.5, 4985.3], [2061.5, 4985.3], [2061.5, 4983.3], [2063.5, 4983.3], [2063.5, 4981.3], [2071.4, 4981.3], [2071.5, 4991.3], [2065.5, 4991.3], [2065.5, 4993.3], [2063.5, 4993.3]]]}, "properties": {"cell_id": 756}}, {"type": "Feature", "geometry": {"type": "Polygon", "coordinates": [[[1228.1, 4869.8], [1228.1, 4867.8], [1224.1, 4867.8], [1224.1, 4865.8], [1222.1, 4865.8], [1222.1, 4863.8], [1220.1, 4863.8], [1220.1, 4859.8], [1218.1, 4859.8], [1218.1, 4857.8], [1220.1, 4857.8], [1220.1, 4853.9], [1222.1, 4853.9], [1222.1, 4849.9], [1224.1, 4849.9], [1224.1, 4847.9], [1228.1, 4847.9], [1228.1, 4845.9], [1234.0, 4845.9], [1234.0, 4847.9], [1238.0, 4847.9], [1238.0, 4849.9], [1240.0, 4849.9], [1240.0, 4853.9], [1242.0, 4853.9], [1242.0, 4861.8], [1240.0, 4861.8], [1240.0, 4865.8], [1238.0, 4865.8], [1238.0, 4867.8], [1234.0, 4867.8], [1234.0, 4869.8], [1228.1, 4869.8]]]}, "properties": {"cell_id": 757}}, {"type": "Feature", "geometry": {"type": "Polygon", "coordinates": [[[613.9, 4630.7], [613.9, 4628.7], [609.9, 4628.7], [609.9, 4626.7], [607.9, 4626.7], [607.9, 4624.7], [606.0, 4624.7], [605.9, 4620.7], [604.0, 4620.7], [604.0, 4618.7], [605.9, 4618.7], [605.9, 4614.7], [607.9, 4614.7], [607.9, 4612.7], [609.9, 4612.7], [609.9, 4610.7], [613.9, 4610.7], [613.9, 4608.7], [619.9, 4608.7], [619.9, 4610.7], [623.9, 4610.7], [623.9, 4612.7], [625.9, 4612.7], [625.9, 4614.7], [627.9, 4614.7], [627.9, 4618.7], [629.9, 4618.7], [629.9, 4620.7], [627.9, 4620.7], [627.9, 4624.7], [625.9, 4624.7], [625.9, 4626.7], [623.9, 4626.7], [623.9, 4628.7], [619.9, 4628.7], [619.9, 4630.7], [613.9, 4630.7]]]}, "properties": {"cell_id": 758}}, {"type": "Feature", "geometry": {"type": "Polygon", "coordinates": [[[1933.9, 4965.4], [1933.9, 4963.4], [1931.9, 4963.4], [1931.9, 4961.4], [1929.9, 4961.4], [1929.9, 4959.4], [1925.9, 4959.4], [1925.9, 4957.4], [1923.9, 4957.4], [1923.9, 4955.4], [1925.9, 4955.4], [1925.9, 4943.5], [1937.9, 4943.5], [1937.9, 4945.4], [1939.9, 4945.4], [1939.9, 4949.4], [1941.8, 4949.4], [1941.8, 4957.4], [1939.9, 4957.4], [1939.9, 4961.4], [1937.9, 4961.4], [1937.9, 4963.4], [1935.9, 4963.4], [1935.9, 4965.4], [1933.9, 4965.4]]]}, "properties": {"cell_id": 759}}, {"type": "Feature", "geometry": {"type": "Polygon", "coordinates": [[[2390.4, 4518.7], [2390.4, 4516.7], [2386.4, 4516.7], [2386.4, 4514.7], [2384.4, 4514.7], [2384.4, 4512.7], [2382.4, 4512.7], [2382.4, 4508.7], [2380.4, 4508.7], [2380.4, 4502.8], [2382.4, 4502.8], [2382.4, 4498.8], [2384.4, 4498.8], [2384.4, 4496.8], [2386.4, 4496.8], [2386.4, 4494.8], [2390.4, 4494.8], [2390.4, 4492.8], [2392.4, 4492.8], [2392.4, 4490.8], [2396.4, 4490.8], [2396.4, 4488.8], [2400.3, 4488.8], [2400.3, 4490.8], [2404.3, 4490.8], [2404.3, 4492.8], [2406.3, 4492.8], [2406.3, 4496.8], [2408.3, 4496.8], [2408.3, 4504.8], [2406.3, 4504.8], [2406.3, 4508.7], [2404.3, 4508.7], [2404.3, 4512.7], [2402.3, 4512.7], [2402.3, 4514.7], [2398.4, 4514.7], [2398.4, 4516.7], [2394.4, 4516.7], [2394.4, 4518.7], [2390.4, 4518.7]]]}, "properties": {"cell_id": 760}}, {"type": "Feature", "geometry": {"type": "Polygon", "coordinates": [[[2254.8, 4807.8], [2254.8, 4805.8], [2250.9, 4805.8], [2250.9, 4803.8], [2248.9, 4803.8], [2248.9, 4799.9], [2246.9, 4799.9], [2246.9, 4793.9], [2248.9, 4793.9], [2248.9, 4789.9], [2250.9, 4789.9], [2250.9, 4785.9], [2252.9, 4785.9], [2252.9, 4783.9], [2256.8, 4783.9], [2256.8, 4781.9], [2258.8, 4781.9], [2258.8, 4779.9], [2262.8, 4779.9], [2262.8, 4777.9], [2266.8, 4777.9], [2266.8, 4779.9], [2270.8, 4779.9], [2270.8, 4781.9], [2272.8, 4781.9], [2272.8, 4785.9], [2274.8, 4785.9], [2274.8, 4791.9], [2272.8, 4791.9], [2272.8, 4795.9], [2270.8, 4795.9], [2270.8, 4799.9], [2268.8, 4799.9], [2268.8, 4801.8], [2266.8, 4801.8], [2266.8, 4803.8], [2264.8, 4803.8], [2264.8, 4805.8], [2260.8, 4805.8], [2260.8, 4807.8], [2254.8, 4807.8]]]}, "properties": {"cell_id": 761}}, {"type": "Feature", "geometry": {"type": "Polygon", "coordinates": [[[709.7, 4844.0], [709.7, 4842.0], [707.7, 4842.0], [707.7, 4840.0], [705.7, 4840.0], [705.7, 4832.0], [703.7, 4832.0], [703.7, 4828.0], [705.7, 4828.0], [705.7, 4824.0], [707.7, 4824.0], [707.7, 4822.0], [709.7, 4822.0], [709.7, 4820.0], [715.6, 4820.0], [715.6, 4822.0], [719.6, 4822.0], [719.6, 4824.0], [721.6, 4824.0], [721.6, 4828.0], [723.6, 4828.0], [723.6, 4836.0], [721.6, 4836.0], [721.6, 4840.0], [719.6, 4840.0], [719.6, 4842.0], [715.6, 4842.0], [715.6, 4844.0], [709.7, 4844.0]]]}, "properties": {"cell_id": 762}}, {"type": "Feature", "geometry": {"type": "Polygon", "coordinates": [[[1160.3, 4881.8], [1160.3, 4879.8], [1156.3, 4879.8], [1156.3, 4877.8], [1154.3, 4877.8], [1154.3, 4873.8], [1152.3, 4873.8], [1152.3, 4867.8], [1150.3, 4867.8], [1150.3, 4861.8], [1152.3, 4861.8], [1152.3, 4857.9], [1154.3, 4857.9], [1154.3, 4855.9], [1156.3, 4855.9], [1156.3, 4853.9], [1160.3, 4853.9], [1160.3, 4851.9], [1162.3, 4851.9], [1162.3, 4853.9], [1166.2, 4853.9], [1166.2, 4855.9], [1170.2, 4855.9], [1170.2, 4857.9], [1172.2, 4857.9], [1172.2, 4861.8], [1174.2, 4861.8], [1174.2, 4867.8], [1176.2, 4867.8], [1176.2, 4871.8], [1174.2, 4871.8], [1174.2, 4875.8], [1172.2, 4875.8], [1172.2, 4877.8], [1170.2, 4877.8], [1170.2, 4879.8], [1166.3, 4879.8], [1166.3, 4881.8], [1160.3, 4881.8]]]}, "properties": {"cell_id": 763}}, {"type": "Feature", "geometry": {"type": "Polygon", "coordinates": [[[316.8, 4503.1], [316.8, 4501.1], [314.8, 4501.1], [314.8, 4499.1], [312.8, 4499.1], [312.8, 4497.1], [310.8, 4497.1], [310.8, 4495.1], [308.9, 4495.1], [308.9, 4491.2], [306.9, 4491.2], [306.9, 4489.2], [308.9, 4489.2], [308.9, 4485.2], [310.8, 4485.2], [310.8, 4483.2], [312.8, 4483.2], [312.8, 4481.2], [316.8, 4481.2], [316.8, 4479.2], [320.8, 4479.2], [320.8, 4481.2], [324.8, 4481.2], [324.8, 4483.2], [326.8, 4483.2], [326.8, 4485.2], [328.8, 4485.2], [328.8, 4489.2], [330.8, 4489.2], [330.8, 4495.1], [328.8, 4495.1], [328.8, 4499.1], [326.8, 4499.1], [326.8, 4501.1], [322.8, 4501.1], [322.8, 4503.1], [316.8, 4503.1]]]}, "properties": {"cell_id": 764}}, {"type": "Feature", "geometry": {"type": "Polygon", "coordinates": [[[2143.1, 4508.8], [2143.1, 4506.8], [2141.2, 4506.8], [2141.2, 4504.8], [2139.2, 4504.8], [2139.2, 4500.8], [2141.1, 4500.8], [2141.1, 4496.8], [2143.1, 4496.8], [2143.1, 4494.8], [2145.1, 4494.8], [2145.1, 4492.8], [2149.1, 4492.8], [2149.1, 4490.8], [2153.1, 4490.8], [2153.1, 4492.8], [2157.1, 4492.8], [2157.1, 4494.8], [2159.1, 4494.8], [2159.1, 4498.8], [2161.1, 4498.8], [2161.1, 4504.8], [2159.1, 4504.8], [2159.1, 4508.8], [2143.1, 4508.8]]]}, "properties": {"cell_id": 765}}, {"type": "Feature", "geometry": {"type": "Polygon", "coordinates": [[[2468.2, 5019.1], [2468.2, 5017.1], [2464.2, 5017.1], [2464.2, 5015.1], [2462.2, 5015.1], [2462.2, 5009.2], [2464.2, 5009.2], [2464.2, 5007.2], [2466.2, 5007.2], [2466.2, 5005.2], [2470.2, 5005.2], [2470.2, 5003.2], [2472.2, 5003.2], [2472.2, 5001.2], [2474.2, 5001.2], [2474.2, 4999.2], [2476.2, 4999.2], [2476.2, 4997.2], [2478.2, 4997.2], [2478.2, 4999.2], [2482.2, 4999.2], [2482.2, 5003.2], [2484.2, 5003.2], [2484.2, 5007.2], [2486.2, 5007.2], [2486.2, 5011.1], [2484.2, 5011.2], [2484.2, 5015.1], [2482.2, 5015.1], [2482.2, 5017.1], [2478.2, 5017.1], [2478.2, 5019.1], [2468.2, 5019.1]]]}, "properties": {"cell_id": 766}}, {"type": "Feature", "geometry": {"type": "Polygon", "coordinates": [[[2404.4, 5130.8], [2404.4, 5128.8], [2400.5, 5128.8], [2400.5, 5124.8], [2398.5, 5124.8], [2398.5, 5118.8], [2400.4, 5118.8], [2400.4, 5114.8], [2402.4, 5114.8], [2402.4, 5110.8], [2404.4, 5110.8], [2404.4, 5108.9], [2406.4, 5108.9], [2406.4, 5106.9], [2410.4, 5106.9], [2410.4, 5104.9], [2412.4, 5104.9], [2412.4, 5106.9], [2416.4, 5106.9], [2416.4, 5108.9], [2418.4, 5108.9], [2418.4, 5110.8], [2420.4, 5110.8], [2420.4, 5114.8], [2422.4, 5114.8], [2422.4, 5124.8], [2420.4, 5124.8], [2420.4, 5128.8], [2414.4, 5128.8], [2414.4, 5130.8], [2404.4, 5130.8]]]}, "properties": {"cell_id": 767}}, {"type": "Feature", "geometry": {"type": "Polygon", "coordinates": [[[1136.3, 4648.5], [1136.3, 4646.5], [1132.3, 4646.5], [1132.3, 4644.5], [1128.3, 4644.5], [1128.3, 4642.5], [1126.3, 4642.5], [1126.3, 4638.5], [1124.3, 4638.6], [1124.3, 4630.6], [1126.3, 4630.6], [1126.3, 4626.6], [1128.3, 4626.6], [1128.3, 4624.6], [1132.3, 4624.6], [1132.3, 4622.6], [1140.3, 4622.6], [1140.3, 4624.6], [1144.3, 4624.6], [1144.3, 4626.6], [1146.3, 4626.6], [1146.3, 4628.6], [1148.3, 4628.6], [1148.3, 4632.6], [1150.3, 4632.6], [1150.3, 4638.5], [1148.3, 4638.5], [1148.3, 4642.5], [1146.3, 4642.5], [1146.3, 4644.5], [1144.3, 4644.5], [1144.3, 4646.5], [1140.3, 4646.5], [1140.3, 4648.5], [1136.3, 4648.5]]]}, "properties": {"cell_id": 768}}, {"type": "Feature", "geometry": {"type": "Polygon", "coordinates": [[[1483.3, 4993.4], [1483.3, 4991.4], [1479.3, 4991.4], [1479.3, 4989.4], [1477.3, 4989.4], [1477.3, 4987.4], [1475.3, 4987.4], [1475.3, 4983.4], [1473.3, 4983.4], [1473.3, 4975.4], [1475.3, 4975.4], [1475.3, 4971.4], [1477.3, 4971.4], [1477.3, 4969.4], [1481.3, 4969.4], [1481.3, 4967.5], [1487.3, 4967.5], [1487.3, 4969.4], [1491.3, 4969.4], [1491.3, 4971.4], [1493.2, 4971.4], [1493.2, 4973.4], [1495.2, 4973.4], [1495.2, 4977.4], [1497.2, 4977.4], [1497.2, 4983.4], [1495.2, 4983.4], [1495.2, 4987.4], [1493.3, 4987.4], [1493.3, 4989.4], [1491.3, 4989.4], [1491.3, 4991.4], [1487.3, 4991.4], [1487.3, 4993.4], [1483.3, 4993.4]]]}, "properties": {"cell_id": 769}}, {"type": "Feature", "geometry": {"type": "Polygon", "coordinates": [[[2488.2, 5076.9], [2488.2, 5074.9], [2484.2, 5074.9], [2484.2, 5073.0], [2482.2, 5073.0], [2482.2, 5069.0], [2480.2, 5069.0], [2480.2, 5063.0], [2484.2, 5063.0], [2484.2, 5061.0], [2488.2, 5061.0], [2488.2, 5059.0], [2490.2, 5059.0], [2490.2, 5057.0], [2492.2, 5057.0], [2492.2, 5055.0], [2494.1, 5055.0], [2494.1, 5053.0], [2496.1, 5053.0], [2496.1, 5051.0], [2502.1, 5051.0], [2502.1, 5053.0], [2504.1, 5053.0], [2504.1, 5057.0], [2506.1, 5057.0], [2506.1, 5061.0], [2508.1, 5061.0], [2508.1, 5063.0], [2506.1, 5063.0], [2506.1, 5067.0], [2504.1, 5067.0], [2504.1, 5071.0], [2502.1, 5071.0], [2502.1, 5073.0], [2500.1, 5073.0], [2500.1, 5074.9], [2496.1, 5074.9], [2496.1, 5076.9], [2488.2, 5076.9]]]}, "properties": {"cell_id": 770}}, {"type": "Feature", "geometry": {"type": "Polygon", "coordinates": [[[2203.0, 4839.7], [2203.0, 4837.7], [2199.0, 4837.7], [2199.0, 4835.7], [2195.0, 4835.8], [2195.0, 4831.8], [2193.0, 4831.8], [2193.0, 4829.8], [2197.0, 4829.8], [2197.0, 4827.8], [2199.0, 4827.8], [2199.0, 4825.8], [2201.0, 4825.8], [2201.0, 4823.8], [2205.0, 4823.8], [2205.0, 4825.8], [2207.0, 4825.8], [2207.0, 4827.8], [2209.0, 4827.8], [2209.0, 4831.8], [2211.0, 4831.8], [2211.0, 4833.8], [2209.0, 4833.8], [2209.0, 4837.7], [2207.0, 4837.7], [2207.0, 4839.7], [2203.0, 4839.7]]]}, "properties": {"cell_id": 771}}, {"type": "Feature", "geometry": {"type": "Polygon", "coordinates": [[[275.0, 4582.9], [275.0, 4580.9], [271.0, 4580.9], [271.0, 4578.9], [269.0, 4578.9], [269.0, 4570.9], [267.0, 4570.9], [267.0, 4566.9], [269.0, 4566.9], [269.0, 4562.9], [271.0, 4562.9], [271.0, 4560.9], [273.0, 4560.9], [273.0, 4558.9], [277.0, 4558.9], [277.0, 4556.9], [280.9, 4556.9], [280.9, 4555.0], [282.9, 4555.0], [282.9, 4556.9], [286.9, 4556.9], [286.9, 4558.9], [288.9, 4558.9], [288.9, 4562.9], [290.9, 4562.9], [290.9, 4568.9], [288.9, 4568.9], [288.9, 4572.9], [286.9, 4572.9], [286.9, 4576.9], [284.9, 4576.9], [284.9, 4578.9], [281.0, 4578.9], [281.0, 4580.9], [277.0, 4580.9], [277.0, 4582.9], [275.0, 4582.9]]]}, "properties": {"cell_id": 772}}, {"type": "Feature", "geometry": {"type": "Polygon", "coordinates": [[[470.4, 4642.6], [470.4, 4640.7], [466.4, 4640.7], [466.4, 4638.7], [464.4, 4638.7], [464.4, 4634.7], [462.4, 4634.7], [462.4, 4626.7], [464.4, 4626.7], [464.4, 4622.7], [466.4, 4622.7], [466.4, 4620.7], [470.4, 4620.7], [470.4, 4618.7], [478.3, 4618.7], [478.3, 4620.7], [482.3, 4620.7], [482.3, 4622.7], [484.3, 4622.7], [484.3, 4626.7], [486.3, 4626.7], [486.3, 4634.7], [484.3, 4634.7], [484.3, 4638.7], [482.3, 4638.7], [482.3, 4640.7], [478.4, 4640.7], [478.4, 4642.6], [470.4, 4642.6]]]}, "properties": {"cell_id": 773}}, {"type": "Feature", "geometry": {"type": "Polygon", "coordinates": [[[1911.9, 4704.2], [1911.9, 4702.2], [1909.9, 4702.2], [1909.9, 4698.2], [1907.9, 4698.2], [1907.9, 4694.2], [1905.9, 4694.2], [1905.9, 4688.3], [1907.9, 4688.3], [1907.9, 4684.3], [1909.9, 4684.3], [1909.9, 4682.3], [1911.9, 4682.3], [1911.9, 4680.3], [1915.9, 4680.3], [1915.9, 4678.3], [1921.9, 4678.3], [1921.9, 4680.3], [1925.9, 4680.3], [1925.9, 4682.3], [1927.8, 4682.3], [1927.8, 4688.3], [1929.8, 4688.3], [1929.8, 4690.3], [1927.8, 4690.3], [1927.8, 4698.2], [1925.9, 4698.2], [1925.9, 4702.2], [1921.9, 4702.2], [1921.9, 4704.2], [1911.9, 4704.2]]]}, "properties": {"cell_id": 774}}, {"type": "Feature", "geometry": {"type": "Polygon", "coordinates": [[[2486.1, 4728.0], [2486.1, 4726.0], [2476.1, 4726.0], [2476.1, 4722.1], [2474.2, 4722.1], [2474.2, 4718.1], [2476.1, 4718.1], [2476.1, 4714.1], [2478.1, 4714.1], [2478.1, 4712.1], [2480.1, 4712.1], [2480.1, 4710.1], [2484.1, 4710.1], [2484.1, 4708.1], [2488.1, 4708.1], [2488.1, 4710.1], [2492.1, 4710.1], [2492.1, 4712.1], [2494.1, 4712.1], [2494.1, 4716.1], [2496.1, 4716.1], [2496.1, 4722.1], [2494.1, 4722.1], [2494.1, 4726.0], [2492.1, 4726.0], [2492.1, 4728.0], [2486.1, 4728.0]]]}, "properties": {"cell_id": 775}}, {"type": "Feature", "geometry": {"type": "Polygon", "coordinates": [[[1646.7, 4504.9], [1646.7, 4502.9], [1642.7, 4502.9], [1642.7, 4500.9], [1640.7, 4500.9], [1640.7, 4498.9], [1638.7, 4498.9], [1638.7, 4494.9], [1636.7, 4494.9], [1636.7, 4488.9], [1638.7, 4488.9], [1638.7, 4484.9], [1640.7, 4484.9], [1640.7, 4483.0], [1642.7, 4483.0], [1642.7, 4481.0], [1646.7, 4481.0], [1646.7, 4479.0], [1650.7, 4479.0], [1650.7, 4481.0], [1654.7, 4481.0], [1654.7, 4483.0], [1656.7, 4483.0], [1656.7, 4484.9], [1658.6, 4484.9], [1658.6, 4488.9], [1660.6, 4488.9], [1660.6, 4496.9], [1658.7, 4496.9], [1658.7, 4500.9], [1656.7, 4500.9], [1656.7, 4502.9], [1652.7, 4502.9], [1652.7, 4504.9], [1646.7, 4504.9]]]}, "properties": {"cell_id": 776}}, {"type": "Feature", "geometry": {"type": "Polygon", "coordinates": [[[1339.7, 5059.2], [1339.7, 5057.2], [1335.8, 5057.2], [1335.8, 5055.2], [1333.8, 5055.2], [1333.8, 5051.2], [1331.8, 5051.2], [1331.8, 5047.2], [1333.8, 5047.2], [1333.8, 5043.2], [1335.8, 5043.2], [1335.8, 5039.3], [1337.7, 5039.3], [1337.7, 5037.3], [1341.7, 5037.3], [1341.7, 5035.3], [1345.7, 5035.3], [1345.7, 5033.3], [1347.7, 5033.3], [1347.7, 5035.3], [1351.7, 5035.3], [1351.7, 5037.3], [1353.7, 5037.3], [1353.7, 5039.3], [1355.7, 5039.2], [1355.7, 5053.2], [1353.7, 5053.2], [1353.7, 5055.2], [1351.7, 5055.2], [1351.7, 5057.2], [1347.7, 5057.2], [1347.7, 5059.2], [1339.7, 5059.2]]]}, "properties": {"cell_id": 777}}, {"type": "Feature", "geometry": {"type": "Polygon", "coordinates": [[[2071.5, 4999.3], [2071.5, 4995.3], [2069.5, 4995.3], [2069.5, 4991.3], [2071.5, 4991.3], [2071.4, 4981.3], [2075.4, 4981.3], [2075.4, 4979.3], [2079.4, 4979.3], [2079.4, 4977.3], [2081.4, 4977.3], [2081.4, 4979.3], [2083.4, 4979.3], [2083.4, 4981.3], [2085.4, 4981.3], [2085.4, 4991.3], [2083.4, 4991.3], [2083.4, 4997.3], [2081.4, 4997.3], [2081.4, 4999.3], [2071.5, 4999.3]]]}, "properties": {"cell_id": 778}}, {"type": "Feature", "geometry": {"type": "Polygon", "coordinates": [[[578.0, 4529.0], [578.0, 4527.0], [576.0, 4527.0], [576.0, 4525.0], [574.0, 4525.0], [574.0, 4521.0], [572.0, 4521.0], [572.0, 4517.0], [574.0, 4517.0], [574.0, 4515.0], [578.0, 4515.0], [578.0, 4513.0], [582.0, 4513.0], [582.0, 4511.0], [586.0, 4511.0], [586.0, 4509.0], [588.0, 4509.0], [588.0, 4507.1], [590.0, 4507.1], [590.0, 4509.0], [594.0, 4509.0], [594.0, 4511.0], [596.0, 4511.0], [596.0, 4515.0], [598.0, 4515.0], [598.0, 4521.0], [596.0, 4521.0], [596.0, 4525.0], [594.0, 4525.0], [594.0, 4527.0], [590.0, 4527.0], [590.0, 4529.0], [578.0, 4529.0]]]}, "properties": {"cell_id": 779}}, {"type": "Feature", "geometry": {"type": "Polygon", "coordinates": [[[1858.0, 4494.9], [1858.0, 4492.9], [1854.0, 4492.9], [1854.0, 4490.9], [1838.1, 4490.9], [1838.1, 4488.9], [1836.1, 4488.9], [1836.1, 4478.9], [1838.1, 4478.9], [1838.1, 4474.9], [1840.1, 4474.9], [1840.1, 4473.0], [1842.1, 4473.0], [1842.1, 4471.0], [1846.1, 4471.0], [1846.1, 4469.0], [1850.1, 4469.0], [1850.0, 4467.0], [1864.0, 4467.0], [1864.0, 4469.0], [1868.0, 4469.0], [1868.0, 4471.0], [1872.0, 4471.0], [1872.0, 4472.9], [1874.0, 4472.9], [1874.0, 4476.9], [1876.0, 4476.9], [1876.0, 4478.9], [1874.0, 4478.9], [1874.0, 4482.9], [1872.0, 4482.9], [1872.0, 4484.9], [1870.0, 4484.9], [1870.0, 4486.9], [1868.0, 4486.9], [1868.0, 4490.9], [1866.0, 4490.9], [1866.0, 4492.9], [1864.0, 4492.9], [1864.0, 4494.9], [1858.0, 4494.9]]]}, "properties": {"cell_id": 780}}, {"type": "Feature", "geometry": {"type": "Polygon", "coordinates": [[[1072.6, 5047.3], [1072.6, 5045.3], [1068.6, 5045.3], [1068.6, 5043.3], [1066.6, 5043.3], [1066.6, 5039.3], [1064.6, 5039.3], [1064.6, 5033.3], [1066.6, 5033.3], [1066.6, 5029.3], [1068.6, 5029.3], [1068.6, 5027.3], [1072.6, 5027.3], [1072.6, 5025.3], [1076.6, 5025.3], [1076.6, 5027.3], [1080.5, 5027.3], [1080.5, 5029.3], [1082.5, 5029.3], [1082.5, 5031.3], [1084.5, 5031.3], [1084.5, 5035.3], [1086.5, 5035.3], [1086.5, 5037.3], [1088.5, 5037.3], [1088.5, 5039.3], [1086.5, 5039.3], [1086.5, 5043.3], [1084.5, 5043.3], [1084.5, 5045.3], [1080.5, 5045.3], [1080.5, 5047.3], [1072.6, 5047.3]]]}, "properties": {"cell_id": 781}}, {"type": "Feature", "geometry": {"type": "Polygon", "coordinates": [[[623.9, 4895.8], [623.9, 4893.8], [620.0, 4893.8], [620.0, 4891.8], [618.0, 4891.8], [618.0, 4889.8], [616.0, 4889.8], [616.0, 4885.9], [614.0, 4885.9], [614.0, 4883.9], [616.0, 4883.9], [616.0, 4881.9], [618.0, 4881.9], [618.0, 4879.9], [620.0, 4879.9], [620.0, 4877.9], [621.9, 4877.9], [621.9, 4875.9], [625.9, 4875.9], [625.9, 4877.9], [631.9, 4877.9], [631.9, 4875.9], [635.9, 4875.9], [635.9, 4879.9], [637.9, 4879.9], [637.9, 4887.8], [635.9, 4887.8], [635.9, 4891.8], [633.9, 4891.8], [633.9, 4893.8], [629.9, 4893.8], [629.9, 4895.8], [623.9, 4895.8]]]}, "properties": {"cell_id": 782}}, {"type": "Feature", "geometry": {"type": "Polygon", "coordinates": [[[1688.7, 5033.2], [1688.7, 5031.2], [1684.7, 5031.2], [1684.7, 5029.2], [1682.7, 5029.2], [1682.7, 5025.2], [1680.7, 5025.2], [1680.7, 5019.3], [1682.7, 5019.3], [1682.7, 5015.3], [1684.7, 5015.3], [1684.7, 5013.3], [1688.6, 5013.3], [1688.6, 5011.3], [1696.6, 5011.3], [1696.6, 5013.3], [1700.6, 5013.3], [1700.6, 5015.3], [1702.6, 5015.3], [1702.6, 5019.3], [1704.6, 5019.3], [1704.6, 5025.2], [1702.6, 5025.2], [1702.6, 5029.2], [1700.6, 5029.2], [1700.6, 5031.2], [1696.6, 5031.2], [1696.6, 5033.2], [1688.7, 5033.2]]]}, "properties": {"cell_id": 783}}, {"type": "Feature", "geometry": {"type": "Polygon", "coordinates": [[[1561.0, 4915.6], [1561.0, 4913.6], [1559.0, 4913.6], [1559.0, 4909.6], [1557.0, 4909.6], [1557.0, 4903.6], [1559.0, 4903.6], [1559.0, 4901.6], [1561.0, 4901.6], [1561.0, 4899.7], [1563.0, 4899.7], [1563.0, 4897.7], [1569.0, 4897.7], [1569.0, 4895.7], [1577.0, 4895.7], [1577.0, 4899.7], [1579.0, 4899.7], [1579.0, 4909.6], [1577.0, 4909.6], [1577.0, 4915.6], [1561.0, 4915.6]]]}, "properties": {"cell_id": 784}}, {"type": "Feature", "geometry": {"type": "Polygon", "coordinates": [[[952.9, 4792.1], [952.9, 4790.1], [948.9, 4790.1], [948.9, 4788.1], [946.9, 4788.1], [946.9, 4784.1], [944.9, 4784.1], [944.9, 4778.1], [946.9, 4778.1], [946.9, 4774.2], [950.9, 4774.2], [950.9, 4772.2], [954.9, 4772.2], [954.9, 4770.2], [956.9, 4770.2], [956.9, 4772.2], [962.9, 4772.2], [962.9, 4784.1], [960.9, 4784.1], [960.9, 4790.1], [956.9, 4790.1], [956.9, 4792.1], [952.9, 4792.1]]]}, "properties": {"cell_id": 785}}, {"type": "Feature", "geometry": {"type": "Polygon", "coordinates": [[[522.2, 4828.1], [522.2, 4826.1], [518.3, 4826.1], [518.3, 4824.1], [516.3, 4824.1], [516.3, 4822.1], [514.3, 4822.1], [514.3, 4818.1], [512.3, 4818.1], [512.3, 4814.1], [514.3, 4814.1], [514.3, 4810.1], [516.3, 4810.1], [516.3, 4808.1], [522.2, 4808.1], [522.2, 4810.1], [526.2, 4810.1], [526.2, 4812.1], [530.2, 4812.1], [530.2, 4814.1], [534.2, 4814.1], [534.2, 4816.1], [536.2, 4816.1], [536.2, 4820.1], [534.2, 4820.1], [534.2, 4824.1], [532.2, 4824.1], [532.2, 4826.1], [528.2, 4826.1], [528.2, 4828.1], [522.2, 4828.1]]]}, "properties": {"cell_id": 786}}, {"type": "Feature", "geometry": {"type": "Polygon", "coordinates": [[[1838.1, 4748.1], [1838.1, 4746.1], [1834.1, 4746.1], [1834.1, 4744.1], [1830.2, 4744.1], [1830.2, 4740.1], [1828.2, 4740.1], [1828.2, 4728.2], [1830.2, 4728.2], [1830.2, 4724.2], [1832.2, 4724.2], [1832.1, 4722.2], [1834.1, 4722.2], [1834.1, 4720.2], [1838.1, 4720.2], [1838.1, 4718.2], [1842.1, 4718.2], [1842.1, 4716.2], [1850.1, 4716.2], [1850.1, 4718.2], [1854.1, 4718.2], [1854.1, 4720.2], [1856.1, 4720.2], [1856.1, 4722.2], [1858.1, 4722.2], [1858.1, 4726.2], [1860.1, 4726.2], [1860.1, 4732.1], [1858.1, 4732.1], [1858.1, 4736.1], [1856.1, 4736.1], [1856.1, 4740.1], [1854.1, 4740.1], [1854.1, 4742.1], [1852.1, 4742.1], [1852.1, 4744.1], [1848.1, 4744.1], [1848.1, 4746.1], [1844.1, 4746.1], [1844.1, 4748.1], [1838.1, 4748.1]]]}, "properties": {"cell_id": 787}}, {"type": "Feature", "geometry": {"type": "Polygon", "coordinates": [[[2316.6, 4600.5], [2316.6, 4598.5], [2318.6, 4598.5], [2318.6, 4594.5], [2320.6, 4594.5], [2320.6, 4590.5], [2322.6, 4590.5], [2322.6, 4588.5], [2326.6, 4588.5], [2326.6, 4586.5], [2330.6, 4586.5], [2330.6, 4584.5], [2334.6, 4584.5], [2334.6, 4586.5], [2336.6, 4586.5], [2336.6, 4588.5], [2338.6, 4588.5], [2338.6, 4592.5], [2340.5, 4592.5], [2340.5, 4594.5], [2336.6, 4594.5], [2336.6, 4596.5], [2330.6, 4596.5], [2330.6, 4598.5], [2320.6, 4598.5], [2320.6, 4600.5], [2316.6, 4600.5]]]}, "properties": {"cell_id": 788}}, {"type": "Feature", "geometry": {"type": "Polygon", "coordinates": [[[731.6, 4828.0], [731.6, 4826.0], [727.6, 4826.0], [727.6, 4824.0], [725.6, 4824.0], [725.6, 4822.0], [723.6, 4822.0], [723.6, 4820.0], [721.6, 4820.0], [721.6, 4816.1], [719.6, 4816.1], [719.6, 4814.1], [721.6, 4814.1], [721.6, 4812.1], [725.6, 4812.1], [725.6, 4810.1], [727.6, 4810.1], [727.6, 4808.1], [729.6, 4808.1], [729.6, 4806.1], [735.6, 4806.1], [735.6, 4808.1], [737.6, 4808.1], [737.6, 4810.1], [739.6, 4810.1], [739.6, 4814.1], [741.6, 4814.1], [741.6, 4818.0], [743.6, 4818.0], [743.6, 4820.0], [741.6, 4820.0], [741.6, 4824.0], [739.6, 4824.0], [739.6, 4826.0], [735.6, 4826.0], [735.6, 4828.0], [731.6, 4828.0]]]}, "properties": {"cell_id": 789}}, {"type": "Feature", "geometry": {"type": "Polygon", "coordinates": [[[1876.0, 4602.5], [1876.0, 4600.5], [1872.0, 4600.5], [1872.0, 4598.6], [1870.0, 4598.6], [1870.0, 4596.6], [1868.0, 4596.6], [1868.0, 4594.6], [1866.0, 4594.6], [1866.0, 4590.6], [1864.0, 4590.6], [1864.0, 4586.6], [1862.0, 4586.6], [1862.0, 4576.6], [1864.0, 4576.6], [1864.0, 4572.6], [1891.9, 4572.6], [1891.9, 4576.6], [1893.9, 4576.6], [1893.9, 4586.6], [1891.9, 4586.6], [1891.9, 4590.6], [1889.9, 4590.6], [1889.9, 4594.6], [1888.0, 4594.6], [1888.0, 4596.6], [1886.0, 4596.6], [1886.0, 4598.5], [1884.0, 4598.5], [1884.0, 4600.5], [1880.0, 4600.5], [1880.0, 4602.5], [1876.0, 4602.5]]]}, "properties": {"cell_id": 790}}, {"type": "Feature", "geometry": {"type": "Polygon", "coordinates": [[[1866.1, 4770.0], [1866.1, 4768.0], [1862.1, 4768.0], [1862.1, 4766.0], [1860.1, 4766.0], [1860.1, 4762.0], [1858.1, 4762.0], [1858.1, 4754.1], [1860.1, 4754.1], [1860.1, 4750.1], [1862.1, 4750.1], [1862.1, 4748.1], [1864.1, 4748.1], [1864.1, 4746.1], [1868.0, 4746.1], [1868.0, 4744.1], [1876.0, 4744.1], [1876.0, 4746.1], [1880.0, 4746.1], [1880.0, 4748.1], [1882.0, 4748.1], [1882.0, 4758.0], [1880.0, 4758.0], [1880.0, 4766.0], [1878.0, 4766.0], [1878.0, 4768.0], [1876.0, 4768.0], [1876.0, 4770.0], [1866.1, 4770.0]]]}, "properties": {"cell_id": 791}}, {"type": "Feature", "geometry": {"type": "Polygon", "coordinates": [[[2380.5, 4931.4], [2380.5, 4929.4], [2376.5, 4929.4], [2376.5, 4927.4], [2374.5, 4927.4], [2374.5, 4925.4], [2372.5, 4925.4], [2372.5, 4921.5], [2370.5, 4921.5], [2370.5, 4917.5], [2372.5, 4917.5], [2372.5, 4913.5], [2374.5, 4913.5], [2374.5, 4911.5], [2376.5, 4911.5], [2376.5, 4909.5], [2380.5, 4909.5], [2380.5, 4907.5], [2382.5, 4907.5], [2382.5, 4909.5], [2386.5, 4909.5], [2386.5, 4911.5], [2388.5, 4911.5], [2388.5, 4913.5], [2390.4, 4913.5], [2390.4, 4919.5], [2392.4, 4919.5], [2392.4, 4921.4], [2394.4, 4921.4], [2394.4, 4923.4], [2392.4, 4923.4], [2392.4, 4927.4], [2390.4, 4927.4], [2390.4, 4929.4], [2386.5, 4929.4], [2386.5, 4931.4], [2380.5, 4931.4]]]}, "properties": {"cell_id": 792}}, {"type": "Feature", "geometry": {"type": "Polygon", "coordinates": [[[1622.8, 4965.4], [1622.8, 4963.4], [1618.9, 4963.4], [1618.9, 4961.5], [1616.9, 4961.5], [1616.9, 4955.5], [1618.9, 4955.5], [1618.9, 4953.5], [1620.8, 4953.5], [1620.8, 4951.5], [1622.8, 4951.5], [1622.8, 4947.5], [1624.8, 4947.5], [1624.8, 4943.5], [1630.8, 4943.5], [1630.8, 4945.5], [1634.8, 4945.5], [1634.8, 4963.4], [1630.8, 4963.4], [1630.8, 4965.4], [1622.8, 4965.4]]]}, "properties": {"cell_id": 793}}, {"type": "Feature", "geometry": {"type": "Polygon", "coordinates": [[[1882.0, 4770.0], [1882.0, 4768.0], [1878.0, 4768.0], [1878.0, 4766.0], [1880.0, 4766.0], [1880.0, 4758.0], [1882.0, 4758.0], [1882.0, 4752.1], [1886.0, 4752.1], [1886.0, 4750.1], [1890.0, 4750.1], [1890.0, 4748.1], [1897.9, 4748.1], [1897.9, 4750.1], [1901.9, 4750.1], [1901.9, 4752.1], [1903.9, 4752.1], [1903.9, 4756.1], [1905.9, 4756.0], [1905.9, 4758.0], [1901.9, 4758.0], [1901.9, 4760.0], [1899.9, 4760.0], [1899.9, 4762.0], [1898.0, 4762.0], [1898.0, 4764.0], [1896.0, 4764.0], [1896.0, 4766.0], [1894.0, 4766.0], [1894.0, 4768.0], [1892.0, 4768.0], [1892.0, 4770.0], [1882.0, 4770.0]]]}, "properties": {"cell_id": 794}}, {"type": "Feature", "geometry": {"type": "Polygon", "coordinates": [[[651.8, 4542.9], [651.8, 4540.9], [645.8, 4540.9], [645.8, 4538.9], [643.8, 4538.9], [643.8, 4535.0], [641.8, 4535.0], [641.8, 4531.0], [643.8, 4531.0], [643.8, 4527.0], [645.8, 4527.0], [645.8, 4525.0], [649.8, 4525.0], [649.8, 4523.0], [653.8, 4523.0], [653.8, 4521.0], [655.8, 4521.0], [655.8, 4525.0], [657.8, 4525.0], [657.8, 4527.0], [659.8, 4527.0], [659.8, 4533.0], [663.8, 4533.0], [663.8, 4542.9], [651.8, 4542.9]]]}, "properties": {"cell_id": 795}}, {"type": "Feature", "geometry": {"type": "Polygon", "coordinates": [[[2005.6, 4512.8], [2005.6, 4510.8], [2003.6, 4510.8], [2003.6, 4506.8], [2001.6, 4506.8], [2001.6, 4498.8], [2003.6, 4498.8], [2003.6, 4494.9], [2005.6, 4494.9], [2005.6, 4492.9], [2009.6, 4492.9], [2009.6, 4490.9], [2011.6, 4490.9], [2011.6, 4492.9], [2017.5, 4492.9], [2017.5, 4494.9], [2021.5, 4494.9], [2021.5, 4496.8], [2027.5, 4496.8], [2027.5, 4498.8], [2029.5, 4498.8], [2029.5, 4502.8], [2023.5, 4502.8], [2023.5, 4504.8], [2019.5, 4504.8], [2019.5, 4506.8], [2013.5, 4506.8], [2013.5, 4508.8], [2011.6, 4508.8], [2011.6, 4510.8], [2007.6, 4510.8], [2007.6, 4512.8], [2005.6, 4512.8]]]}, "properties": {"cell_id": 796}}, {"type": "Feature", "geometry": {"type": "Polygon", "coordinates": [[[1612.8, 4612.6], [1612.8, 4610.6], [1610.8, 4610.6], [1610.8, 4608.6], [1608.8, 4608.6], [1608.8, 4604.6], [1606.8, 4604.6], [1606.8, 4600.6], [1608.8, 4600.6], [1608.8, 4596.6], [1610.8, 4596.6], [1610.8, 4594.6], [1612.8, 4594.6], [1612.8, 4592.6], [1616.8, 4592.6], [1616.8, 4590.6], [1620.8, 4590.6], [1620.8, 4592.6], [1624.8, 4592.6], [1624.8, 4594.6], [1626.8, 4594.6], [1626.8, 4598.6], [1628.8, 4598.6], [1628.8, 4600.6], [1626.8, 4600.6], [1626.8, 4602.6], [1624.8, 4602.6], [1624.8, 4606.6], [1622.8, 4606.6], [1622.8, 4608.6], [1620.8, 4608.6], [1620.8, 4610.6], [1618.8, 4610.6], [1618.8, 4612.5], [1612.8, 4612.6]]]}, "properties": {"cell_id": 797}}, {"type": "Feature", "geometry": {"type": "Polygon", "coordinates": [[[911.0, 4788.1], [911.0, 4786.1], [907.0, 4786.1], [907.0, 4784.1], [905.0, 4784.1], [905.0, 4780.1], [903.1, 4780.1], [903.1, 4778.1], [905.0, 4778.1], [905.0, 4776.2], [907.0, 4776.2], [907.0, 4772.2], [909.0, 4772.2], [909.0, 4770.2], [911.0, 4770.2], [911.0, 4766.2], [913.0, 4766.2], [913.0, 4764.2], [919.0, 4764.2], [919.0, 4766.2], [923.0, 4766.2], [923.0, 4768.2], [925.0, 4768.2], [925.0, 4772.2], [927.0, 4772.2], [927.0, 4774.2], [925.0, 4774.2], [925.0, 4778.1], [923.0, 4778.1], [923.0, 4782.1], [921.0, 4782.1], [921.0, 4784.1], [919.0, 4784.1], [919.0, 4786.1], [915.0, 4786.1], [915.0, 4788.1], [911.0, 4788.1]]]}, "properties": {"cell_id": 798}}, {"type": "Feature", "geometry": {"type": "Polygon", "coordinates": [[[1004.8, 4993.5], [1004.8, 4981.5], [1006.8, 4981.5], [1006.8, 4973.5], [1008.8, 4973.5], [1008.8, 4969.5], [1012.7, 4969.5], [1012.7, 4971.5], [1016.7, 4971.5], [1016.7, 4973.5], [1018.7, 4973.5], [1018.7, 4977.5], [1020.7, 4977.5], [1020.7, 4985.5], [1018.7, 4985.5], [1018.7, 4989.5], [1016.7, 4989.5], [1016.7, 4991.5], [1012.7, 4991.5], [1012.7, 4993.5], [1004.8, 4993.5]]]}, "properties": {"cell_id": 799}}, {"type": "Feature", "geometry": {"type": "Polygon", "coordinates": [[[358.7, 4499.1], [358.7, 4497.1], [354.7, 4497.1], [354.7, 4495.1], [352.7, 4495.1], [352.7, 4491.1], [350.7, 4491.1], [350.7, 4485.2], [352.7, 4485.2], [352.7, 4481.2], [354.7, 4481.2], [354.7, 4479.2], [356.7, 4479.2], [356.7, 4477.2], [360.7, 4477.2], [360.7, 4475.2], [364.7, 4475.2], [364.7, 4477.2], [368.7, 4477.2], [368.7, 4479.2], [372.7, 4479.2], [372.7, 4481.2], [374.6, 4481.2], [374.6, 4483.2], [376.6, 4483.2], [376.6, 4487.2], [378.6, 4487.2], [378.6, 4489.1], [376.6, 4489.1], [376.6, 4493.1], [374.6, 4493.1], [374.6, 4495.1], [372.7, 4495.1], [372.7, 4497.1], [368.7, 4497.1], [368.7, 4499.1], [358.7, 4499.1]]]}, "properties": {"cell_id": 800}}, {"type": "Feature", "geometry": {"type": "Polygon", "coordinates": [[[416.5, 4648.6], [416.5, 4646.6], [412.6, 4646.6], [412.6, 4644.6], [410.6, 4644.7], [410.6, 4642.7], [408.6, 4642.7], [408.6, 4638.7], [406.6, 4638.7], [406.6, 4632.7], [408.6, 4632.7], [408.6, 4628.7], [410.6, 4628.7], [410.6, 4626.7], [420.5, 4626.7], [420.5, 4628.7], [424.5, 4628.7], [424.5, 4630.7], [430.5, 4630.7], [430.5, 4638.7], [432.5, 4638.7], [432.5, 4642.7], [430.5, 4642.7], [430.5, 4644.6], [428.5, 4644.6], [428.5, 4646.6], [424.5, 4646.6], [424.5, 4648.6], [416.5, 4648.6]]]}, "properties": {"cell_id": 801}}, {"type": "Feature", "geometry": {"type": "Polygon", "coordinates": [[[2292.8, 5013.2], [2292.8, 5011.2], [2290.8, 5011.2], [2290.8, 5003.2], [2294.8, 5003.2], [2294.8, 5001.2], [2298.7, 5001.2], [2298.7, 4999.2], [2300.7, 4999.2], [2300.7, 5001.2], [2302.7, 5001.2], [2302.7, 5007.2], [2298.7, 5007.2], [2298.7, 5013.2], [2292.8, 5013.2]]]}, "properties": {"cell_id": 802}}, {"type": "Feature", "geometry": {"type": "Polygon", "coordinates": [[[2037.5, 4742.1], [2037.5, 4740.1], [2033.5, 4740.1], [2033.5, 4738.1], [2031.5, 4738.1], [2031.5, 4734.1], [2029.5, 4734.1], [2029.5, 4728.1], [2031.5, 4728.1], [2031.5, 4724.1], [2033.5, 4724.1], [2033.5, 4722.1], [2037.5, 4722.1], [2037.5, 4720.1], [2041.5, 4720.1], [2041.5, 4722.1], [2045.5, 4722.1], [2045.5, 4724.1], [2047.5, 4724.1], [2047.5, 4728.1], [2049.5, 4728.1], [2049.5, 4734.1], [2047.5, 4734.1], [2047.5, 4738.1], [2045.5, 4738.1], [2045.5, 4740.1], [2041.5, 4740.1], [2041.5, 4742.1], [2037.5, 4742.1]]]}, "properties": {"cell_id": 803}}, {"type": "Feature", "geometry": {"type": "Polygon", "coordinates": [[[2119.3, 5031.1], [2119.3, 5029.2], [2115.3, 5029.2], [2115.3, 5027.2], [2113.3, 5027.2], [2113.3, 5023.2], [2111.3, 5023.2], [2111.3, 5017.2], [2113.3, 5017.2], [2113.3, 5013.2], [2117.3, 5013.2], [2117.3, 5011.2], [2121.3, 5011.2], [2121.3, 5009.2], [2125.3, 5009.2], [2125.3, 5011.2], [2127.3, 5011.2], [2127.3, 5015.2], [2129.3, 5015.2], [2129.3, 5017.2], [2131.3, 5017.2], [2131.3, 5023.2], [2129.3, 5023.2], [2129.3, 5027.2], [2127.3, 5027.2], [2127.3, 5031.1], [2119.3, 5031.1]]]}, "properties": {"cell_id": 804}}, {"type": "Feature", "geometry": {"type": "Polygon", "coordinates": [[[962.9, 4774.2], [962.9, 4772.2], [956.9, 4772.2], [956.9, 4756.2], [968.8, 4756.2], [968.8, 4758.2], [970.8, 4758.2], [970.8, 4760.2], [972.8, 4760.2], [972.8, 4762.2], [974.8, 4762.2], [974.8, 4766.2], [972.8, 4766.2], [972.8, 4770.2], [970.8, 4770.2], [970.8, 4772.2], [966.9, 4772.2], [966.9, 4774.1], [962.9, 4774.2]]]}, "properties": {"cell_id": 805}}, {"type": "Feature", "geometry": {"type": "Polygon", "coordinates": [[[645.9, 4945.7], [645.9, 4943.7], [641.9, 4943.7], [641.9, 4941.7], [639.9, 4941.7], [639.9, 4937.7], [637.9, 4937.7], [637.9, 4931.7], [639.9, 4931.7], [639.9, 4927.7], [641.9, 4927.7], [641.9, 4925.7], [643.9, 4925.7], [643.9, 4923.7], [647.9, 4923.7], [647.9, 4921.7], [653.9, 4921.7], [653.9, 4923.7], [657.8, 4923.7], [657.8, 4925.7], [659.8, 4925.7], [659.8, 4929.7], [661.8, 4929.7], [661.8, 4935.7], [659.8, 4935.7], [659.8, 4939.7], [657.8, 4939.7], [657.8, 4941.7], [655.9, 4941.7], [655.9, 4943.7], [651.9, 4943.7], [651.9, 4945.7], [645.9, 4945.7]]]}, "properties": {"cell_id": 806}}, {"type": "Feature", "geometry": {"type": "Polygon", "coordinates": [[[2019.6, 5001.3], [2019.6, 4999.3], [2015.6, 4999.3], [2015.6, 4989.3], [2013.6, 4989.3], [2013.6, 4987.3], [2015.6, 4987.3], [2015.6, 4989.3], [2019.6, 4989.3], [2019.6, 4991.3], [2021.6, 4991.3], [2021.6, 4993.3], [2023.6, 4993.3], [2023.6, 4997.3], [2025.6, 4997.3], [2025.6, 5001.3], [2019.6, 5001.3]]]}, "properties": {"cell_id": 807}}, {"type": "Feature", "geometry": {"type": "Polygon", "coordinates": [[[1116.4, 5043.3], [1116.4, 5039.3], [1114.4, 5039.3], [1114.4, 5035.3], [1112.4, 5035.3], [1112.4, 5033.3], [1114.4, 5033.3], [1114.4, 5029.3], [1112.4, 5029.3], [1112.4, 5021.3], [1114.4, 5021.3], [1114.4, 5019.4], [1118.4, 5019.4], [1118.4, 5017.4], [1122.4, 5017.4], [1122.4, 5019.4], [1126.4, 5019.4], [1126.4, 5021.3], [1128.4, 5021.3], [1128.4, 5025.3], [1130.4, 5025.3], [1130.4, 5029.3], [1128.4, 5029.3], [1128.4, 5039.3], [1126.4, 5039.3], [1126.4, 5041.3], [1122.4, 5041.3], [1122.4, 5043.3], [1116.4, 5043.3]]]}, "properties": {"cell_id": 808}}, {"type": "Feature", "geometry": {"type": "Polygon", "coordinates": [[[613.9, 4544.9], [613.9, 4542.9], [611.9, 4542.9], [611.9, 4540.9], [609.9, 4540.9], [609.9, 4538.9], [607.9, 4538.9], [607.9, 4537.0], [605.9, 4537.0], [605.9, 4535.0], [603.9, 4535.0], [603.9, 4533.0], [601.9, 4533.0], [601.9, 4527.0], [603.9, 4527.0], [603.9, 4523.0], [607.9, 4523.0], [607.9, 4521.0], [617.9, 4521.0], [617.9, 4519.0], [621.9, 4519.0], [621.9, 4521.0], [623.9, 4521.0], [623.9, 4523.0], [625.9, 4523.0], [625.9, 4525.0], [627.9, 4525.0], [627.9, 4529.0], [629.9, 4529.0], [629.9, 4531.0], [627.9, 4531.0], [627.9, 4535.0], [625.9, 4535.0], [625.9, 4538.9], [623.9, 4538.9], [623.9, 4540.9], [621.9, 4540.9], [621.9, 4542.9], [619.9, 4542.9], [619.9, 4544.9], [613.9, 4544.9]]]}, "properties": {"cell_id": 809}}, {"type": "Feature", "geometry": {"type": "Polygon", "coordinates": [[[697.6, 4503.0], [697.6, 4501.1], [693.7, 4501.1], [693.7, 4499.1], [691.7, 4499.1], [691.7, 4497.1], [689.7, 4497.1], [689.7, 4493.1], [691.7, 4493.1], [691.7, 4491.1], [693.7, 4491.1], [693.7, 4489.1], [695.6, 4489.1], [695.6, 4487.1], [713.6, 4487.1], [713.6, 4495.1], [711.6, 4495.1], [711.6, 4499.1], [709.6, 4499.1], [709.6, 4501.1], [705.6, 4501.1], [705.6, 4503.0], [697.6, 4503.0]]]}, "properties": {"cell_id": 810}}, {"type": "Feature", "geometry": {"type": "Polygon", "coordinates": [[[1654.7, 4933.5], [1654.7, 4931.5], [1652.7, 4931.5], [1652.7, 4917.6], [1650.7, 4917.6], [1650.7, 4909.6], [1652.7, 4909.6], [1652.7, 4911.6], [1666.7, 4911.6], [1666.7, 4915.6], [1668.7, 4915.6], [1668.7, 4925.6], [1666.7, 4925.6], [1666.7, 4929.5], [1664.7, 4929.5], [1664.7, 4931.5], [1660.7, 4931.5], [1660.7, 4933.5], [1654.7, 4933.5]]]}, "properties": {"cell_id": 811}}, {"type": "Feature", "geometry": {"type": "Polygon", "coordinates": [[[683.7, 4760.2], [683.7, 4758.2], [679.7, 4758.2], [679.7, 4752.3], [677.7, 4752.3], [677.7, 4748.3], [675.8, 4748.3], [675.8, 4746.3], [677.7, 4746.3], [677.7, 4742.3], [691.7, 4742.3], [691.7, 4744.3], [695.7, 4744.3], [695.7, 4746.3], [697.7, 4746.3], [697.7, 4750.3], [695.7, 4750.3], [695.7, 4754.3], [693.7, 4754.3], [693.7, 4756.3], [691.7, 4756.3], [691.7, 4758.2], [687.7, 4758.2], [687.7, 4760.2], [683.7, 4760.2]]]}, "properties": {"cell_id": 812}}, {"type": "Feature", "geometry": {"type": "Polygon", "coordinates": [[[1904.0, 4989.3], [1904.0, 4979.3], [1906.0, 4979.3], [1906.0, 4981.3], [1911.9, 4981.3], [1911.9, 4985.3], [1913.9, 4985.3], [1913.9, 4987.3], [1911.9, 4987.3], [1911.9, 4989.3], [1904.0, 4989.3]]]}, "properties": {"cell_id": 813}}, {"type": "Feature", "geometry": {"type": "Polygon", "coordinates": [[[2446.3, 5019.1], [2446.3, 5017.1], [2444.3, 5017.1], [2444.3, 5015.1], [2442.3, 5015.1], [2442.3, 5013.2], [2440.3, 5013.2], [2440.3, 5011.2], [2438.3, 5011.2], [2438.3, 5005.2], [2440.3, 5005.2], [2440.3, 5001.2], [2442.3, 5001.2], [2442.3, 4999.2], [2456.3, 4999.2], [2456.3, 5003.2], [2458.2, 5003.2], [2458.2, 5005.2], [2460.2, 5005.2], [2460.2, 5009.2], [2462.2, 5009.2], [2462.2, 5013.1], [2460.2, 5013.1], [2460.2, 5015.1], [2458.3, 5015.1], [2458.3, 5017.1], [2454.3, 5017.1], [2454.3, 5019.1], [2446.3, 5019.1]]]}, "properties": {"cell_id": 814}}, {"type": "Feature", "geometry": {"type": "Polygon", "coordinates": [[[1858.1, 4831.8], [1858.1, 4829.8], [1856.1, 4829.8], [1856.1, 4827.8], [1854.1, 4827.8], [1854.1, 4825.8], [1852.1, 4825.8], [1852.1, 4823.8], [1854.1, 4823.8], [1854.1, 4819.9], [1856.1, 4819.9], [1856.1, 4817.9], [1858.1, 4817.9], [1858.1, 4815.9], [1862.1, 4815.9], [1862.1, 4813.9], [1868.1, 4813.9], [1868.1, 4815.9], [1870.0, 4815.9], [1870.0, 4823.8], [1868.1, 4823.8], [1868.1, 4831.8], [1858.1, 4831.8]]]}, "properties": {"cell_id": 815}}, {"type": "Feature", "geometry": {"type": "Polygon", "coordinates": [[[2087.4, 5017.2], [2087.4, 5015.2], [2085.4, 5015.2], [2085.4, 5009.2], [2089.4, 5009.2], [2089.4, 5007.2], [2091.4, 5007.2], [2091.4, 5005.2], [2095.4, 5005.2], [2095.4, 5017.2], [2087.4, 5017.2]]]}, "properties": {"cell_id": 816}}, {"type": "Feature", "geometry": {"type": "Polygon", "coordinates": [[[376.7, 4602.8], [376.7, 4600.8], [372.7, 4600.8], [372.7, 4598.8], [370.7, 4598.8], [370.7, 4596.8], [368.7, 4596.8], [368.7, 4592.8], [366.7, 4592.8], [366.7, 4584.8], [368.7, 4584.8], [368.7, 4580.9], [370.7, 4580.9], [370.7, 4578.9], [374.7, 4578.9], [374.7, 4576.9], [382.6, 4576.9], [382.6, 4578.9], [386.6, 4578.9], [386.6, 4580.9], [388.6, 4580.9], [388.6, 4582.8], [390.6, 4582.8], [390.6, 4598.8], [388.6, 4598.8], [388.6, 4600.8], [384.6, 4600.8], [384.6, 4602.8], [376.7, 4602.8]]]}, "properties": {"cell_id": 817}}, {"type": "Feature", "geometry": {"type": "Polygon", "coordinates": [[[1896.0, 4791.9], [1896.0, 4789.9], [1892.0, 4789.9], [1892.0, 4788.0], [1890.0, 4788.0], [1890.0, 4784.0], [1892.0, 4784.0], [1892.0, 4780.0], [1894.0, 4780.0], [1894.0, 4778.0], [1898.0, 4778.0], [1898.0, 4776.0], [1899.9, 4776.0], [1899.9, 4774.0], [1903.9, 4774.0], [1903.9, 4772.0], [1909.9, 4772.0], [1909.9, 4774.0], [1911.9, 4774.0], [1911.9, 4778.0], [1913.9, 4778.0], [1913.9, 4780.0], [1911.9, 4780.0], [1911.9, 4784.0], [1909.9, 4784.0], [1909.9, 4787.9], [1907.9, 4787.9], [1907.9, 4789.9], [1903.9, 4789.9], [1903.9, 4791.9], [1896.0, 4791.9]]]}, "properties": {"cell_id": 818}}, {"type": "Feature", "geometry": {"type": "Polygon", "coordinates": [[[735.5, 4540.9], [735.5, 4538.9], [725.6, 4538.9], [725.6, 4532.9], [727.6, 4532.9], [727.6, 4529.0], [729.5, 4529.0], [729.5, 4527.0], [731.5, 4527.0], [731.5, 4525.0], [735.5, 4525.0], [735.5, 4523.0], [739.5, 4523.0], [739.5, 4525.0], [743.5, 4525.0], [743.5, 4527.0], [745.5, 4527.0], [745.5, 4531.0], [747.5, 4531.0], [747.5, 4538.9], [737.5, 4538.9], [737.5, 4540.9], [735.5, 4540.9]]]}, "properties": {"cell_id": 819}}, {"type": "Feature", "geometry": {"type": "Polygon", "coordinates": [[[1166.2, 4704.3], [1166.2, 4702.3], [1162.2, 4702.3], [1162.2, 4700.3], [1160.2, 4700.3], [1160.2, 4698.4], [1156.2, 4698.4], [1156.2, 4696.4], [1158.2, 4696.4], [1158.2, 4692.4], [1160.2, 4692.4], [1160.2, 4690.4], [1162.2, 4690.4], [1162.2, 4684.4], [1164.2, 4684.4], [1164.2, 4680.4], [1166.2, 4680.4], [1166.2, 4682.4], [1170.2, 4682.4], [1170.2, 4684.4], [1172.2, 4684.4], [1172.2, 4686.4], [1174.2, 4686.4], [1174.2, 4690.4], [1176.2, 4690.4], [1176.2, 4696.4], [1174.2, 4696.4], [1174.2, 4700.3], [1172.2, 4700.3], [1172.2, 4702.3], [1168.2, 4702.3], [1168.2, 4704.3], [1166.2, 4704.3]]]}, "properties": {"cell_id": 820}}, {"type": "Feature", "geometry": {"type": "Polygon", "coordinates": [[[1792.3, 4795.9], [1792.3, 4793.9], [1788.3, 4794.0], [1788.3, 4792.0], [1786.3, 4792.0], [1786.3, 4788.0], [1784.3, 4788.0], [1784.3, 4782.0], [1786.3, 4782.0], [1786.3, 4778.0], [1788.3, 4778.0], [1788.3, 4776.0], [1790.3, 4776.0], [1790.3, 4774.0], [1794.3, 4774.0], [1794.3, 4772.0], [1800.3, 4772.0], [1800.3, 4774.0], [1804.2, 4774.0], [1804.2, 4776.0], [1806.2, 4776.0], [1806.2, 4784.0], [1804.2, 4784.0], [1804.2, 4788.0], [1802.3, 4788.0], [1802.3, 4792.0], [1800.3, 4792.0], [1800.3, 4793.9], [1798.3, 4793.9], [1798.3, 4795.9], [1792.3, 4795.9]]]}, "properties": {"cell_id": 821}}, {"type": "Feature", "geometry": {"type": "Polygon", "coordinates": [[[1760.4, 4768.0], [1760.4, 4766.0], [1756.4, 4766.0], [1756.4, 4764.0], [1754.4, 4764.0], [1754.4, 4762.1], [1752.4, 4762.1], [1752.4, 4758.1], [1750.4, 4758.1], [1750.4, 4754.1], [1752.4, 4754.1], [1752.4, 4750.1], [1754.4, 4750.1], [1754.4, 4748.1], [1756.4, 4748.1], [1756.4, 4746.1], [1760.4, 4746.1], [1760.4, 4744.1], [1766.4, 4744.1], [1766.4, 4746.1], [1770.3, 4746.1], [1770.3, 4748.1], [1772.3, 4748.1], [1772.3, 4750.1], [1774.3, 4750.1], [1774.3, 4754.1], [1776.3, 4754.1], [1776.3, 4758.1], [1774.3, 4758.1], [1774.3, 4760.1], [1772.3, 4760.1], [1772.3, 4762.1], [1770.3, 4762.1], [1770.3, 4764.0], [1768.4, 4764.0], [1768.4, 4766.0], [1764.4, 4766.0], [1764.4, 4768.0], [1760.4, 4768.0]]]}, "properties": {"cell_id": 822}}, {"type": "Feature", "geometry": {"type": "Polygon", "coordinates": [[[1770.4, 4855.8], [1770.4, 4853.8], [1766.4, 4853.8], [1766.4, 4851.8], [1764.4, 4851.8], [1764.4, 4849.8], [1762.4, 4849.8], [1762.4, 4845.8], [1760.4, 4845.8], [1760.4, 4841.8], [1762.4, 4841.8], [1762.4, 4837.8], [1764.4, 4837.8], [1764.4, 4835.8], [1766.4, 4835.8], [1766.4, 4833.8], [1770.4, 4833.8], [1770.4, 4831.8], [1778.3, 4831.8], [1778.3, 4833.8], [1782.3, 4833.8], [1782.3, 4835.8], [1784.3, 4835.8], [1784.3, 4839.8], [1786.3, 4839.8], [1786.3, 4845.8], [1784.3, 4845.8], [1784.3, 4849.8], [1782.3, 4849.8], [1782.3, 4851.8], [1778.3, 4851.8], [1778.3, 4853.8], [1772.4, 4853.8], [1772.4, 4855.8], [1770.4, 4855.8]]]}, "properties": {"cell_id": 823}}, {"type": "Feature", "geometry": {"type": "Polygon", "coordinates": [[[594.0, 4684.5], [594.0, 4682.5], [590.0, 4682.5], [590.0, 4680.5], [584.0, 4680.5], [584.0, 4678.5], [582.0, 4678.5], [582.0, 4676.5], [578.0, 4676.5], [578.0, 4670.5], [584.0, 4670.5], [584.0, 4668.5], [596.0, 4668.5], [596.0, 4670.5], [598.0, 4670.5], [598.0, 4674.5], [600.0, 4674.5], [600.0, 4678.5], [598.0, 4678.5], [598.0, 4682.5], [596.0, 4682.5], [596.0, 4684.5], [594.0, 4684.5]]]}, "properties": {"cell_id": 824}}, {"type": "Feature", "geometry": {"type": "Polygon", "coordinates": [[[2227.0, 4961.3], [2227.0, 4959.4], [2223.0, 4959.4], [2223.0, 4957.4], [2221.0, 4957.4], [2221.0, 4955.4], [2219.0, 4955.4], [2219.0, 4951.4], [2217.0, 4951.4], [2217.0, 4947.4], [2219.0, 4947.4], [2219.0, 4943.4], [2221.0, 4943.4], [2221.0, 4941.4], [2232.9, 4941.4], [2232.9, 4943.4], [2236.9, 4943.4], [2236.9, 4945.4], [2240.9, 4945.4], [2240.9, 4947.4], [2242.9, 4947.4], [2242.9, 4953.4], [2240.9, 4953.4], [2240.9, 4957.4], [2238.9, 4957.4], [2238.9, 4959.4], [2234.9, 4959.4], [2234.9, 4961.3], [2227.0, 4961.3]]]}, "properties": {"cell_id": 825}}, {"type": "Feature", "geometry": {"type": "Polygon", "coordinates": [[[1830.2, 4791.9], [1830.2, 4790.0], [1828.2, 4790.0], [1828.2, 4788.0], [1826.2, 4788.0], [1826.2, 4786.0], [1824.2, 4786.0], [1824.2, 4784.0], [1822.2, 4784.0], [1822.2, 4782.0], [1820.2, 4782.0], [1820.2, 4780.0], [1818.2, 4780.0], [1818.2, 4776.0], [1816.2, 4776.0], [1816.2, 4772.0], [1832.2, 4772.0], [1832.2, 4774.0], [1838.1, 4774.0], [1838.1, 4776.0], [1842.1, 4776.0], [1842.1, 4782.0], [1840.1, 4782.0], [1840.1, 4786.0], [1838.1, 4786.0], [1838.1, 4788.0], [1836.1, 4788.0], [1836.1, 4790.0], [1832.2, 4790.0], [1832.2, 4791.9], [1830.2, 4791.9]]]}, "properties": {"cell_id": 826}}, {"type": "Feature", "geometry": {"type": "Polygon", "coordinates": [[[617.9, 4694.5], [617.9, 4692.5], [613.9, 4692.5], [613.9, 4690.5], [611.9, 4690.5], [611.9, 4688.5], [609.9, 4688.5], [609.9, 4684.5], [608.0, 4684.5], [608.0, 4680.5], [609.9, 4680.5], [609.9, 4676.5], [611.9, 4676.5], [611.9, 4674.5], [615.9, 4674.5], [615.9, 4672.5], [619.9, 4672.5], [619.9, 4674.5], [623.9, 4674.5], [623.9, 4676.5], [625.9, 4676.5], [625.9, 4678.5], [627.9, 4678.5], [627.9, 4682.5], [629.9, 4682.5], [629.9, 4686.5], [627.9, 4686.5], [627.9, 4690.5], [625.9, 4690.5], [625.9, 4692.5], [621.9, 4692.5], [621.9, 4694.5], [617.9, 4694.5]]]}, "properties": {"cell_id": 827}}, {"type": "Feature", "geometry": {"type": "Polygon", "coordinates": [[[2107.3, 4696.2], [2107.3, 4688.2], [2105.3, 4688.2], [2105.3, 4682.2], [2121.2, 4682.2], [2121.2, 4684.2], [2123.2, 4684.2], [2123.2, 4690.2], [2121.2, 4690.2], [2121.2, 4694.2], [2115.3, 4694.2], [2115.3, 4696.2], [2107.3, 4696.2]]]}, "properties": {"cell_id": 828}}, {"type": "Feature", "geometry": {"type": "Polygon", "coordinates": [[[2083.4, 5011.2], [2083.4, 5009.2], [2079.4, 5009.2], [2079.4, 5007.2], [2077.4, 5007.2], [2077.4, 5003.2], [2075.4, 5003.2], [2075.4, 5001.2], [2073.4, 5001.2], [2073.4, 4999.3], [2081.4, 4999.3], [2081.4, 4997.3], [2083.4, 4997.3], [2083.4, 4999.3], [2093.4, 4999.3], [2093.4, 5001.2], [2095.4, 5001.2], [2095.4, 5005.2], [2091.4, 5005.2], [2091.4, 5007.2], [2089.4, 5007.2], [2089.4, 5009.2], [2085.4, 5009.2], [2085.4, 5011.2], [2083.4, 5011.2]]]}, "properties": {"cell_id": 829}}, {"type": "Feature", "geometry": {"type": "Polygon", "coordinates": [[[2272.7, 4490.8], [2272.7, 4488.8], [2268.8, 4488.8], [2268.8, 4486.8], [2266.8, 4486.8], [2266.8, 4482.8], [2264.8, 4482.8], [2264.8, 4478.9], [2266.8, 4478.9], [2266.8, 4474.9], [2268.7, 4474.9], [2268.7, 4472.9], [2270.7, 4472.9], [2270.7, 4470.9], [2272.7, 4470.9], [2272.7, 4468.9], [2276.7, 4468.9], [2276.7, 4466.9], [2282.7, 4466.9], [2282.7, 4468.9], [2286.7, 4468.9], [2286.7, 4470.9], [2288.7, 4470.9], [2288.7, 4474.9], [2290.7, 4474.9], [2290.7, 4480.9], [2288.7, 4480.9], [2288.7, 4484.8], [2286.7, 4484.8], [2286.7, 4486.8], [2284.7, 4486.8], [2284.7, 4488.8], [2280.7, 4488.8], [2280.7, 4490.8], [2272.7, 4490.8]]]}, "properties": {"cell_id": 830}}, {"type": "Feature", "geometry": {"type": "Polygon", "coordinates": [[[2143.2, 4957.4], [2143.2, 4955.4], [2139.2, 4955.4], [2139.2, 4953.4], [2137.2, 4953.4], [2137.2, 4951.4], [2135.2, 4951.4], [2135.2, 4949.4], [2133.3, 4949.4], [2133.3, 4945.4], [2135.2, 4945.4], [2135.2, 4941.4], [2137.2, 4941.4], [2137.2, 4939.4], [2139.2, 4939.4], [2139.2, 4937.4], [2143.2, 4937.4], [2143.2, 4935.4], [2145.2, 4935.4], [2145.2, 4933.5], [2147.2, 4933.5], [2147.2, 4935.4], [2151.2, 4935.4], [2151.2, 4937.4], [2153.2, 4937.4], [2153.2, 4945.4], [2151.2, 4945.4], [2151.2, 4947.4], [2149.2, 4947.4], [2149.2, 4951.4], [2147.2, 4951.4], [2147.2, 4953.4], [2145.2, 4953.4], [2145.2, 4957.4], [2143.2, 4957.4]]]}, "properties": {"cell_id": 831}}, {"type": "Feature", "geometry": {"type": "Polygon", "coordinates": [[[1407.5, 5053.2], [1407.5, 5051.2], [1405.5, 5051.2], [1405.5, 5047.2], [1403.5, 5047.2], [1403.5, 5041.2], [1405.5, 5041.2], [1405.5, 5037.2], [1407.5, 5037.2], [1407.5, 5033.3], [1409.5, 5033.3], [1409.5, 5031.3], [1413.5, 5031.3], [1413.5, 5029.3], [1417.5, 5029.3], [1417.5, 5031.3], [1421.5, 5031.3], [1421.5, 5033.3], [1423.5, 5033.3], [1423.5, 5035.3], [1425.5, 5035.3], [1425.5, 5039.2], [1427.5, 5039.2], [1427.5, 5047.2], [1425.5, 5047.2], [1425.5, 5051.2], [1417.5, 5051.2], [1417.5, 5053.2], [1407.5, 5053.2]]]}, "properties": {"cell_id": 832}}, {"type": "Feature", "geometry": {"type": "Polygon", "coordinates": [[[2306.7, 4640.3], [2306.7, 4638.4], [2302.7, 4638.4], [2302.7, 4636.4], [2300.7, 4636.4], [2300.7, 4634.4], [2298.7, 4634.4], [2298.7, 4630.4], [2296.7, 4630.4], [2296.7, 4628.4], [2298.7, 4628.4], [2298.7, 4624.4], [2300.7, 4624.4], [2300.7, 4620.4], [2302.7, 4620.4], [2302.7, 4618.4], [2306.7, 4618.4], [2306.7, 4616.4], [2310.6, 4616.4], [2310.6, 4614.4], [2316.6, 4614.4], [2316.6, 4616.4], [2320.6, 4616.4], [2320.6, 4618.4], [2322.6, 4618.4], [2322.6, 4622.4], [2324.6, 4622.4], [2324.6, 4630.4], [2322.6, 4630.4], [2322.6, 4634.4], [2320.6, 4634.4], [2320.6, 4636.4], [2318.6, 4636.4], [2318.6, 4638.4], [2314.6, 4638.4], [2314.6, 4640.3], [2306.7, 4640.3]]]}, "properties": {"cell_id": 833}}, {"type": "Feature", "geometry": {"type": "Polygon", "coordinates": [[[2175.1, 5019.2], [2175.1, 5017.2], [2173.1, 5017.2], [2173.1, 5015.2], [2171.1, 5015.2], [2171.1, 5013.2], [2169.2, 5013.2], [2169.2, 5011.2], [2167.2, 5011.2], [2167.2, 5005.2], [2165.2, 5005.2], [2165.2, 5001.2], [2167.2, 5001.2], [2167.2, 4999.2], [2169.1, 4999.2], [2169.1, 4997.2], [2173.1, 4997.2], [2173.1, 4995.3], [2179.1, 4995.3], [2179.1, 4997.2], [2183.1, 4997.2], [2183.1, 4999.2], [2185.1, 4999.2], [2185.1, 5011.2], [2183.1, 5011.2], [2183.1, 5013.2], [2181.1, 5013.2], [2181.1, 5017.2], [2177.1, 5017.2], [2177.1, 5019.2], [2175.1, 5019.2]]]}, "properties": {"cell_id": 834}}, {"type": "Feature", "geometry": {"type": "Polygon", "coordinates": [[[929.0, 4951.6], [929.0, 4949.6], [925.0, 4949.6], [925.0, 4947.6], [921.0, 4947.6], [921.0, 4945.6], [919.0, 4945.6], [919.0, 4943.6], [917.0, 4943.6], [917.0, 4939.6], [915.0, 4939.6], [915.0, 4935.6], [917.0, 4935.6], [917.0, 4931.7], [919.0, 4931.7], [919.0, 4929.7], [921.0, 4929.7], [921.0, 4927.7], [923.0, 4927.7], [923.0, 4925.7], [927.0, 4925.7], [927.0, 4923.7], [929.0, 4923.7], [929.0, 4925.7], [933.0, 4925.7], [933.0, 4927.7], [937.0, 4927.7], [937.0, 4929.7], [939.0, 4929.7], [939.0, 4933.7], [941.0, 4933.7], [941.0, 4941.6], [939.0, 4941.6], [939.0, 4945.6], [937.0, 4945.6], [937.0, 4947.6], [935.0, 4947.6], [935.0, 4949.6], [931.0, 4949.6], [931.0, 4951.6], [929.0, 4951.6]]]}, "properties": {"cell_id": 835}}, {"type": "Feature", "geometry": {"type": "Polygon", "coordinates": [[[2093.4, 4845.7], [2093.4, 4843.7], [2089.4, 4843.7], [2089.4, 4841.7], [2087.4, 4841.7], [2087.4, 4837.8], [2085.4, 4837.8], [2085.4, 4829.8], [2087.4, 4829.8], [2087.4, 4825.8], [2089.4, 4825.8], [2089.4, 4823.8], [2093.4, 4823.8], [2093.4, 4821.8], [2105.3, 4821.8], [2105.3, 4823.8], [2109.3, 4823.8], [2109.3, 4825.8], [2111.3, 4825.8], [2111.3, 4829.8], [2113.3, 4829.8], [2113.3, 4837.8], [2111.3, 4837.8], [2111.3, 4841.7], [2109.3, 4841.7], [2109.3, 4843.7], [2105.3, 4843.7], [2105.3, 4845.7], [2093.4, 4845.7]]]}, "properties": {"cell_id": 836}}, {"type": "Feature", "geometry": {"type": "Polygon", "coordinates": [[[1150.3, 4696.4], [1150.3, 4694.4], [1148.3, 4694.4], [1148.3, 4690.4], [1146.3, 4690.4], [1146.3, 4684.4], [1148.3, 4684.4], [1148.3, 4680.4], [1150.3, 4680.4], [1150.3, 4678.4], [1154.3, 4678.4], [1154.3, 4676.4], [1158.2, 4676.4], [1158.2, 4678.4], [1162.2, 4678.4], [1162.2, 4680.4], [1164.2, 4680.4], [1164.2, 4684.4], [1162.2, 4684.4], [1162.2, 4690.4], [1160.2, 4690.4], [1160.2, 4692.4], [1158.2, 4692.4], [1158.2, 4696.4], [1150.3, 4696.4]]]}, "properties": {"cell_id": 837}}, {"type": "Feature", "geometry": {"type": "Polygon", "coordinates": [[[2179.1, 4903.5], [2179.1, 4901.5], [2175.1, 4901.5], [2175.1, 4899.6], [2171.1, 4899.6], [2171.1, 4897.6], [2169.1, 4897.6], [2169.1, 4889.6], [2167.1, 4889.6], [2167.1, 4883.6], [2165.1, 4883.6], [2165.1, 4879.6], [2169.1, 4879.6], [2169.1, 4877.6], [2173.1, 4877.6], [2173.1, 4875.6], [2179.1, 4875.6], [2179.1, 4877.6], [2183.1, 4877.6], [2183.1, 4879.6], [2185.1, 4879.6], [2185.1, 4881.6], [2187.1, 4881.6], [2187.1, 4883.6], [2189.1, 4883.6], [2189.1, 4887.6], [2191.1, 4887.6], [2191.1, 4891.6], [2189.1, 4891.6], [2189.1, 4895.6], [2187.1, 4895.6], [2187.1, 4899.6], [2185.1, 4899.6], [2185.1, 4901.5], [2181.1, 4901.5], [2181.1, 4903.5], [2179.1, 4903.5]]]}, "properties": {"cell_id": 838}}, {"type": "Feature", "geometry": {"type": "Polygon", "coordinates": [[[643.8, 4710.4], [643.8, 4708.4], [639.9, 4708.4], [639.9, 4706.4], [637.9, 4706.4], [637.9, 4702.4], [635.9, 4702.4], [635.9, 4696.4], [637.9, 4696.4], [637.9, 4692.5], [639.9, 4692.5], [639.9, 4690.5], [643.8, 4690.5], [643.8, 4688.5], [653.8, 4688.5], [653.8, 4690.5], [657.8, 4690.5], [657.8, 4692.5], [659.8, 4692.5], [659.8, 4696.4], [661.8, 4696.4], [661.8, 4700.4], [659.8, 4700.4], [659.8, 4704.4], [657.8, 4704.4], [657.8, 4706.4], [655.8, 4706.4], [655.8, 4708.4], [651.8, 4708.4], [651.8, 4710.4], [643.8, 4710.4]]]}, "properties": {"cell_id": 839}}, {"type": "Feature", "geometry": {"type": "Polygon", "coordinates": [[[647.8, 4790.2], [647.8, 4788.2], [643.9, 4788.2], [643.9, 4786.2], [641.9, 4786.2], [641.9, 4782.2], [639.9, 4782.2], [639.9, 4780.2], [643.9, 4780.2], [643.9, 4778.2], [645.9, 4778.2], [645.9, 4776.2], [647.8, 4776.2], [647.8, 4774.2], [651.8, 4774.2], [651.8, 4772.2], [659.8, 4772.2], [659.8, 4774.2], [661.8, 4774.2], [661.8, 4782.2], [659.8, 4782.2], [659.8, 4786.2], [657.8, 4786.2], [657.8, 4788.2], [653.8, 4788.2], [653.8, 4790.2], [647.8, 4790.2]]]}, "properties": {"cell_id": 840}}, {"type": "Feature", "geometry": {"type": "Polygon", "coordinates": [[[2053.5, 4987.3], [2053.5, 4985.3], [2049.5, 4985.3], [2049.5, 4977.3], [2051.5, 4977.3], [2051.5, 4975.3], [2053.5, 4975.3], [2053.5, 4967.4], [2057.5, 4967.4], [2057.5, 4965.4], [2059.5, 4965.4], [2059.5, 4963.4], [2061.5, 4963.4], [2061.5, 4965.4], [2063.5, 4965.4], [2063.5, 4967.4], [2065.5, 4967.4], [2065.5, 4971.3], [2067.5, 4971.3], [2067.5, 4975.3], [2065.5, 4975.3], [2065.5, 4981.3], [2063.5, 4981.3], [2063.5, 4983.3], [2061.5, 4983.3], [2061.5, 4985.3], [2059.5, 4985.3], [2059.5, 4987.3], [2053.5, 4987.3]]]}, "properties": {"cell_id": 841}}, {"type": "Feature", "geometry": {"type": "Polygon", "coordinates": [[[482.3, 4533.0], [482.3, 4531.0], [478.3, 4531.0], [478.3, 4529.0], [474.3, 4529.0], [474.3, 4527.0], [472.3, 4527.0], [472.3, 4523.0], [470.4, 4523.0], [470.4, 4515.0], [472.3, 4515.0], [472.3, 4511.1], [474.3, 4511.1], [474.3, 4509.1], [478.3, 4509.1], [478.3, 4507.1], [480.3, 4507.1], [480.3, 4509.1], [486.3, 4509.1], [486.3, 4511.1], [490.3, 4511.1], [490.3, 4513.1], [492.3, 4513.1], [492.3, 4517.0], [494.3, 4517.0], [494.3, 4521.0], [496.3, 4521.0], [496.3, 4523.0], [494.3, 4523.0], [494.3, 4527.0], [492.3, 4527.0], [492.3, 4529.0], [490.3, 4529.0], [490.3, 4531.0], [486.3, 4531.0], [486.3, 4533.0], [482.3, 4533.0]]]}, "properties": {"cell_id": 842}}, {"type": "Feature", "geometry": {"type": "Polygon", "coordinates": [[[1030.6, 4493.0], [1030.6, 4491.0], [1026.6, 4491.0], [1026.6, 4489.0], [1024.6, 4489.0], [1024.6, 4485.0], [1022.6, 4485.0], [1022.6, 4479.1], [1024.6, 4479.1], [1024.6, 4475.1], [1026.6, 4475.1], [1026.6, 4473.1], [1030.6, 4473.1], [1030.6, 4471.1], [1036.6, 4471.1], [1036.6, 4473.1], [1040.6, 4473.1], [1040.6, 4475.1], [1042.6, 4475.1], [1042.6, 4479.1], [1044.6, 4479.1], [1044.6, 4485.0], [1042.6, 4485.0], [1042.6, 4489.0], [1040.6, 4489.0], [1040.6, 4491.0], [1036.6, 4491.0], [1036.6, 4493.0], [1030.6, 4493.0]]]}, "properties": {"cell_id": 843}}, {"type": "Feature", "geometry": {"type": "Polygon", "coordinates": [[[1028.7, 4796.1], [1028.7, 4794.1], [1024.7, 4794.1], [1024.7, 4792.1], [1022.7, 4792.1], [1022.7, 4788.1], [1020.7, 4788.1], [1020.7, 4780.1], [1022.7, 4780.1], [1022.7, 4776.1], [1024.7, 4776.1], [1024.7, 4774.1], [1028.7, 4774.1], [1028.7, 4772.1], [1036.6, 4772.1], [1036.6, 4774.1], [1040.6, 4774.1], [1040.6, 4776.1], [1042.6, 4776.1], [1042.6, 4780.1], [1044.6, 4780.1], [1044.6, 4784.1], [1046.6, 4784.1], [1046.6, 4786.1], [1044.6, 4786.1], [1044.6, 4790.1], [1042.6, 4790.1], [1042.6, 4792.1], [1040.6, 4792.1], [1040.6, 4794.1], [1036.6, 4794.1], [1036.6, 4796.1], [1028.7, 4796.1]]]}, "properties": {"cell_id": 844}}, {"type": "Feature", "geometry": {"type": "Polygon", "coordinates": [[[1469.3, 4582.7], [1469.3, 4572.7], [1471.2, 4572.7], [1471.2, 4570.7], [1473.2, 4570.7], [1473.2, 4568.7], [1477.2, 4568.7], [1477.2, 4566.7], [1481.2, 4566.7], [1481.2, 4568.7], [1483.2, 4568.7], [1483.2, 4570.7], [1485.2, 4570.7], [1485.2, 4574.7], [1487.2, 4574.7], [1487.2, 4576.7], [1483.2, 4576.7], [1483.2, 4578.7], [1479.2, 4578.7], [1479.2, 4580.7], [1473.2, 4580.7], [1473.2, 4582.7], [1469.3, 4582.7]]]}, "properties": {"cell_id": 845}}, {"type": "Feature", "geometry": {"type": "Polygon", "coordinates": [[[613.9, 4760.3], [613.9, 4758.3], [610.0, 4758.3], [610.0, 4756.3], [608.0, 4756.3], [608.0, 4754.3], [606.0, 4754.3], [606.0, 4750.3], [604.0, 4750.3], [604.0, 4746.3], [602.0, 4746.3], [602.0, 4744.3], [604.0, 4744.3], [604.0, 4740.3], [606.0, 4740.3], [606.0, 4738.3], [608.0, 4738.3], [608.0, 4736.3], [612.0, 4736.3], [612.0, 4734.3], [615.9, 4734.3], [615.9, 4736.3], [619.9, 4736.3], [619.9, 4738.3], [623.9, 4738.3], [623.9, 4740.3], [625.9, 4740.3], [625.9, 4744.3], [627.9, 4744.3], [627.9, 4752.3], [625.9, 4752.3], [625.9, 4756.3], [623.9, 4756.3], [623.9, 4758.3], [619.9, 4758.3], [619.9, 4760.3], [613.9, 4760.3]]]}, "properties": {"cell_id": 846}}, {"type": "Feature", "geometry": {"type": "Polygon", "coordinates": [[[839.2, 4686.4], [839.2, 4684.5], [837.2, 4684.5], [837.2, 4682.5], [835.2, 4682.5], [835.2, 4678.5], [833.3, 4678.5], [833.3, 4676.5], [831.3, 4676.5], [831.3, 4674.5], [829.3, 4674.5], [829.3, 4672.5], [831.3, 4672.5], [831.3, 4664.5], [835.2, 4664.5], [835.2, 4662.5], [843.2, 4662.5], [843.2, 4664.5], [847.2, 4664.5], [847.2, 4666.5], [849.2, 4666.5], [849.2, 4668.5], [851.2, 4668.5], [851.2, 4670.5], [853.2, 4670.5], [853.2, 4674.5], [855.2, 4674.5], [855.2, 4676.5], [853.2, 4676.5], [853.2, 4680.5], [851.2, 4680.5], [851.2, 4682.5], [849.2, 4682.5], [849.2, 4684.5], [845.2, 4684.5], [845.2, 4686.4], [839.2, 4686.4]]]}, "properties": {"cell_id": 847}}, {"type": "Feature", "geometry": {"type": "Polygon", "coordinates": [[[1712.6, 5035.2], [1712.6, 5033.2], [1708.6, 5033.2], [1708.6, 5031.2], [1706.6, 5031.2], [1706.6, 5027.2], [1704.6, 5027.2], [1704.6, 5021.2], [1706.6, 5021.2], [1706.6, 5017.3], [1708.6, 5017.3], [1708.6, 5015.3], [1712.6, 5015.3], [1712.6, 5013.3], [1718.6, 5013.3], [1718.6, 5015.3], [1722.5, 5015.3], [1722.5, 5017.3], [1724.5, 5017.3], [1724.5, 5021.2], [1726.5, 5021.2], [1726.5, 5027.2], [1724.5, 5027.2], [1724.5, 5031.2], [1722.5, 5031.2], [1722.5, 5033.2], [1718.6, 5033.2], [1718.6, 5035.2], [1712.6, 5035.2]]]}, "properties": {"cell_id": 848}}, {"type": "Feature", "geometry": {"type": "Polygon", "coordinates": [[[384.7, 4879.9], [384.7, 4877.9], [374.7, 4877.9], [374.7, 4873.9], [372.7, 4873.9], [372.7, 4869.9], [374.7, 4869.9], [374.7, 4866.0], [376.7, 4866.0], [376.7, 4864.0], [380.7, 4864.0], [380.7, 4862.0], [386.7, 4862.0], [386.7, 4864.0], [390.7, 4864.0], [390.7, 4866.0], [392.7, 4866.0], [392.7, 4879.9], [384.7, 4879.9]]]}, "properties": {"cell_id": 849}}, {"type": "Feature", "geometry": {"type": "Polygon", "coordinates": [[[2504.1, 5130.8], [2504.1, 5128.8], [2502.1, 5128.8], [2502.1, 5126.8], [2500.1, 5126.8], [2500.1, 5124.8], [2498.1, 5124.8], [2498.1, 5122.8], [2494.2, 5122.8], [2494.2, 5116.8], [2496.2, 5116.8], [2496.2, 5114.8], [2498.1, 5114.8], [2498.1, 5112.8], [2500.1, 5112.8], [2500.1, 5110.8], [2502.1, 5110.8], [2502.1, 5108.8], [2504.1, 5108.8], [2504.1, 5106.8], [2508.1, 5106.8], [2508.1, 5104.9], [2510.1, 5104.9], [2510.1, 5106.8], [2512.1, 5106.8], [2512.1, 5108.8], [2514.1, 5108.8], [2514.1, 5112.8], [2516.1, 5112.8], [2516.1, 5120.8], [2514.1, 5120.8], [2514.1, 5124.8], [2512.1, 5124.8], [2512.1, 5126.8], [2510.1, 5126.8], [2510.1, 5128.8], [2506.1, 5128.8], [2506.1, 5130.8], [2504.1, 5130.8]]]}, "properties": {"cell_id": 850}}, {"type": "Feature", "geometry": {"type": "Polygon", "coordinates": [[[1102.5, 5049.3], [1102.5, 5047.3], [1098.5, 5047.3], [1098.5, 5045.3], [1096.5, 5045.3], [1096.5, 5041.3], [1094.5, 5041.3], [1094.5, 5039.3], [1096.5, 5039.3], [1096.5, 5035.3], [1100.5, 5035.3], [1100.5, 5033.3], [1112.4, 5033.3], [1112.4, 5035.3], [1114.4, 5035.3], [1114.4, 5039.3], [1116.4, 5039.3], [1116.4, 5045.3], [1114.4, 5045.3], [1114.4, 5047.3], [1110.5, 5047.3], [1110.5, 5049.3], [1102.5, 5049.3]]]}, "properties": {"cell_id": 851}}, {"type": "Feature", "geometry": {"type": "Polygon", "coordinates": [[[574.1, 4776.2], [574.1, 4774.2], [570.1, 4774.2], [570.1, 4772.2], [568.1, 4772.2], [568.1, 4770.2], [566.1, 4770.2], [566.1, 4766.2], [564.1, 4766.2], [564.1, 4760.3], [566.1, 4760.3], [566.1, 4756.3], [568.1, 4756.3], [568.1, 4754.3], [574.1, 4754.3], [574.1, 4756.3], [576.1, 4756.3], [576.1, 4758.3], [580.1, 4758.3], [580.1, 4760.3], [582.0, 4760.3], [582.0, 4762.3], [586.0, 4762.3], [586.0, 4764.2], [588.0, 4764.2], [588.0, 4768.2], [586.0, 4768.2], [586.0, 4772.2], [584.0, 4772.2], [584.0, 4774.2], [580.1, 4774.2], [580.1, 4776.2], [574.1, 4776.2]]]}, "properties": {"cell_id": 852}}, {"type": "Feature", "geometry": {"type": "Polygon", "coordinates": [[[2217.0, 4869.6], [2217.0, 4867.6], [2213.0, 4867.6], [2213.0, 4863.7], [2215.0, 4863.7], [2215.0, 4851.7], [2217.0, 4851.7], [2217.0, 4847.7], [2219.0, 4847.7], [2219.0, 4849.7], [2223.0, 4849.7], [2223.0, 4851.7], [2226.9, 4851.7], [2226.9, 4853.7], [2228.9, 4853.7], [2228.9, 4855.7], [2230.9, 4855.7], [2230.9, 4857.7], [2228.9, 4857.7], [2228.9, 4863.7], [2226.9, 4863.7], [2226.9, 4865.7], [2225.0, 4865.7], [2225.0, 4867.6], [2221.0, 4867.6], [2221.0, 4869.6], [2217.0, 4869.6]]]}, "properties": {"cell_id": 853}}, {"type": "Feature", "geometry": {"type": "Polygon", "coordinates": [[[1872.1, 4937.5], [1872.1, 4935.5], [1868.1, 4935.5], [1868.1, 4933.5], [1866.1, 4933.5], [1866.1, 4931.5], [1864.1, 4931.5], [1864.1, 4927.5], [1862.1, 4927.5], [1862.1, 4923.5], [1864.1, 4923.5], [1864.1, 4921.5], [1866.1, 4921.5], [1866.1, 4919.5], [1868.1, 4919.5], [1868.1, 4917.5], [1874.1, 4917.5], [1874.1, 4919.5], [1880.0, 4919.5], [1880.0, 4921.5], [1882.0, 4921.5], [1882.0, 4923.5], [1884.0, 4923.5], [1884.0, 4929.5], [1882.0, 4929.5], [1882.0, 4933.5], [1880.0, 4933.5], [1880.0, 4935.5], [1876.1, 4935.5], [1876.1, 4937.5], [1872.1, 4937.5]]]}, "properties": {"cell_id": 854}}, {"type": "Feature", "geometry": {"type": "Polygon", "coordinates": [[[1993.6, 4590.6], [1993.6, 4588.6], [1989.6, 4588.6], [1989.6, 4586.6], [1987.6, 4586.6], [1987.6, 4584.6], [1985.6, 4584.6], [1985.6, 4580.6], [1983.7, 4580.6], [1983.7, 4578.6], [1985.6, 4578.6], [1985.6, 4574.6], [1987.6, 4574.6], [1987.6, 4572.6], [1989.6, 4572.6], [1989.6, 4570.6], [1993.6, 4570.6], [1993.6, 4568.6], [1999.6, 4568.6], [1999.6, 4570.6], [2003.6, 4570.6], [2003.6, 4572.6], [2005.6, 4572.6], [2005.6, 4576.6], [2007.6, 4576.6], [2007.6, 4582.6], [2005.6, 4582.6], [2005.6, 4586.6], [2003.6, 4586.6], [2003.6, 4588.6], [1999.6, 4588.6], [1999.6, 4590.6], [1993.6, 4590.6]]]}, "properties": {"cell_id": 855}}, {"type": "Feature", "geometry": {"type": "Polygon", "coordinates": [[[1812.3, 5033.2], [1812.3, 5031.2], [1808.3, 5031.2], [1808.3, 5029.2], [1806.3, 5029.2], [1806.3, 5025.2], [1804.3, 5025.2], [1804.3, 5023.2], [1806.3, 5023.2], [1806.3, 5021.2], [1808.3, 5021.2], [1808.3, 5017.2], [1810.3, 5017.2], [1810.3, 5015.2], [1822.2, 5015.2], [1822.2, 5017.2], [1824.2, 5017.2], [1824.2, 5019.2], [1826.2, 5019.2], [1826.2, 5023.2], [1824.2, 5023.2], [1824.2, 5027.2], [1822.2, 5027.2], [1822.2, 5029.2], [1820.2, 5029.2], [1820.2, 5031.2], [1816.3, 5031.2], [1816.3, 5033.2], [1812.3, 5033.2]]]}, "properties": {"cell_id": 856}}, {"type": "Feature", "geometry": {"type": "Polygon", "coordinates": [[[586.0, 4722.4], [586.0, 4720.4], [582.0, 4720.4], [582.0, 4718.4], [578.1, 4718.4], [578.1, 4716.4], [576.1, 4716.4], [576.1, 4714.4], [574.1, 4714.4], [574.1, 4710.4], [572.1, 4710.4], [572.1, 4704.4], [574.1, 4704.4], [574.1, 4702.4], [580.0, 4702.4], [580.0, 4700.4], [586.0, 4700.4], [586.0, 4698.5], [588.0, 4698.5], [588.0, 4700.4], [592.0, 4700.4], [592.0, 4702.4], [594.0, 4702.4], [594.0, 4704.4], [596.0, 4704.4], [596.0, 4708.4], [598.0, 4708.4], [598.0, 4714.4], [596.0, 4714.4], [596.0, 4718.4], [594.0, 4718.4], [594.0, 4720.4], [590.0, 4720.4], [590.0, 4722.4], [586.0, 4722.4]]]}, "properties": {"cell_id": 857}}, {"type": "Feature", "geometry": {"type": "Polygon", "coordinates": [[[2336.6, 5017.2], [2336.6, 5007.2], [2340.6, 5007.2], [2340.6, 5005.2], [2342.6, 5005.2], [2342.6, 5003.2], [2348.6, 5003.2], [2348.6, 5005.2], [2354.6, 5005.2], [2354.6, 5007.2], [2358.6, 5007.2], [2358.6, 5009.2], [2354.6, 5009.2], [2354.6, 5011.2], [2348.6, 5011.2], [2348.6, 5013.2], [2342.6, 5013.2], [2342.6, 5015.2], [2340.6, 5015.2], [2340.6, 5017.2], [2336.6, 5017.2]]]}, "properties": {"cell_id": 858}}, {"type": "Feature", "geometry": {"type": "Polygon", "coordinates": [[[1295.8, 4528.9], [1295.8, 4526.9], [1291.8, 4526.9], [1291.8, 4524.9], [1289.8, 4524.9], [1289.8, 4518.9], [1291.8, 4518.9], [1291.8, 4516.9], [1293.8, 4516.9], [1293.8, 4514.9], [1295.8, 4514.9], [1295.8, 4512.9], [1301.8, 4512.9], [1301.8, 4510.9], [1305.8, 4510.9], [1305.8, 4514.9], [1307.7, 4514.9], [1307.7, 4516.9], [1309.7, 4516.9], [1309.7, 4518.9], [1311.7, 4518.9], [1311.7, 4520.9], [1309.7, 4520.9], [1309.7, 4524.9], [1307.7, 4524.9], [1307.7, 4526.9], [1303.8, 4526.9], [1303.8, 4528.9], [1295.8, 4528.9]]]}, "properties": {"cell_id": 859}}, {"type": "Feature", "geometry": {"type": "Polygon", "coordinates": [[[1620.8, 4885.7], [1620.8, 4883.7], [1616.8, 4883.7], [1616.8, 4881.7], [1614.9, 4881.7], [1614.9, 4877.7], [1612.9, 4877.7], [1612.9, 4871.7], [1610.9, 4871.7], [1610.9, 4869.7], [1612.9, 4869.7], [1612.9, 4865.8], [1614.9, 4865.8], [1614.9, 4863.8], [1616.8, 4863.8], [1616.8, 4861.8], [1620.8, 4861.8], [1620.8, 4859.8], [1622.8, 4859.8], [1622.8, 4861.8], [1626.8, 4861.8], [1626.8, 4863.8], [1628.8, 4863.8], [1628.8, 4865.8], [1630.8, 4865.8], [1630.8, 4867.7], [1632.8, 4867.7], [1632.8, 4871.7], [1634.8, 4871.7], [1634.8, 4877.7], [1632.8, 4877.7], [1632.8, 4881.7], [1630.8, 4881.7], [1630.8, 4883.7], [1626.8, 4883.7], [1626.8, 4885.7], [1620.8, 4885.7]]]}, "properties": {"cell_id": 860}}, {"type": "Feature", "geometry": {"type": "Polygon", "coordinates": [[[833.3, 4720.3], [833.3, 4714.4], [831.3, 4714.4], [831.3, 4704.4], [835.3, 4704.4], [835.3, 4702.4], [843.2, 4702.4], [843.2, 4704.4], [847.2, 4704.4], [847.2, 4718.3], [845.2, 4718.3], [845.2, 4720.3], [833.3, 4720.3]]]}, "properties": {"cell_id": 861}}, {"type": "Feature", "geometry": {"type": "Polygon", "coordinates": [[[1014.7, 4698.4], [1014.7, 4696.4], [1010.7, 4696.4], [1010.7, 4694.4], [1008.7, 4694.4], [1008.7, 4690.4], [1006.7, 4690.4], [1006.7, 4682.4], [1008.7, 4682.4], [1008.7, 4678.4], [1010.7, 4678.4], [1010.7, 4676.4], [1014.7, 4676.4], [1014.7, 4674.5], [1018.7, 4674.5], [1018.7, 4672.5], [1020.7, 4672.5], [1020.7, 4674.5], [1024.7, 4674.5], [1024.7, 4676.4], [1026.6, 4676.4], [1026.6, 4678.4], [1028.6, 4678.4], [1028.6, 4682.4], [1030.6, 4682.4], [1030.6, 4688.4], [1028.6, 4688.4], [1028.6, 4692.4], [1026.7, 4692.4], [1026.7, 4694.4], [1022.7, 4694.4], [1022.7, 4696.4], [1018.7, 4696.4], [1018.7, 4698.4], [1014.7, 4698.4]]]}, "properties": {"cell_id": 862}}, {"type": "Feature", "geometry": {"type": "Polygon", "coordinates": [[[2035.6, 4985.3], [2035.6, 4983.3], [2033.6, 4983.3], [2033.6, 4981.3], [2031.6, 4981.3], [2031.6, 4979.3], [2029.6, 4979.3], [2029.6, 4977.3], [2031.6, 4977.3], [2031.6, 4965.4], [2033.6, 4965.4], [2033.6, 4961.4], [2035.6, 4961.4], [2035.6, 4959.4], [2037.6, 4959.4], [2037.6, 4957.4], [2039.5, 4957.4], [2039.5, 4959.4], [2043.5, 4959.4], [2043.5, 4961.4], [2045.5, 4961.4], [2045.5, 4965.4], [2053.5, 4965.4], [2053.5, 4975.3], [2051.5, 4975.3], [2051.5, 4977.3], [2049.5, 4977.3], [2049.5, 4983.3], [2047.5, 4983.3], [2047.5, 4985.3], [2035.6, 4985.3]]]}, "properties": {"cell_id": 863}}, {"type": "Feature", "geometry": {"type": "Polygon", "coordinates": [[[813.3, 4678.5], [813.3, 4674.5], [811.3, 4674.5], [811.3, 4666.5], [813.3, 4666.5], [813.3, 4662.5], [815.3, 4662.5], [815.3, 4660.5], [819.3, 4660.5], [819.3, 4658.5], [823.3, 4658.5], [823.3, 4660.5], [827.3, 4660.5], [827.3, 4662.5], [829.3, 4662.5], [829.3, 4664.5], [831.3, 4664.5], [831.3, 4672.5], [829.3, 4672.5], [829.3, 4676.5], [823.3, 4676.5], [823.3, 4678.5], [813.3, 4678.5]]]}, "properties": {"cell_id": 864}}, {"type": "Feature", "geometry": {"type": "Polygon", "coordinates": [[[1846.1, 4508.8], [1846.1, 4506.8], [1842.1, 4506.8], [1842.1, 4504.9], [1840.1, 4504.9], [1840.1, 4502.9], [1838.1, 4502.9], [1838.1, 4498.9], [1836.1, 4498.9], [1836.1, 4492.9], [1838.1, 4492.9], [1838.1, 4490.9], [1854.0, 4490.9], [1854.0, 4492.9], [1858.0, 4492.9], [1858.0, 4494.9], [1862.0, 4494.9], [1862.0, 4502.9], [1860.0, 4502.9], [1860.0, 4504.8], [1858.0, 4504.8], [1858.0, 4506.8], [1854.0, 4506.8], [1854.0, 4508.8], [1846.1, 4508.8]]]}, "properties": {"cell_id": 865}}, {"type": "Feature", "geometry": {"type": "Polygon", "coordinates": [[[2077.4, 4933.5], [2077.4, 4923.5], [2079.4, 4923.5], [2079.4, 4913.5], [2083.4, 4913.5], [2083.4, 4911.5], [2089.4, 4911.5], [2089.4, 4913.5], [2091.4, 4913.5], [2091.4, 4917.5], [2093.4, 4917.5], [2093.4, 4925.5], [2091.4, 4925.5], [2091.4, 4929.5], [2089.4, 4929.5], [2089.4, 4931.5], [2085.4, 4931.5], [2085.4, 4933.5], [2077.4, 4933.5]]]}, "properties": {"cell_id": 866}}, {"type": "Feature", "geometry": {"type": "Polygon", "coordinates": [[[1549.1, 5063.1], [1549.1, 5061.1], [1537.1, 5061.2], [1537.1, 5059.2], [1535.1, 5059.2], [1535.1, 5057.2], [1533.1, 5057.2], [1533.1, 5053.2], [1547.1, 5053.2], [1547.1, 5051.2], [1557.1, 5051.2], [1557.1, 5053.2], [1559.1, 5053.2], [1559.1, 5059.2], [1561.1, 5059.2], [1561.1, 5061.1], [1551.1, 5061.1], [1551.1, 5063.1], [1549.1, 5063.1]]]}, "properties": {"cell_id": 867}}, {"type": "Feature", "geometry": {"type": "Polygon", "coordinates": [[[1537.1, 4833.9], [1537.1, 4831.9], [1535.1, 4831.9], [1535.1, 4829.9], [1533.1, 4829.9], [1533.1, 4825.9], [1531.1, 4825.9], [1531.1, 4819.9], [1533.1, 4819.9], [1533.1, 4815.9], [1535.1, 4815.9], [1535.1, 4813.9], [1539.1, 4813.9], [1539.1, 4811.9], [1541.1, 4811.9], [1541.1, 4813.9], [1543.1, 4813.9], [1543.1, 4815.9], [1549.0, 4815.9], [1549.0, 4817.9], [1553.0, 4817.9], [1553.0, 4819.9], [1557.0, 4819.9], [1557.0, 4827.9], [1555.0, 4827.9], [1555.0, 4829.9], [1553.0, 4829.9], [1553.0, 4831.9], [1543.1, 4831.9], [1543.1, 4833.9], [1537.1, 4833.9]]]}, "properties": {"cell_id": 868}}, {"type": "Feature", "geometry": {"type": "Polygon", "coordinates": [[[2312.6, 4598.5], [2312.6, 4596.5], [2310.6, 4596.5], [2310.6, 4594.5], [2308.6, 4594.5], [2308.6, 4590.5], [2306.7, 4590.5], [2306.6, 4586.5], [2308.6, 4586.5], [2308.6, 4582.5], [2310.6, 4582.5], [2310.6, 4578.5], [2312.6, 4578.5], [2312.6, 4576.5], [2316.6, 4576.5], [2316.6, 4574.6], [2320.6, 4574.6], [2320.6, 4572.6], [2326.6, 4572.6], [2326.6, 4574.6], [2330.6, 4574.5], [2330.6, 4576.5], [2332.6, 4576.5], [2332.6, 4580.5], [2334.6, 4580.5], [2334.6, 4584.5], [2330.6, 4584.5], [2330.6, 4586.5], [2326.6, 4586.5], [2326.6, 4588.5], [2322.6, 4588.5], [2322.6, 4590.5], [2320.6, 4590.5], [2320.6, 4594.5], [2318.6, 4594.5], [2318.6, 4598.5], [2312.6, 4598.5]]]}, "properties": {"cell_id": 869}}, {"type": "Feature", "geometry": {"type": "Polygon", "coordinates": [[[613.9, 4497.1], [613.9, 4495.1], [609.9, 4495.1], [609.9, 4493.1], [607.9, 4493.1], [607.9, 4485.1], [605.9, 4485.1], [605.9, 4483.1], [607.9, 4483.1], [607.9, 4479.1], [609.9, 4479.1], [609.9, 4475.2], [611.9, 4475.1], [611.9, 4473.2], [615.9, 4473.2], [615.9, 4471.2], [619.9, 4471.2], [619.9, 4473.2], [623.9, 4473.2], [623.9, 4475.1], [625.9, 4475.1], [625.9, 4477.1], [627.9, 4477.1], [627.9, 4481.1], [629.9, 4481.1], [629.9, 4487.1], [627.9, 4487.1], [627.9, 4491.1], [625.9, 4491.1], [625.9, 4493.1], [621.9, 4493.1], [621.9, 4495.1], [617.9, 4495.1], [617.9, 4497.1], [613.9, 4497.1]]]}, "properties": {"cell_id": 870}}, {"type": "Feature", "geometry": {"type": "Polygon", "coordinates": [[[1451.3, 4564.7], [1451.3, 4562.7], [1447.3, 4562.7], [1447.3, 4560.7], [1445.3, 4560.7], [1445.3, 4558.7], [1443.3, 4558.7], [1443.3, 4554.8], [1445.3, 4554.8], [1445.3, 4550.8], [1447.3, 4550.8], [1447.3, 4546.8], [1451.3, 4546.8], [1451.3, 4544.8], [1455.3, 4544.8], [1455.3, 4542.8], [1467.3, 4542.8], [1467.3, 4544.8], [1469.2, 4544.8], [1469.2, 4548.8], [1471.2, 4548.8], [1471.2, 4550.8], [1469.2, 4550.8], [1469.3, 4552.8], [1467.3, 4552.8], [1467.3, 4554.8], [1465.3, 4554.8], [1465.3, 4556.8], [1463.3, 4556.8], [1463.3, 4558.7], [1461.3, 4558.7], [1461.3, 4560.7], [1459.3, 4560.7], [1459.3, 4562.7], [1457.3, 4562.7], [1457.3, 4564.7], [1451.3, 4564.7]]]}, "properties": {"cell_id": 871}}, {"type": "Feature", "geometry": {"type": "Polygon", "coordinates": [[[1624.8, 4622.5], [1624.8, 4620.5], [1620.8, 4620.5], [1620.8, 4618.5], [1618.8, 4618.5], [1618.8, 4614.5], [1616.8, 4614.5], [1616.8, 4612.5], [1618.8, 4612.5], [1618.8, 4610.6], [1620.8, 4610.6], [1620.8, 4608.6], [1622.8, 4608.6], [1622.8, 4606.6], [1624.8, 4606.6], [1624.8, 4602.6], [1626.8, 4602.6], [1626.8, 4600.6], [1630.8, 4600.6], [1630.8, 4602.6], [1634.7, 4602.6], [1634.7, 4604.6], [1636.7, 4604.6], [1636.7, 4606.6], [1638.7, 4606.6], [1638.7, 4610.6], [1640.7, 4610.6], [1640.7, 4612.5], [1638.7, 4612.5], [1638.7, 4616.5], [1636.7, 4616.5], [1636.7, 4618.5], [1634.7, 4618.5], [1634.7, 4620.5], [1630.8, 4620.5], [1630.8, 4622.5], [1624.8, 4622.5]]]}, "properties": {"cell_id": 872}}, {"type": "Feature", "geometry": {"type": "Polygon", "coordinates": [[[629.9, 4859.9], [629.9, 4857.9], [625.9, 4857.9], [625.9, 4855.9], [623.9, 4855.9], [623.9, 4854.0], [621.9, 4854.0], [621.9, 4852.0], [623.9, 4852.0], [623.9, 4848.0], [625.9, 4848.0], [625.9, 4846.0], [627.9, 4846.0], [627.9, 4836.0], [637.9, 4836.0], [637.9, 4838.0], [639.9, 4838.0], [639.9, 4842.0], [641.9, 4842.0], [641.9, 4852.0], [639.9, 4852.0], [639.9, 4855.9], [637.9, 4855.9], [637.9, 4857.9], [633.9, 4857.9], [633.9, 4859.9], [629.9, 4859.9]]]}, "properties": {"cell_id": 873}}, {"type": "Feature", "geometry": {"type": "Polygon", "coordinates": [[[2203.0, 4797.9], [2203.0, 4795.9], [2199.0, 4795.9], [2199.0, 4793.9], [2197.0, 4793.9], [2197.0, 4789.9], [2195.0, 4789.9], [2195.0, 4781.9], [2197.0, 4781.9], [2197.0, 4777.9], [2199.0, 4777.9], [2199.0, 4775.9], [2203.0, 4775.9], [2203.0, 4773.9], [2209.0, 4773.9], [2209.0, 4775.9], [2213.0, 4775.9], [2213.0, 4777.9], [2215.0, 4777.9], [2215.0, 4779.9], [2217.0, 4779.9], [2217.0, 4783.9], [2219.0, 4783.9], [2219.0, 4789.9], [2217.0, 4789.9], [2217.0, 4793.9], [2215.0, 4793.9], [2215.0, 4795.9], [2211.0, 4795.9], [2211.0, 4797.9], [2203.0, 4797.9]]]}, "properties": {"cell_id": 874}}, {"type": "Feature", "geometry": {"type": "Polygon", "coordinates": [[[855.2, 4660.5], [855.2, 4658.5], [851.2, 4658.5], [851.2, 4656.5], [849.2, 4656.5], [849.2, 4654.5], [847.2, 4654.5], [847.2, 4650.6], [845.2, 4650.6], [845.2, 4648.6], [847.2, 4648.6], [847.2, 4640.6], [849.2, 4640.6], [849.2, 4638.6], [853.2, 4638.6], [853.2, 4636.6], [855.2, 4636.6], [855.2, 4638.6], [859.2, 4638.6], [859.2, 4640.6], [861.2, 4640.6], [861.2, 4642.6], [863.2, 4642.6], [863.2, 4650.6], [861.2, 4650.6], [861.2, 4656.5], [859.2, 4656.5], [859.2, 4658.5], [857.2, 4658.5], [857.2, 4660.5], [855.2, 4660.5]]]}, "properties": {"cell_id": 875}}, {"type": "Feature", "geometry": {"type": "Polygon", "coordinates": [[[857.2, 4997.5], [857.2, 4995.5], [853.2, 4995.5], [853.2, 4993.5], [851.3, 4993.5], [851.3, 4991.5], [849.3, 4991.5], [849.3, 4989.5], [847.3, 4989.5], [847.3, 4985.5], [845.3, 4985.5], [845.3, 4981.5], [843.3, 4981.5], [843.3, 4979.5], [845.3, 4979.5], [845.3, 4975.5], [847.3, 4975.5], [847.3, 4973.5], [849.3, 4973.5], [849.3, 4971.5], [853.2, 4971.5], [853.2, 4969.6], [859.2, 4969.6], [859.2, 4971.5], [863.2, 4971.5], [863.2, 4973.5], [865.2, 4973.5], [865.2, 4975.5], [867.2, 4975.5], [867.2, 4979.5], [869.2, 4979.5], [869.2, 4987.5], [867.2, 4987.5], [867.2, 4991.5], [865.2, 4991.5], [865.2, 4993.5], [863.2, 4993.5], [863.2, 4995.5], [859.2, 4995.5], [859.2, 4997.5], [857.2, 4997.5]]]}, "properties": {"cell_id": 876}}, {"type": "Feature", "geometry": {"type": "Polygon", "coordinates": [[[2129.3, 4949.4], [2129.3, 4947.4], [2125.3, 4947.4], [2125.3, 4945.4], [2123.3, 4945.4], [2123.3, 4943.4], [2121.3, 4943.4], [2121.3, 4939.4], [2119.3, 4939.4], [2119.3, 4935.4], [2121.3, 4935.4], [2121.3, 4931.5], [2123.3, 4931.5], [2123.3, 4929.5], [2125.3, 4929.5], [2125.3, 4927.5], [2127.3, 4927.5], [2127.3, 4925.5], [2129.3, 4925.5], [2129.3, 4923.5], [2131.3, 4923.5], [2131.3, 4921.5], [2135.2, 4921.5], [2135.2, 4919.5], [2139.2, 4919.5], [2139.2, 4921.5], [2143.2, 4921.5], [2143.2, 4923.5], [2145.2, 4923.5], [2145.2, 4927.5], [2147.2, 4927.5], [2147.2, 4933.5], [2145.2, 4933.5], [2145.2, 4935.4], [2143.2, 4935.4], [2143.2, 4937.4], [2139.2, 4937.4], [2139.2, 4939.4], [2137.2, 4939.4], [2137.2, 4941.4], [2135.2, 4941.4], [2135.2, 4945.4], [2133.3, 4945.4], [2133.3, 4947.4], [2131.3, 4947.4], [2131.3, 4949.4], [2129.3, 4949.4]]]}, "properties": {"cell_id": 877}}, {"type": "Feature", "geometry": {"type": "Polygon", "coordinates": [[[2288.8, 4959.3], [2288.8, 4951.4], [2290.8, 4951.4], [2290.8, 4947.4], [2292.8, 4947.4], [2292.8, 4945.4], [2294.7, 4945.4], [2294.7, 4943.4], [2296.7, 4943.4], [2296.7, 4941.4], [2300.7, 4941.4], [2300.7, 4939.4], [2304.7, 4939.4], [2304.7, 4941.4], [2308.7, 4941.4], [2308.7, 4943.4], [2310.7, 4943.4], [2310.7, 4947.4], [2312.7, 4947.4], [2312.7, 4951.4], [2310.7, 4951.4], [2310.7, 4953.4], [2308.7, 4953.4], [2308.7, 4955.4], [2304.7, 4955.4], [2304.7, 4957.3], [2300.7, 4957.4], [2300.7, 4959.3], [2288.8, 4959.3]]]}, "properties": {"cell_id": 878}}, {"type": "Feature", "geometry": {"type": "Polygon", "coordinates": [[[1425.5, 5079.1], [1425.5, 5077.1], [1421.5, 5077.1], [1421.5, 5075.1], [1419.5, 5075.1], [1419.5, 5073.1], [1417.5, 5073.1], [1417.5, 5071.1], [1419.5, 5071.1], [1419.5, 5067.2], [1421.5, 5067.2], [1421.5, 5065.2], [1423.5, 5065.2], [1423.5, 5061.2], [1425.5, 5061.2], [1425.5, 5059.2], [1427.5, 5059.2], [1427.5, 5057.2], [1433.4, 5057.2], [1433.5, 5059.2], [1435.4, 5059.2], [1435.4, 5063.2], [1437.4, 5063.2], [1437.4, 5065.2], [1435.4, 5065.2], [1435.4, 5071.1], [1433.5, 5071.1], [1433.5, 5075.1], [1431.5, 5075.1], [1431.5, 5077.1], [1427.5, 5077.1], [1427.5, 5079.1], [1425.5, 5079.1]]]}, "properties": {"cell_id": 879}}, {"type": "Feature", "geometry": {"type": "Polygon", "coordinates": [[[1838.1, 4776.0], [1838.1, 4774.0], [1832.2, 4774.0], [1832.2, 4772.0], [1818.2, 4772.0], [1818.2, 4770.0], [1816.2, 4770.0], [1816.2, 4766.0], [1818.2, 4766.0], [1818.2, 4764.0], [1824.2, 4764.0], [1824.2, 4762.0], [1826.2, 4762.0], [1826.2, 4760.1], [1830.2, 4760.0], [1830.2, 4758.1], [1836.1, 4758.1], [1836.1, 4756.1], [1838.1, 4756.1], [1838.1, 4754.1], [1844.1, 4754.1], [1844.1, 4756.1], [1846.1, 4756.1], [1846.1, 4758.1], [1848.1, 4758.1], [1848.1, 4762.0], [1850.1, 4762.0], [1850.1, 4768.0], [1848.1, 4768.0], [1848.1, 4772.0], [1846.1, 4772.0], [1846.1, 4774.0], [1844.1, 4774.0], [1844.1, 4776.0], [1838.1, 4776.0]]]}, "properties": {"cell_id": 880}}, {"type": "Feature", "geometry": {"type": "Polygon", "coordinates": [[[434.5, 4722.4], [434.5, 4720.4], [430.5, 4720.4], [430.5, 4718.4], [428.5, 4718.4], [428.5, 4716.4], [426.5, 4716.4], [426.5, 4712.4], [424.5, 4712.4], [424.5, 4706.5], [426.5, 4706.5], [426.5, 4702.5], [428.5, 4702.5], [428.5, 4700.5], [432.5, 4700.5], [432.5, 4698.5], [434.5, 4698.5], [434.5, 4700.5], [436.5, 4700.5], [436.5, 4704.5], [438.5, 4704.5], [438.5, 4706.5], [440.5, 4706.5], [440.5, 4710.4], [442.5, 4710.4], [442.5, 4714.4], [444.5, 4714.4], [444.5, 4716.4], [442.5, 4716.4], [442.5, 4718.4], [440.5, 4718.4], [440.5, 4720.4], [436.5, 4720.4], [436.5, 4722.4], [434.5, 4722.4]]]}, "properties": {"cell_id": 881}}, {"type": "Feature", "geometry": {"type": "Polygon", "coordinates": [[[1586.9, 4490.9], [1586.9, 4488.9], [1582.9, 4488.9], [1582.9, 4487.0], [1580.9, 4487.0], [1580.9, 4485.0], [1578.9, 4485.0], [1578.9, 4481.0], [1576.9, 4481.0], [1576.9, 4479.0], [1578.9, 4479.0], [1578.9, 4475.0], [1580.9, 4475.0], [1580.9, 4471.0], [1582.9, 4471.0], [1582.9, 4469.0], [1586.9, 4469.0], [1586.9, 4467.0], [1596.8, 4467.0], [1596.8, 4469.0], [1600.8, 4469.0], [1600.8, 4471.0], [1602.8, 4471.0], [1602.8, 4475.0], [1604.8, 4475.0], [1604.8, 4479.0], [1602.8, 4479.0], [1602.8, 4483.0], [1600.8, 4483.0], [1600.8, 4486.9], [1598.8, 4486.9], [1598.8, 4488.9], [1594.8, 4488.9], [1594.8, 4490.9], [1586.9, 4490.9]]]}, "properties": {"cell_id": 882}}, {"type": "Feature", "geometry": {"type": "Polygon", "coordinates": [[[2073.4, 4614.5], [2073.4, 4612.5], [2069.4, 4612.5], [2069.4, 4610.5], [2067.4, 4610.5], [2067.4, 4606.5], [2065.4, 4606.5], [2065.4, 4600.5], [2067.4, 4600.5], [2067.4, 4596.5], [2069.4, 4596.5], [2069.4, 4594.5], [2071.4, 4594.5], [2071.4, 4592.5], [2075.4, 4592.5], [2075.4, 4590.5], [2079.4, 4590.5], [2079.4, 4592.5], [2083.3, 4592.5], [2083.3, 4594.5], [2085.3, 4594.5], [2085.3, 4596.5], [2087.3, 4596.5], [2087.3, 4598.5], [2089.3, 4598.5], [2089.3, 4602.5], [2091.3, 4602.5], [2091.3, 4606.5], [2089.3, 4606.5], [2089.3, 4610.5], [2087.3, 4610.5], [2087.3, 4612.5], [2083.3, 4612.5], [2083.3, 4614.5], [2073.4, 4614.5]]]}, "properties": {"cell_id": 883}}, {"type": "Feature", "geometry": {"type": "Polygon", "coordinates": [[[1744.5, 5059.1], [1744.5, 5055.1], [1740.5, 5055.1], [1740.5, 5047.2], [1738.5, 5047.2], [1738.5, 5045.2], [1736.5, 5045.2], [1736.5, 5041.2], [1738.5, 5041.2], [1738.5, 5039.2], [1742.5, 5039.2], [1742.5, 5037.2], [1744.5, 5037.2], [1744.5, 5039.2], [1746.5, 5039.2], [1746.5, 5041.2], [1748.5, 5041.2], [1748.5, 5045.2], [1750.5, 5045.2], [1750.5, 5049.2], [1752.5, 5049.2], [1752.5, 5053.1], [1754.4, 5053.1], [1754.5, 5057.1], [1750.5, 5057.1], [1750.5, 5059.1], [1744.5, 5059.1]]]}, "properties": {"cell_id": 884}}, {"type": "Feature", "geometry": {"type": "Polygon", "coordinates": [[[1923.9, 4670.3], [1923.9, 4668.3], [1919.9, 4668.3], [1919.9, 4666.3], [1917.9, 4666.3], [1917.9, 4662.3], [1915.9, 4662.3], [1915.9, 4658.4], [1913.9, 4658.4], [1913.9, 4656.4], [1911.9, 4656.4], [1911.9, 4654.4], [1907.9, 4654.4], [1907.9, 4652.4], [1903.9, 4652.4], [1903.9, 4650.4], [1899.9, 4650.4], [1899.9, 4642.4], [1901.9, 4642.4], [1901.9, 4638.4], [1903.9, 4638.4], [1903.9, 4636.4], [1905.9, 4636.4], [1905.9, 4634.4], [1909.9, 4634.4], [1909.9, 4632.4], [1913.9, 4632.4], [1913.9, 4630.4], [1915.9, 4630.4], [1915.9, 4632.4], [1919.9, 4632.4], [1919.9, 4634.4], [1921.9, 4634.4], [1921.9, 4636.4], [1923.8, 4636.4], [1923.8, 4638.4], [1925.8, 4638.4], [1925.8, 4640.4], [1927.8, 4640.4], [1927.8, 4642.4], [1929.8, 4642.4], [1929.8, 4644.4], [1931.8, 4644.4], [1931.8, 4646.4], [1933.8, 4646.4], [1933.8, 4648.4], [1935.8, 4648.4], [1935.8, 4650.4], [1937.8, 4650.4], [1937.8, 4652.4], [1939.8, 4652.4], [1939.8, 4654.4], [1943.8, 4654.4], [1943.8, 4658.4], [1941.8, 4658.4], [1941.8, 4662.3], [1939.8, 4662.3], [1939.8, 4664.3], [1937.8, 4664.3], [1937.8, 4666.3], [1935.8, 4666.3], [1935.8, 4668.3], [1931.8, 4668.3], [1931.8, 4670.3], [1923.9, 4670.3]]]}, "properties": {"cell_id": 885}}, {"type": "Feature", "geometry": {"type": "Polygon", "coordinates": [[[177.3, 4602.8], [177.3, 4600.8], [175.3, 4600.8], [175.3, 4586.9], [177.3, 4586.9], [177.3, 4584.9], [181.3, 4584.9], [181.3, 4582.9], [189.2, 4582.9], [189.2, 4584.9], [193.2, 4584.9], [193.2, 4586.9], [195.2, 4586.9], [195.2, 4590.9], [197.2, 4590.9], [197.2, 4594.8], [195.2, 4594.8], [195.2, 4598.8], [193.2, 4598.8], [193.2, 4600.8], [179.3, 4600.8], [179.3, 4602.8], [177.3, 4602.8]]]}, "properties": {"cell_id": 886}}, {"type": "Feature", "geometry": {"type": "Polygon", "coordinates": [[[452.4, 4519.0], [452.4, 4517.0], [448.4, 4517.0], [448.4, 4515.1], [446.4, 4515.1], [446.4, 4513.1], [444.4, 4513.1], [444.4, 4509.1], [442.4, 4509.1], [442.4, 4505.1], [444.4, 4505.1], [444.4, 4501.1], [446.4, 4501.1], [446.4, 4497.1], [448.4, 4497.1], [448.4, 4495.1], [452.4, 4495.1], [452.4, 4493.1], [460.4, 4493.1], [460.4, 4495.1], [464.4, 4495.1], [464.4, 4497.1], [466.4, 4497.1], [466.4, 4501.1], [468.4, 4501.1], [468.4, 4511.1], [466.4, 4511.1], [466.4, 4515.0], [464.4, 4515.0], [464.4, 4517.0], [460.4, 4517.0], [460.4, 4519.0], [452.4, 4519.0]]]}, "properties": {"cell_id": 887}}, {"type": "Feature", "geometry": {"type": "Polygon", "coordinates": [[[954.9, 4756.2], [954.9, 4754.2], [952.9, 4754.2], [952.9, 4752.2], [950.9, 4752.2], [950.9, 4746.2], [952.9, 4746.2], [952.9, 4742.3], [954.9, 4742.3], [954.9, 4740.3], [956.9, 4740.3], [956.9, 4738.3], [960.9, 4738.3], [960.9, 4736.3], [964.9, 4736.3], [964.9, 4738.3], [968.8, 4738.3], [968.8, 4754.2], [966.8, 4754.2], [966.8, 4756.2], [954.9, 4756.2]]]}, "properties": {"cell_id": 888}}, {"type": "Feature", "geometry": {"type": "Polygon", "coordinates": [[[1989.6, 4500.8], [1989.6, 4498.8], [1985.6, 4498.8], [1985.6, 4496.9], [1983.6, 4496.9], [1983.6, 4492.9], [1981.6, 4492.9], [1981.6, 4484.9], [1983.6, 4484.9], [1983.6, 4480.9], [1985.6, 4480.9], [1985.6, 4476.9], [1987.6, 4476.9], [1987.6, 4474.9], [1989.6, 4474.9], [1989.6, 4470.9], [1991.6, 4470.9], [1991.6, 4468.9], [1993.6, 4468.9], [1993.6, 4466.9], [1997.6, 4466.9], [1997.6, 4465.0], [2001.6, 4464.9], [2001.6, 4463.0], [2005.6, 4463.0], [2005.6, 4464.9], [2009.6, 4464.9], [2009.6, 4466.9], [2011.5, 4466.9], [2011.5, 4468.9], [2013.5, 4468.9], [2013.5, 4472.9], [2015.5, 4472.9], [2015.5, 4474.9], [2013.5, 4474.9], [2013.5, 4480.9], [2011.5, 4480.9], [2011.6, 4490.9], [2009.6, 4490.9], [2009.6, 4492.9], [2005.6, 4492.9], [2005.6, 4494.9], [2003.6, 4494.9], [2003.6, 4498.8], [1999.6, 4498.8], [1999.6, 4500.8], [1989.6, 4500.8]]]}, "properties": {"cell_id": 889}}, {"type": "Feature", "geometry": {"type": "Polygon", "coordinates": [[[1014.7, 4859.9], [1014.7, 4857.9], [1010.7, 4857.9], [1010.7, 4855.9], [1008.7, 4855.9], [1008.7, 4853.9], [1006.7, 4853.9], [1006.7, 4849.9], [1004.7, 4849.9], [1004.7, 4839.9], [1006.7, 4839.9], [1006.7, 4835.9], [1008.7, 4835.9], [1008.7, 4834.0], [1012.7, 4834.0], [1012.7, 4832.0], [1016.7, 4832.0], [1016.7, 4834.0], [1020.7, 4834.0], [1020.7, 4835.9], [1022.7, 4835.9], [1022.7, 4837.9], [1024.7, 4837.9], [1024.7, 4839.9], [1026.7, 4839.9], [1026.7, 4843.9], [1028.7, 4843.9], [1028.7, 4847.9], [1026.7, 4847.9], [1026.7, 4851.9], [1024.7, 4851.9], [1024.7, 4853.9], [1022.7, 4853.9], [1022.7, 4855.9], [1020.7, 4855.9], [1020.7, 4857.9], [1016.7, 4857.9], [1016.7, 4859.9], [1014.7, 4859.9]]]}, "properties": {"cell_id": 890}}, {"type": "Feature", "geometry": {"type": "Polygon", "coordinates": [[[663.8, 4542.9], [663.8, 4533.0], [659.8, 4533.0], [659.8, 4527.0], [657.8, 4527.0], [657.8, 4525.0], [655.8, 4525.0], [655.8, 4521.0], [657.8, 4521.0], [657.8, 4519.0], [661.8, 4519.0], [661.8, 4517.0], [667.7, 4517.0], [667.7, 4519.0], [671.7, 4519.0], [671.7, 4521.0], [673.7, 4521.0], [673.7, 4523.0], [675.7, 4523.0], [675.7, 4527.0], [677.7, 4527.0], [677.7, 4531.0], [675.7, 4531.0], [675.7, 4535.0], [673.7, 4535.0], [673.7, 4538.9], [671.7, 4538.9], [671.7, 4540.9], [667.7, 4540.9], [667.7, 4542.9], [663.8, 4542.9]]]}, "properties": {"cell_id": 891}}, {"type": "Feature", "geometry": {"type": "Polygon", "coordinates": [[[1708.6, 4817.9], [1708.6, 4815.9], [1704.6, 4815.9], [1704.6, 4811.9], [1706.6, 4811.9], [1706.6, 4807.9], [1708.5, 4807.9], [1708.5, 4803.9], [1710.5, 4803.9], [1710.5, 4801.9], [1712.5, 4801.9], [1712.5, 4799.9], [1714.5, 4799.9], [1714.5, 4797.9], [1716.5, 4797.9], [1716.5, 4799.9], [1720.5, 4799.9], [1720.5, 4801.9], [1722.5, 4801.9], [1722.5, 4805.9], [1724.5, 4805.9], [1724.5, 4809.9], [1722.5, 4809.9], [1722.5, 4813.9], [1720.5, 4813.9], [1720.5, 4815.9], [1716.5, 4815.9], [1716.5, 4817.9], [1708.6, 4817.9]]]}, "properties": {"cell_id": 892}}, {"type": "Feature", "geometry": {"type": "Polygon", "coordinates": [[[2496.1, 4773.9], [2496.1, 4769.9], [2494.1, 4769.9], [2494.1, 4765.9], [2492.1, 4765.9], [2492.1, 4761.9], [2490.1, 4761.9], [2490.1, 4756.0], [2492.1, 4756.0], [2492.1, 4754.0], [2494.1, 4754.0], [2494.1, 4752.0], [2498.1, 4752.0], [2498.1, 4750.0], [2504.1, 4750.0], [2504.1, 4752.0], [2508.1, 4752.0], [2508.1, 4754.0], [2510.0, 4754.0], [2510.0, 4757.9], [2512.0, 4757.9], [2512.0, 4761.9], [2510.0, 4761.9], [2510.0, 4765.9], [2508.1, 4765.9], [2508.1, 4767.9], [2504.1, 4767.9], [2504.1, 4769.9], [2502.1, 4769.9], [2502.1, 4771.9], [2498.1, 4771.9], [2498.1, 4773.9], [2496.1, 4773.9]]]}, "properties": {"cell_id": 893}}, {"type": "Feature", "geometry": {"type": "Polygon", "coordinates": [[[671.8, 4704.4], [671.8, 4702.4], [667.8, 4702.4], [667.8, 4700.4], [665.8, 4700.4], [665.8, 4696.4], [663.8, 4696.4], [663.8, 4690.5], [665.8, 4690.5], [665.8, 4686.5], [667.8, 4686.5], [667.8, 4684.5], [671.8, 4684.5], [671.8, 4682.5], [677.7, 4682.5], [677.7, 4684.5], [681.7, 4684.5], [681.7, 4686.5], [683.7, 4686.5], [683.7, 4690.5], [685.7, 4690.5], [685.7, 4696.4], [683.7, 4696.4], [683.7, 4700.4], [681.7, 4700.4], [681.7, 4702.4], [673.8, 4702.4], [673.8, 4704.4], [671.8, 4704.4]]]}, "properties": {"cell_id": 894}}, {"type": "Feature", "geometry": {"type": "Polygon", "coordinates": [[[2069.4, 4931.5], [2069.4, 4929.5], [2067.5, 4929.5], [2067.5, 4915.5], [2077.4, 4915.5], [2077.4, 4913.5], [2079.4, 4913.5], [2079.4, 4923.5], [2077.4, 4923.5], [2077.4, 4931.5], [2069.4, 4931.5]]]}, "properties": {"cell_id": 895}}, {"type": "Feature", "geometry": {"type": "Polygon", "coordinates": [[[759.5, 4881.8], [759.5, 4879.9], [755.5, 4879.9], [755.5, 4877.9], [753.5, 4877.9], [753.5, 4873.9], [751.5, 4873.9], [751.5, 4869.9], [749.5, 4869.9], [749.5, 4867.9], [751.5, 4867.9], [751.5, 4863.9], [753.5, 4863.9], [753.5, 4861.9], [755.5, 4861.9], [755.5, 4859.9], [759.5, 4859.9], [759.5, 4857.9], [765.5, 4857.9], [765.5, 4859.9], [769.5, 4859.9], [769.5, 4861.9], [771.5, 4861.9], [771.5, 4865.9], [773.5, 4865.9], [773.5, 4873.9], [771.5, 4873.9], [771.5, 4877.9], [769.5, 4877.9], [769.5, 4879.8], [765.5, 4879.9], [765.5, 4881.8], [759.5, 4881.8]]]}, "properties": {"cell_id": 896}}, {"type": "Feature", "geometry": {"type": "Polygon", "coordinates": [[[835.2, 4590.7], [835.2, 4588.8], [831.2, 4588.8], [831.2, 4586.8], [829.2, 4586.8], [829.2, 4584.8], [827.3, 4584.8], [827.3, 4580.8], [825.3, 4580.8], [825.3, 4576.8], [823.3, 4576.8], [823.3, 4572.8], [825.3, 4572.8], [825.3, 4568.8], [827.3, 4568.8], [827.3, 4566.8], [831.2, 4566.8], [831.2, 4564.8], [835.2, 4564.8], [835.2, 4566.8], [839.2, 4566.8], [839.2, 4568.8], [843.2, 4568.8], [843.2, 4570.8], [845.2, 4570.8], [845.2, 4574.8], [847.2, 4574.8], [847.2, 4578.8], [849.2, 4578.8], [849.2, 4582.8], [847.2, 4582.8], [847.2, 4586.8], [845.2, 4586.8], [845.2, 4588.8], [841.2, 4588.8], [841.2, 4590.7], [835.2, 4590.7]]]}, "properties": {"cell_id": 897}}, {"type": "Feature", "geometry": {"type": "Polygon", "coordinates": [[[2113.3, 5013.2], [2113.3, 5011.2], [2111.3, 5011.2], [2111.3, 5009.2], [2113.3, 5009.2], [2113.3, 5005.2], [2115.3, 5005.2], [2115.3, 4999.2], [2117.3, 4999.2], [2117.3, 4995.3], [2119.3, 4995.3], [2119.3, 4997.3], [2123.3, 4997.3], [2123.3, 4999.2], [2125.3, 4999.2], [2125.3, 5003.2], [2127.3, 5003.2], [2127.3, 5005.2], [2125.3, 5005.2], [2125.3, 5009.2], [2121.3, 5009.2], [2121.3, 5011.2], [2117.3, 5011.2], [2117.3, 5013.2], [2113.3, 5013.2]]]}, "properties": {"cell_id": 898}}, {"type": "Feature", "geometry": {"type": "Polygon", "coordinates": [[[1989.7, 4887.6], [1989.7, 4885.6], [1985.7, 4885.6], [1985.7, 4883.6], [1983.7, 4883.6], [1983.7, 4879.6], [1981.7, 4879.6], [1981.7, 4871.7], [1983.7, 4871.7], [1983.7, 4867.7], [1985.7, 4867.7], [1985.7, 4865.7], [1989.7, 4865.7], [1989.7, 4863.7], [1993.7, 4863.7], [1993.7, 4861.7], [1997.7, 4861.7], [1997.7, 4863.7], [2001.6, 4863.7], [2001.6, 4865.7], [2003.6, 4865.7], [2003.6, 4869.7], [2005.6, 4869.7], [2005.6, 4877.7], [2003.6, 4877.7], [2003.6, 4881.6], [2001.6, 4881.6], [2001.7, 4883.6], [1997.7, 4883.6], [1997.7, 4885.6], [1993.7, 4885.6], [1993.7, 4887.6], [1989.7, 4887.6]]]}, "properties": {"cell_id": 899}}, {"type": "Feature", "geometry": {"type": "Polygon", "coordinates": [[[1850.1, 4801.9], [1850.1, 4799.9], [1846.1, 4799.9], [1846.1, 4797.9], [1844.1, 4797.9], [1844.1, 4795.9], [1842.1, 4795.9], [1842.1, 4791.9], [1840.1, 4791.9], [1840.1, 4788.0], [1838.1, 4788.0], [1838.1, 4786.0], [1840.1, 4786.0], [1840.1, 4782.0], [1842.1, 4782.0], [1842.1, 4780.0], [1844.1, 4780.0], [1844.1, 4778.0], [1848.1, 4778.0], [1848.1, 4776.0], [1860.1, 4776.0], [1860.1, 4778.0], [1864.1, 4778.0], [1864.1, 4780.0], [1866.1, 4780.0], [1866.1, 4784.0], [1868.0, 4784.0], [1868.0, 4789.9], [1866.1, 4789.9], [1866.1, 4793.9], [1864.1, 4793.9], [1864.1, 4797.9], [1860.1, 4797.9], [1860.1, 4799.9], [1856.1, 4799.9], [1856.1, 4801.9], [1850.1, 4801.9]]]}, "properties": {"cell_id": 900}}, {"type": "Feature", "geometry": {"type": "Polygon", "coordinates": [[[1118.4, 4768.1], [1118.4, 4766.1], [1114.4, 4766.2], [1114.4, 4764.2], [1112.4, 4764.2], [1112.4, 4762.2], [1110.4, 4762.2], [1110.4, 4748.2], [1112.4, 4748.2], [1112.4, 4746.2], [1116.4, 4746.2], [1116.4, 4744.2], [1122.4, 4744.2], [1122.4, 4746.2], [1126.4, 4746.2], [1126.4, 4748.2], [1128.3, 4748.2], [1128.3, 4750.2], [1130.3, 4750.2], [1130.3, 4754.2], [1132.3, 4754.2], [1132.3, 4760.2], [1130.3, 4760.2], [1130.3, 4764.2], [1128.3, 4764.2], [1128.3, 4766.1], [1124.4, 4766.1], [1124.4, 4768.1], [1118.4, 4768.1]]]}, "properties": {"cell_id": 901}}, {"type": "Feature", "geometry": {"type": "Polygon", "coordinates": [[[719.6, 4814.1], [719.6, 4812.1], [717.6, 4812.1], [717.6, 4810.1], [715.6, 4810.1], [715.6, 4808.1], [717.6, 4808.1], [717.6, 4804.1], [719.6, 4804.1], [719.6, 4796.1], [721.6, 4796.1], [721.6, 4792.1], [723.6, 4792.1], [723.6, 4794.1], [727.6, 4794.1], [727.6, 4796.1], [729.6, 4796.1], [729.6, 4798.1], [731.6, 4798.1], [731.6, 4802.1], [733.6, 4802.1], [733.6, 4806.1], [729.6, 4806.1], [729.6, 4808.1], [727.6, 4808.1], [727.6, 4810.1], [725.6, 4810.1], [725.6, 4812.1], [721.6, 4812.1], [721.6, 4814.1], [719.6, 4814.1]]]}, "properties": {"cell_id": 902}}, {"type": "Feature", "geometry": {"type": "Polygon", "coordinates": [[[950.9, 4598.7], [950.9, 4596.7], [946.9, 4596.7], [946.9, 4594.7], [944.9, 4594.7], [944.9, 4590.7], [942.9, 4590.7], [942.9, 4582.8], [944.9, 4582.8], [944.9, 4578.8], [946.9, 4578.8], [946.9, 4576.8], [950.9, 4576.8], [950.9, 4574.8], [958.8, 4574.8], [958.8, 4576.8], [962.8, 4576.8], [962.8, 4578.8], [964.8, 4578.8], [964.8, 4580.8], [966.8, 4580.8], [966.8, 4584.7], [968.8, 4584.7], [968.8, 4588.7], [966.8, 4588.7], [966.8, 4592.7], [964.8, 4592.7], [964.8, 4594.7], [962.8, 4594.7], [962.8, 4596.7], [958.8, 4596.7], [958.8, 4598.7], [950.9, 4598.7]]]}, "properties": {"cell_id": 903}}, {"type": "Feature", "geometry": {"type": "Polygon", "coordinates": [[[2153.2, 5019.2], [2153.2, 5017.2], [2149.2, 5017.2], [2149.2, 5015.2], [2151.2, 5015.2], [2151.2, 5009.2], [2153.2, 5009.2], [2153.2, 5007.2], [2155.2, 5007.2], [2155.2, 5003.2], [2157.2, 5003.2], [2157.2, 5001.2], [2163.2, 5001.2], [2163.2, 5003.2], [2165.2, 5003.2], [2165.2, 5005.2], [2167.2, 5005.2], [2167.2, 5013.2], [2163.2, 5013.2], [2163.2, 5015.2], [2159.2, 5015.2], [2159.2, 5017.2], [2155.2, 5017.2], [2155.2, 5019.2], [2153.2, 5019.2]]]}, "properties": {"cell_id": 904}}, {"type": "Feature", "geometry": {"type": "Polygon", "coordinates": [[[1421.4, 4540.8], [1421.4, 4538.8], [1417.4, 4538.8], [1417.4, 4536.8], [1415.4, 4536.8], [1415.4, 4532.8], [1413.4, 4532.8], [1413.4, 4524.9], [1415.4, 4524.9], [1415.4, 4520.9], [1421.4, 4520.9], [1421.4, 4522.9], [1427.4, 4522.9], [1427.4, 4524.9], [1431.4, 4524.9], [1431.4, 4526.9], [1433.4, 4526.8], [1433.4, 4528.8], [1435.4, 4528.8], [1435.4, 4530.8], [1437.3, 4530.8], [1437.3, 4532.8], [1433.4, 4532.8], [1433.4, 4534.8], [1431.4, 4534.8], [1431.4, 4536.8], [1429.4, 4536.8], [1429.4, 4538.8], [1425.4, 4538.8], [1425.4, 4540.8], [1421.4, 4540.8]]]}, "properties": {"cell_id": 905}}, {"type": "Feature", "geometry": {"type": "Polygon", "coordinates": [[[629.9, 4836.0], [629.9, 4834.0], [627.9, 4834.0], [627.9, 4832.0], [625.9, 4832.0], [625.9, 4830.0], [623.9, 4830.0], [623.9, 4824.0], [625.9, 4824.0], [625.9, 4820.1], [627.9, 4820.1], [627.9, 4818.1], [629.9, 4818.1], [629.9, 4816.1], [633.9, 4816.1], [633.9, 4814.1], [637.9, 4814.1], [637.9, 4816.1], [639.9, 4816.1], [639.9, 4818.1], [641.9, 4818.1], [641.9, 4822.1], [643.9, 4822.1], [643.9, 4824.0], [645.9, 4824.0], [645.9, 4830.0], [643.9, 4830.0], [643.9, 4834.0], [641.9, 4834.0], [641.9, 4836.0], [629.9, 4836.0]]]}, "properties": {"cell_id": 906}}, {"type": "Feature", "geometry": {"type": "Polygon", "coordinates": [[[330.8, 4758.3], [330.8, 4756.3], [326.8, 4756.3], [326.8, 4754.3], [324.8, 4754.3], [324.8, 4750.3], [322.9, 4750.3], [322.9, 4742.4], [324.8, 4742.4], [324.8, 4738.4], [326.8, 4738.4], [326.8, 4736.4], [330.8, 4736.4], [330.8, 4734.4], [338.8, 4734.4], [338.8, 4736.4], [342.8, 4736.4], [342.8, 4738.4], [344.8, 4738.4], [344.8, 4742.4], [346.8, 4742.4], [346.8, 4748.3], [344.8, 4748.3], [344.8, 4752.3], [342.8, 4752.3], [342.8, 4754.3], [338.8, 4754.3], [338.8, 4756.3], [332.8, 4756.3], [332.8, 4758.3], [330.8, 4758.3]]]}, "properties": {"cell_id": 907}}, {"type": "Feature", "geometry": {"type": "Polygon", "coordinates": [[[2161.2, 5035.1], [2161.2, 5033.1], [2155.2, 5033.1], [2155.2, 5025.2], [2153.2, 5025.2], [2153.2, 5023.2], [2151.2, 5023.2], [2151.2, 5021.2], [2149.2, 5021.2], [2149.2, 5019.2], [2151.2, 5019.2], [2151.2, 5017.2], [2153.2, 5017.2], [2153.2, 5019.2], [2157.2, 5019.2], [2157.2, 5021.2], [2159.2, 5021.2], [2159.2, 5023.2], [2165.2, 5023.2], [2165.2, 5033.1], [2163.2, 5033.1], [2163.2, 5035.1], [2161.2, 5035.1]]]}, "properties": {"cell_id": 908}}, {"type": "Feature", "geometry": {"type": "Polygon", "coordinates": [[[2031.6, 5013.2], [2031.6, 5011.2], [2033.6, 5011.2], [2033.6, 5005.2], [2035.6, 5005.2], [2035.6, 5001.3], [2041.5, 5001.3], [2041.5, 5003.2], [2043.5, 5003.2], [2043.5, 5005.2], [2045.5, 5005.2], [2045.5, 5007.2], [2047.5, 5007.2], [2047.5, 5009.2], [2045.5, 5009.2], [2045.5, 5011.2], [2043.5, 5011.2], [2043.5, 5013.2], [2039.6, 5013.2], [2039.6, 5011.2], [2037.6, 5011.2], [2037.6, 5013.2], [2031.6, 5013.2]]]}, "properties": {"cell_id": 909}}, {"type": "Feature", "geometry": {"type": "Polygon", "coordinates": [[[2464.1, 4500.8], [2464.1, 4494.8], [2462.2, 4494.8], [2462.1, 4490.8], [2460.2, 4490.8], [2460.2, 4486.8], [2458.2, 4486.8], [2458.2, 4482.8], [2460.2, 4482.8], [2460.2, 4478.8], [2462.1, 4478.8], [2462.1, 4476.8], [2466.1, 4476.8], [2466.1, 4474.8], [2470.1, 4474.8], [2470.1, 4476.8], [2474.1, 4476.8], [2474.1, 4478.8], [2476.1, 4478.8], [2476.1, 4480.8], [2478.1, 4480.8], [2478.1, 4482.8], [2480.1, 4482.8], [2480.1, 4486.8], [2482.1, 4486.8], [2482.1, 4488.8], [2478.1, 4488.8], [2478.1, 4490.8], [2476.1, 4490.8], [2476.1, 4492.8], [2474.1, 4492.8], [2474.1, 4494.8], [2470.1, 4494.8], [2470.1, 4496.8], [2468.1, 4496.8], [2468.1, 4498.8], [2466.1, 4498.8], [2466.1, 4500.8], [2464.1, 4500.8]]]}, "properties": {"cell_id": 910}}, {"type": "Feature", "geometry": {"type": "Polygon", "coordinates": [[[677.7, 4648.6], [677.7, 4646.6], [673.7, 4646.6], [673.7, 4644.6], [671.7, 4644.6], [671.7, 4640.6], [669.8, 4640.6], [669.8, 4634.6], [671.7, 4634.6], [671.7, 4630.7], [673.7, 4630.7], [673.7, 4628.7], [681.7, 4628.7], [681.7, 4630.6], [683.7, 4630.6], [683.7, 4632.6], [687.7, 4632.6], [687.7, 4634.6], [689.7, 4634.6], [689.7, 4636.6], [693.7, 4636.6], [693.7, 4640.6], [691.7, 4640.6], [691.7, 4644.6], [689.7, 4644.6], [689.7, 4646.6], [685.7, 4646.6], [685.7, 4648.6], [677.7, 4648.6]]]}, "properties": {"cell_id": 911}}, {"type": "Feature", "geometry": {"type": "Polygon", "coordinates": [[[974.8, 4764.2], [974.8, 4762.2], [972.8, 4762.2], [972.8, 4760.2], [970.8, 4760.2], [970.8, 4758.2], [968.8, 4758.2], [968.8, 4756.2], [966.8, 4756.2], [966.8, 4754.2], [968.8, 4754.2], [968.8, 4738.3], [970.8, 4738.3], [970.8, 4736.3], [972.8, 4736.3], [972.8, 4738.3], [976.8, 4738.3], [976.8, 4740.3], [978.8, 4740.3], [978.8, 4742.2], [980.8, 4742.2], [980.8, 4744.2], [982.8, 4744.2], [982.8, 4748.2], [984.8, 4748.2], [984.8, 4756.2], [982.8, 4756.2], [982.8, 4760.2], [980.8, 4760.2], [980.8, 4762.2], [976.8, 4762.2], [976.8, 4764.2], [974.8, 4764.2]]]}, "properties": {"cell_id": 912}}, {"type": "Feature", "geometry": {"type": "Polygon", "coordinates": [[[2053.5, 4967.4], [2053.5, 4965.4], [2045.5, 4965.4], [2045.5, 4961.4], [2043.5, 4961.4], [2043.5, 4959.4], [2039.5, 4959.4], [2039.5, 4953.4], [2041.5, 4953.4], [2041.5, 4951.4], [2045.5, 4951.4], [2045.5, 4949.4], [2053.5, 4949.4], [2053.5, 4951.4], [2059.5, 4951.4], [2059.5, 4959.4], [2061.5, 4959.4], [2061.5, 4963.4], [2059.5, 4963.4], [2059.5, 4965.4], [2057.5, 4965.4], [2057.5, 4967.4], [2053.5, 4967.4]]]}, "properties": {"cell_id": 913}}, {"type": "Feature", "geometry": {"type": "Polygon", "coordinates": [[[2480.1, 4783.9], [2480.1, 4781.9], [2476.2, 4781.9], [2476.2, 4779.9], [2474.2, 4779.9], [2474.2, 4777.9], [2472.2, 4777.9], [2472.2, 4773.9], [2470.2, 4773.9], [2470.2, 4769.9], [2472.2, 4769.9], [2472.2, 4765.9], [2474.2, 4765.9], [2474.2, 4763.9], [2476.2, 4763.9], [2476.2, 4761.9], [2480.1, 4761.9], [2480.1, 4759.9], [2486.1, 4759.9], [2486.1, 4757.9], [2488.1, 4757.9], [2488.1, 4759.9], [2490.1, 4759.9], [2490.1, 4761.9], [2492.1, 4761.9], [2492.1, 4765.9], [2494.1, 4765.9], [2494.1, 4769.9], [2496.1, 4769.9], [2496.1, 4773.9], [2494.1, 4773.9], [2494.1, 4775.9], [2492.1, 4775.9], [2492.1, 4777.9], [2490.1, 4777.9], [2490.1, 4779.9], [2486.1, 4779.9], [2486.1, 4781.9], [2482.1, 4781.9], [2482.1, 4783.9], [2480.1, 4783.9]]]}, "properties": {"cell_id": 914}}, {"type": "Feature", "geometry": {"type": "Polygon", "coordinates": [[[639.8, 4509.0], [639.8, 4507.0], [635.8, 4507.0], [635.8, 4505.1], [633.8, 4505.1], [633.8, 4503.1], [631.8, 4503.1], [631.8, 4499.1], [629.9, 4499.1], [629.9, 4495.1], [631.8, 4495.1], [631.8, 4491.1], [633.8, 4491.1], [633.8, 4489.1], [637.8, 4489.1], [637.8, 4487.1], [647.8, 4487.1], [647.8, 4489.1], [651.8, 4489.1], [651.8, 4491.1], [653.8, 4491.1], [653.8, 4493.1], [655.8, 4493.1], [655.8, 4497.1], [657.8, 4497.1], [657.8, 4499.1], [655.8, 4499.1], [655.8, 4503.1], [653.8, 4503.1], [653.8, 4505.0], [651.8, 4505.0], [651.8, 4507.0], [647.8, 4507.0], [647.8, 4509.0], [639.8, 4509.0]]]}, "properties": {"cell_id": 915}}, {"type": "Feature", "geometry": {"type": "Polygon", "coordinates": [[[2137.3, 5041.1], [2137.3, 5039.1], [2133.3, 5039.1], [2133.3, 5037.1], [2131.3, 5037.1], [2131.3, 5035.1], [2129.3, 5035.1], [2129.3, 5033.1], [2127.3, 5033.1], [2127.3, 5027.2], [2129.3, 5027.2], [2129.3, 5023.2], [2131.3, 5023.2], [2131.3, 5019.2], [2133.3, 5019.2], [2133.3, 5017.2], [2139.2, 5017.2], [2139.2, 5015.2], [2145.2, 5015.2], [2145.2, 5017.2], [2147.2, 5017.2], [2147.2, 5019.2], [2149.2, 5019.2], [2149.2, 5023.2], [2147.2, 5023.2], [2147.2, 5033.1], [2145.2, 5033.1], [2145.2, 5039.1], [2143.2, 5039.1], [2143.2, 5041.1], [2137.3, 5041.1]]]}, "properties": {"cell_id": 916}}, {"type": "Feature", "geometry": {"type": "Polygon", "coordinates": [[[1943.8, 4656.4], [1943.8, 4654.4], [1939.8, 4654.4], [1939.8, 4652.4], [1937.8, 4652.4], [1937.8, 4650.4], [1935.8, 4650.4], [1935.8, 4648.4], [1933.8, 4648.4], [1933.8, 4646.4], [1931.8, 4646.4], [1931.8, 4644.4], [1929.8, 4644.4], [1929.8, 4642.4], [1927.8, 4642.4], [1927.8, 4640.4], [1925.8, 4640.4], [1925.8, 4638.4], [1923.8, 4638.4], [1923.8, 4636.4], [1921.9, 4636.4], [1921.9, 4634.4], [1919.9, 4634.4], [1919.9, 4632.4], [1917.9, 4632.4], [1917.9, 4620.5], [1919.9, 4620.5], [1919.9, 4616.5], [1921.9, 4616.5], [1921.9, 4612.5], [1923.8, 4612.5], [1923.8, 4610.5], [1925.8, 4610.5], [1925.8, 4608.5], [1927.8, 4608.5], [1927.8, 4606.5], [1929.8, 4606.5], [1929.8, 4604.5], [1931.8, 4604.5], [1931.8, 4602.5], [1935.8, 4602.5], [1935.8, 4600.5], [1939.8, 4600.5], [1939.8, 4598.5], [1943.8, 4598.5], [1943.8, 4596.5], [1953.7, 4596.5], [1953.8, 4598.5], [1957.7, 4598.5], [1957.7, 4600.5], [1961.7, 4600.5], [1961.7, 4602.5], [1963.7, 4602.5], [1963.7, 4606.5], [1965.7, 4606.5], [1965.7, 4610.5], [1967.7, 4610.5], [1967.7, 4614.5], [1969.7, 4614.5], [1969.7, 4632.4], [1967.7, 4632.4], [1967.7, 4636.4], [1965.7, 4636.4], [1965.7, 4640.4], [1963.7, 4640.4], [1963.7, 4644.4], [1961.7, 4644.4], [1961.7, 4646.4], [1959.7, 4646.4], [1959.7, 4648.4], [1957.7, 4648.4], [1957.7, 4650.4], [1953.8, 4650.4], [1953.8, 4652.4], [1949.8, 4652.4], [1949.8, 4654.4], [1945.8, 4654.4], [1945.8, 4656.4], [1943.8, 4656.4]]]}, "properties": {"cell_id": 917}}, {"type": "Feature", "geometry": {"type": "Polygon", "coordinates": [[[1327.7, 4676.4], [1327.7, 4674.4], [1323.7, 4674.4], [1323.7, 4672.4], [1321.7, 4672.4], [1321.7, 4670.4], [1319.7, 4670.4], [1319.7, 4668.4], [1317.7, 4668.4], [1317.7, 4664.4], [1315.7, 4664.4], [1315.7, 4662.4], [1317.7, 4662.4], [1317.7, 4658.5], [1319.7, 4658.5], [1319.7, 4656.5], [1321.7, 4656.5], [1321.7, 4654.5], [1325.7, 4654.5], [1325.7, 4652.5], [1331.7, 4652.5], [1331.7, 4654.5], [1335.7, 4654.5], [1335.7, 4656.5], [1337.7, 4656.5], [1337.7, 4660.4], [1339.7, 4660.4], [1339.7, 4668.4], [1337.7, 4668.4], [1337.7, 4672.4], [1335.7, 4672.4], [1335.7, 4674.4], [1331.7, 4674.4], [1331.7, 4676.4], [1327.7, 4676.4]]]}, "properties": {"cell_id": 918}}, {"type": "Feature", "geometry": {"type": "Polygon", "coordinates": [[[1479.2, 4684.3], [1479.2, 4682.4], [1477.2, 4682.4], [1477.2, 4680.4], [1475.3, 4680.4], [1475.3, 4676.4], [1473.3, 4676.4], [1473.3, 4670.4], [1475.3, 4670.4], [1475.3, 4666.4], [1481.2, 4666.4], [1481.2, 4668.4], [1485.2, 4668.4], [1485.2, 4666.4], [1489.2, 4666.4], [1489.2, 4664.4], [1493.2, 4664.4], [1493.2, 4662.4], [1499.2, 4662.4], [1499.2, 4672.4], [1497.2, 4672.4], [1497.2, 4674.4], [1495.2, 4674.4], [1495.2, 4676.4], [1493.2, 4676.4], [1493.2, 4678.4], [1491.2, 4678.4], [1491.2, 4682.4], [1485.2, 4682.4], [1485.2, 4684.3], [1479.2, 4684.3]]]}, "properties": {"cell_id": 919}}, {"type": "Feature", "geometry": {"type": "Polygon", "coordinates": [[[1921.9, 5003.3], [1921.9, 4983.3], [1925.9, 4983.3], [1925.9, 4985.3], [1927.9, 4985.3], [1927.9, 4987.3], [1929.9, 4987.3], [1929.9, 4989.3], [1931.9, 4989.3], [1931.9, 4991.3], [1929.9, 4991.3], [1929.9, 4997.3], [1931.9, 4997.3], [1931.9, 4999.3], [1929.9, 4999.3], [1929.9, 5001.3], [1927.9, 5001.3], [1927.9, 5003.3], [1921.9, 5003.3]]]}, "properties": {"cell_id": 920}}, {"type": "Feature", "geometry": {"type": "Polygon", "coordinates": [[[1535.1, 4811.9], [1535.1, 4809.9], [1531.1, 4809.9], [1531.1, 4807.9], [1529.1, 4807.9], [1529.1, 4804.0], [1527.1, 4804.0], [1527.1, 4800.0], [1529.1, 4800.0], [1529.1, 4796.0], [1531.1, 4796.0], [1531.1, 4792.0], [1533.1, 4792.0], [1533.1, 4790.0], [1537.1, 4790.0], [1537.1, 4788.0], [1539.1, 4788.0], [1539.1, 4790.0], [1543.1, 4790.0], [1543.1, 4792.0], [1547.0, 4792.0], [1547.1, 4796.0], [1545.1, 4796.0], [1545.1, 4806.0], [1543.1, 4806.0], [1543.1, 4807.9], [1541.1, 4807.9], [1541.1, 4809.9], [1539.1, 4809.9], [1539.1, 4811.9], [1535.1, 4811.9]]]}, "properties": {"cell_id": 921}}, {"type": "Feature", "geometry": {"type": "Polygon", "coordinates": [[[2149.2, 4835.8], [2149.2, 4831.8], [2147.2, 4831.8], [2147.2, 4829.8], [2145.2, 4829.8], [2145.2, 4827.8], [2143.2, 4827.8], [2143.2, 4823.8], [2145.2, 4823.8], [2145.2, 4821.8], [2147.2, 4821.8], [2147.2, 4819.8], [2151.2, 4819.8], [2151.2, 4817.8], [2155.2, 4817.8], [2155.2, 4815.8], [2161.1, 4815.8], [2161.1, 4817.8], [2165.1, 4817.8], [2165.1, 4819.8], [2167.1, 4819.8], [2167.1, 4823.8], [2169.1, 4823.8], [2169.1, 4825.8], [2165.1, 4825.8], [2165.1, 4827.8], [2163.1, 4827.8], [2163.1, 4829.8], [2159.2, 4829.8], [2159.2, 4831.8], [2157.2, 4831.8], [2157.2, 4833.8], [2155.2, 4833.8], [2155.2, 4835.8], [2149.2, 4835.8]]]}, "properties": {"cell_id": 922}}, {"type": "Feature", "geometry": {"type": "Polygon", "coordinates": [[[1475.3, 4660.4], [1475.2, 4658.4], [1473.3, 4658.4], [1473.3, 4654.4], [1471.3, 4654.4], [1471.3, 4652.4], [1473.3, 4652.4], [1473.3, 4648.5], [1475.2, 4648.5], [1475.2, 4646.5], [1477.2, 4646.5], [1477.2, 4644.5], [1479.2, 4644.5], [1479.2, 4642.5], [1483.2, 4642.5], [1483.2, 4640.5], [1487.2, 4640.5], [1487.2, 4642.5], [1489.2, 4642.5], [1489.2, 4644.5], [1491.2, 4644.5], [1491.2, 4656.4], [1483.2, 4656.4], [1483.2, 4658.4], [1479.2, 4658.4], [1479.2, 4660.4], [1475.3, 4660.4]]]}, "properties": {"cell_id": 923}}, {"type": "Feature", "geometry": {"type": "Polygon", "coordinates": [[[2005.6, 4536.7], [2005.6, 4534.7], [2003.6, 4534.7], [2003.6, 4532.7], [2001.6, 4532.7], [2001.6, 4530.7], [1993.6, 4530.7], [1993.6, 4524.8], [1995.6, 4524.8], [1995.6, 4522.8], [1997.6, 4522.8], [1997.6, 4520.8], [1999.6, 4520.8], [1999.6, 4518.8], [2003.6, 4518.8], [2003.6, 4516.8], [2005.6, 4516.8], [2005.6, 4518.8], [2009.6, 4518.8], [2009.6, 4520.8], [2011.6, 4520.8], [2011.6, 4532.7], [2009.6, 4532.7], [2009.6, 4536.7], [2005.6, 4536.7]]]}, "properties": {"cell_id": 924}}, {"type": "Feature", "geometry": {"type": "Polygon", "coordinates": [[[2324.6, 4614.4], [2324.6, 4612.4], [2320.6, 4612.4], [2320.6, 4610.4], [2318.6, 4610.4], [2318.6, 4606.5], [2316.6, 4606.5], [2316.6, 4600.5], [2320.6, 4600.5], [2320.6, 4598.5], [2330.6, 4598.5], [2330.6, 4596.5], [2336.6, 4596.5], [2336.6, 4594.5], [2340.5, 4594.5], [2340.5, 4598.5], [2342.5, 4598.5], [2342.5, 4600.5], [2340.5, 4600.5], [2340.5, 4604.5], [2338.6, 4604.5], [2338.6, 4606.4], [2336.6, 4606.4], [2336.6, 4610.4], [2334.6, 4610.4], [2334.6, 4612.4], [2330.6, 4612.4], [2330.6, 4614.4], [2324.6, 4614.4]]]}, "properties": {"cell_id": 925}}, {"type": "Feature", "geometry": {"type": "Polygon", "coordinates": [[[1355.6, 4510.9], [1355.6, 4508.9], [1351.6, 4508.9], [1351.6, 4506.9], [1347.6, 4506.9], [1347.6, 4504.9], [1345.6, 4504.9], [1345.6, 4500.9], [1343.6, 4500.9], [1343.6, 4497.0], [1341.6, 4497.0], [1341.6, 4495.0], [1343.6, 4495.0], [1343.6, 4491.0], [1345.6, 4491.0], [1345.6, 4489.0], [1347.6, 4489.0], [1347.6, 4487.0], [1351.6, 4487.0], [1351.6, 4485.0], [1355.6, 4485.0], [1355.6, 4487.0], [1359.6, 4487.0], [1359.6, 4489.0], [1363.6, 4489.0], [1363.6, 4491.0], [1365.6, 4491.0], [1365.6, 4495.0], [1367.6, 4495.0], [1367.6, 4502.9], [1365.6, 4502.9], [1365.6, 4506.9], [1363.6, 4506.9], [1363.6, 4508.9], [1359.6, 4508.9], [1359.6, 4510.9], [1355.6, 4510.9]]]}, "properties": {"cell_id": 926}}, {"type": "Feature", "geometry": {"type": "Polygon", "coordinates": [[[564.1, 4497.1], [564.1, 4491.1], [562.1, 4491.1], [562.1, 4487.1], [564.1, 4487.1], [564.1, 4485.1], [562.1, 4485.1], [562.1, 4477.2], [564.1, 4477.2], [564.1, 4475.2], [570.0, 4475.2], [570.0, 4477.2], [574.0, 4477.1], [574.0, 4479.1], [576.0, 4479.1], [576.0, 4481.1], [578.0, 4481.1], [578.0, 4485.1], [580.0, 4485.1], [580.0, 4493.1], [578.0, 4493.1], [578.0, 4495.1], [576.0, 4495.1], [576.0, 4497.1], [564.1, 4497.1]]]}, "properties": {"cell_id": 927}}, {"type": "Feature", "geometry": {"type": "Polygon", "coordinates": [[[1082.5, 4796.1], [1082.5, 4794.1], [1078.5, 4794.1], [1078.5, 4788.1], [1076.5, 4788.1], [1076.5, 4780.1], [1078.5, 4780.1], [1078.5, 4776.1], [1084.5, 4776.1], [1084.5, 4778.1], [1094.5, 4778.1], [1094.5, 4780.1], [1098.4, 4780.1], [1098.4, 4786.1], [1096.5, 4786.1], [1096.5, 4790.1], [1094.5, 4790.1], [1094.5, 4792.1], [1092.5, 4792.1], [1092.5, 4794.1], [1088.5, 4794.1], [1088.5, 4796.1], [1082.5, 4796.1]]]}, "properties": {"cell_id": 928}}, {"type": "Feature", "geometry": {"type": "Polygon", "coordinates": [[[1734.5, 4768.0], [1734.5, 4766.0], [1730.5, 4766.0], [1730.5, 4764.1], [1728.5, 4764.1], [1728.5, 4760.1], [1726.5, 4760.1], [1726.5, 4754.1], [1728.5, 4754.1], [1728.5, 4752.1], [1730.5, 4752.1], [1730.5, 4750.1], [1732.5, 4750.1], [1732.5, 4748.1], [1736.5, 4748.1], [1736.5, 4746.1], [1740.4, 4746.1], [1740.4, 4748.1], [1744.4, 4748.1], [1744.4, 4750.1], [1746.4, 4750.1], [1746.4, 4754.1], [1748.4, 4754.1], [1748.4, 4760.1], [1746.4, 4760.1], [1746.4, 4764.1], [1744.4, 4764.1], [1744.4, 4766.0], [1740.4, 4766.0], [1740.4, 4768.0], [1734.5, 4768.0]]]}, "properties": {"cell_id": 929}}, {"type": "Feature", "geometry": {"type": "Polygon", "coordinates": [[[1523.1, 4768.1], [1523.1, 4766.1], [1525.1, 4766.1], [1525.1, 4764.1], [1529.1, 4764.1], [1529.1, 4762.1], [1531.1, 4762.1], [1531.1, 4760.1], [1533.1, 4760.1], [1533.1, 4758.1], [1535.1, 4758.1], [1535.1, 4756.1], [1537.1, 4756.1], [1537.1, 4754.1], [1539.1, 4754.1], [1539.1, 4750.1], [1541.1, 4750.1], [1541.1, 4748.1], [1543.1, 4748.1], [1543.1, 4750.1], [1547.0, 4750.1], [1547.0, 4752.1], [1549.0, 4752.1], [1549.0, 4754.1], [1551.0, 4754.1], [1551.0, 4758.1], [1553.0, 4758.1], [1553.0, 4762.1], [1551.0, 4762.1], [1551.0, 4766.1], [1547.0, 4766.1], [1547.0, 4764.1], [1541.1, 4764.1], [1541.1, 4766.1], [1539.1, 4766.1], [1539.1, 4768.1], [1523.1, 4768.1]]]}, "properties": {"cell_id": 930}}, {"type": "Feature", "geometry": {"type": "Polygon", "coordinates": [[[1872.0, 4809.9], [1872.0, 4807.9], [1868.1, 4807.9], [1868.1, 4805.9], [1866.1, 4805.9], [1866.1, 4803.9], [1864.1, 4803.9], [1864.1, 4799.9], [1862.1, 4799.9], [1862.1, 4797.9], [1864.1, 4797.9], [1864.1, 4793.9], [1866.1, 4793.9], [1866.1, 4789.9], [1868.0, 4789.9], [1868.0, 4788.0], [1872.0, 4788.0], [1872.0, 4786.0], [1878.0, 4786.0], [1878.0, 4788.0], [1882.0, 4788.0], [1882.0, 4789.9], [1884.0, 4789.9], [1884.0, 4793.9], [1886.0, 4793.9], [1886.0, 4801.9], [1884.0, 4801.9], [1884.0, 4805.9], [1882.0, 4805.9], [1882.0, 4807.9], [1878.0, 4807.9], [1878.0, 4809.9], [1872.0, 4809.9]]]}, "properties": {"cell_id": 931}}, {"type": "Feature", "geometry": {"type": "Polygon", "coordinates": [[[2342.6, 4849.7], [2342.6, 4847.7], [2338.6, 4847.7], [2338.6, 4845.7], [2336.6, 4845.7], [2336.6, 4841.7], [2334.6, 4841.7], [2334.6, 4833.7], [2336.6, 4833.7], [2336.6, 4829.7], [2338.6, 4829.7], [2338.6, 4827.8], [2340.6, 4827.8], [2340.6, 4825.8], [2342.6, 4825.8], [2342.6, 4823.8], [2346.6, 4823.8], [2346.6, 4821.8], [2352.5, 4821.8], [2352.5, 4823.8], [2356.5, 4823.8], [2356.5, 4825.8], [2358.5, 4825.8], [2358.5, 4829.7], [2360.5, 4829.7], [2360.5, 4835.7], [2358.5, 4835.7], [2358.5, 4839.7], [2356.5, 4839.7], [2356.5, 4843.7], [2354.5, 4843.7], [2354.5, 4845.7], [2350.6, 4845.7], [2350.6, 4847.7], [2346.6, 4847.7], [2346.6, 4849.7], [2342.6, 4849.7]]]}, "properties": {"cell_id": 932}}, {"type": "Feature", "geometry": {"type": "Polygon", "coordinates": [[[1708.6, 4857.8], [1708.6, 4855.8], [1704.6, 4855.8], [1704.6, 4853.8], [1702.6, 4853.8], [1702.6, 4849.8], [1700.6, 4849.8], [1700.6, 4843.8], [1702.6, 4843.8], [1702.6, 4839.8], [1704.6, 4839.8], [1704.6, 4837.8], [1708.6, 4837.8], [1708.6, 4835.8], [1712.5, 4835.8], [1712.5, 4837.8], [1716.5, 4837.8], [1716.5, 4839.8], [1718.5, 4839.8], [1718.5, 4841.8], [1720.5, 4841.8], [1720.5, 4843.8], [1722.5, 4843.8], [1722.5, 4847.8], [1724.5, 4847.8], [1724.5, 4849.8], [1722.5, 4849.8], [1722.5, 4853.8], [1720.5, 4853.8], [1720.5, 4855.8], [1716.5, 4855.8], [1716.5, 4857.8], [1708.6, 4857.8]]]}, "properties": {"cell_id": 933}}, {"type": "Feature", "geometry": {"type": "Polygon", "coordinates": [[[1949.8, 4945.4], [1949.8, 4943.5], [1945.8, 4943.5], [1945.8, 4941.5], [1943.8, 4941.5], [1943.8, 4937.5], [1941.8, 4937.5], [1941.8, 4933.5], [1943.8, 4933.5], [1943.8, 4929.5], [1945.8, 4929.5], [1945.8, 4927.5], [1947.8, 4927.5], [1947.8, 4925.5], [1951.8, 4925.5], [1951.8, 4923.5], [1957.8, 4923.5], [1957.8, 4925.5], [1961.8, 4925.5], [1961.8, 4927.5], [1963.8, 4927.5], [1963.8, 4931.5], [1965.8, 4931.5], [1965.8, 4935.5], [1963.8, 4935.5], [1963.8, 4939.5], [1961.8, 4939.5], [1961.8, 4941.5], [1959.8, 4941.5], [1959.8, 4943.5], [1955.8, 4943.5], [1955.8, 4945.4], [1949.8, 4945.4]]]}, "properties": {"cell_id": 934}}, {"type": "Feature", "geometry": {"type": "Polygon", "coordinates": [[[974.8, 4818.0], [974.8, 4816.0], [970.8, 4816.0], [970.8, 4814.0], [968.9, 4814.0], [968.9, 4806.0], [970.8, 4806.0], [970.8, 4804.1], [972.8, 4804.1], [972.8, 4802.1], [974.8, 4802.1], [974.8, 4800.1], [980.8, 4800.1], [980.8, 4798.1], [984.8, 4798.1], [984.8, 4800.1], [986.8, 4800.1], [986.8, 4804.1], [988.8, 4804.1], [988.8, 4810.0], [986.8, 4810.0], [986.8, 4814.0], [984.8, 4814.0], [984.8, 4816.0], [980.8, 4816.0], [980.8, 4818.0], [974.8, 4818.0]]]}, "properties": {"cell_id": 935}}, {"type": "Feature", "geometry": {"type": "Polygon", "coordinates": [[[729.6, 4915.7], [729.6, 4913.7], [725.6, 4913.8], [725.6, 4911.8], [723.6, 4911.8], [723.6, 4907.8], [721.6, 4907.8], [721.6, 4899.8], [723.6, 4899.8], [723.6, 4895.8], [725.6, 4895.8], [725.6, 4893.8], [729.6, 4893.8], [729.6, 4891.8], [733.6, 4891.8], [733.6, 4889.8], [735.6, 4889.8], [735.6, 4891.8], [739.6, 4891.8], [739.6, 4893.8], [741.6, 4893.8], [741.6, 4895.8], [743.6, 4895.8], [743.6, 4899.8], [745.6, 4899.8], [745.6, 4905.8], [743.6, 4905.8], [743.6, 4909.8], [741.6, 4909.8], [741.6, 4911.8], [739.6, 4911.8], [739.6, 4913.7], [735.6, 4913.7], [735.6, 4915.7], [729.6, 4915.7]]]}, "properties": {"cell_id": 936}}, {"type": "Feature", "geometry": {"type": "Polygon", "coordinates": [[[1891.9, 4556.7], [1891.9, 4554.7], [1886.0, 4554.7], [1886.0, 4552.7], [1876.0, 4552.7], [1876.0, 4550.7], [1872.0, 4550.7], [1872.0, 4548.7], [1870.0, 4548.7], [1870.0, 4544.7], [1872.0, 4544.7], [1872.0, 4542.7], [1874.0, 4542.7], [1874.0, 4540.7], [1876.0, 4540.7], [1876.0, 4538.7], [1880.0, 4538.7], [1880.0, 4536.7], [1889.9, 4536.7], [1889.9, 4534.7], [1893.9, 4534.7], [1893.9, 4536.7], [1895.9, 4536.7], [1895.9, 4538.7], [1897.9, 4538.7], [1897.9, 4542.7], [1899.9, 4542.7], [1899.9, 4550.7], [1897.9, 4550.7], [1897.9, 4554.7], [1895.9, 4554.7], [1895.9, 4556.7], [1891.9, 4556.7]]]}, "properties": {"cell_id": 937}}, {"type": "Feature", "geometry": {"type": "Polygon", "coordinates": [[[635.9, 4766.2], [635.9, 4764.2], [631.9, 4764.2], [631.9, 4762.2], [629.9, 4762.2], [629.9, 4760.2], [627.9, 4760.2], [627.9, 4756.3], [625.9, 4756.3], [625.9, 4754.3], [627.9, 4754.3], [627.9, 4750.3], [629.9, 4750.3], [629.9, 4748.3], [631.9, 4748.3], [631.9, 4746.3], [635.9, 4746.3], [635.9, 4744.3], [641.9, 4744.3], [641.9, 4746.3], [645.8, 4746.3], [645.8, 4748.3], [647.8, 4748.3], [647.8, 4752.3], [649.8, 4752.3], [649.8, 4756.3], [647.8, 4756.3], [647.8, 4760.2], [645.9, 4760.2], [645.9, 4762.2], [643.9, 4762.2], [643.9, 4764.2], [639.9, 4764.2], [639.9, 4766.2], [635.9, 4766.2]]]}, "properties": {"cell_id": 938}}, {"type": "Feature", "geometry": {"type": "Polygon", "coordinates": [[[2053.5, 4951.4], [2053.5, 4949.4], [2047.5, 4949.4], [2047.5, 4943.4], [2049.5, 4943.4], [2049.5, 4937.5], [2051.5, 4937.5], [2051.5, 4933.5], [2059.5, 4933.5], [2059.5, 4935.5], [2063.5, 4935.5], [2063.5, 4943.4], [2061.5, 4943.4], [2061.5, 4949.4], [2059.5, 4949.4], [2059.5, 4951.4], [2053.5, 4951.4]]]}, "properties": {"cell_id": 939}}, {"type": "Feature", "geometry": {"type": "Polygon", "coordinates": [[[1379.5, 4576.7], [1379.5, 4574.7], [1375.5, 4574.7], [1375.5, 4572.7], [1373.6, 4572.7], [1373.6, 4570.7], [1371.6, 4570.7], [1371.6, 4566.7], [1369.6, 4566.7], [1369.6, 4562.7], [1371.6, 4562.7], [1371.6, 4558.8], [1373.5, 4558.8], [1373.5, 4556.8], [1377.5, 4556.8], [1377.5, 4554.8], [1381.5, 4554.8], [1381.5, 4556.8], [1385.5, 4556.8], [1385.5, 4558.8], [1389.5, 4558.8], [1389.5, 4560.8], [1391.5, 4560.8], [1391.5, 4564.7], [1393.5, 4564.7], [1393.5, 4568.7], [1391.5, 4568.7], [1391.5, 4572.7], [1389.5, 4572.7], [1389.5, 4574.7], [1385.5, 4574.7], [1385.5, 4576.7], [1379.5, 4576.7]]]}, "properties": {"cell_id": 940}}, {"type": "Feature", "geometry": {"type": "Polygon", "coordinates": [[[2065.5, 4891.6], [2065.5, 4881.6], [2067.4, 4881.6], [2067.4, 4875.6], [2069.4, 4875.6], [2069.4, 4871.7], [2071.4, 4871.7], [2071.4, 4869.7], [2073.4, 4869.7], [2073.4, 4871.7], [2077.4, 4871.7], [2077.4, 4873.7], [2079.4, 4873.7], [2079.4, 4875.6], [2081.4, 4875.6], [2081.4, 4881.6], [2077.4, 4881.6], [2077.4, 4885.6], [2075.4, 4885.6], [2075.4, 4887.6], [2071.4, 4887.6], [2071.4, 4889.6], [2067.4, 4889.6], [2067.4, 4891.6], [2065.5, 4891.6]]]}, "properties": {"cell_id": 941}}, {"type": "Feature", "geometry": {"type": "Polygon", "coordinates": [[[1525.1, 4730.2], [1525.1, 4728.2], [1521.1, 4728.2], [1521.1, 4726.2], [1517.1, 4726.2], [1517.1, 4722.2], [1519.1, 4722.2], [1519.1, 4718.2], [1523.1, 4718.2], [1523.1, 4716.2], [1527.1, 4716.2], [1527.1, 4714.2], [1531.1, 4714.2], [1531.1, 4716.2], [1533.1, 4716.2], [1533.1, 4718.2], [1535.1, 4718.2], [1535.1, 4722.2], [1537.1, 4722.2], [1537.1, 4724.2], [1535.1, 4724.2], [1535.1, 4728.2], [1533.1, 4728.2], [1533.1, 4730.2], [1525.1, 4730.2]]]}, "properties": {"cell_id": 942}}, {"type": "Feature", "geometry": {"type": "Polygon", "coordinates": [[[1933.8, 4708.2], [1933.8, 4706.2], [1929.8, 4706.2], [1929.8, 4704.2], [1927.8, 4704.2], [1927.8, 4702.2], [1925.9, 4702.2], [1925.9, 4698.2], [1927.8, 4698.2], [1927.8, 4690.3], [1931.8, 4690.3], [1931.8, 4692.2], [1937.8, 4692.2], [1937.8, 4694.2], [1941.8, 4694.2], [1941.8, 4696.2], [1943.8, 4696.2], [1943.8, 4698.2], [1945.8, 4698.2], [1945.8, 4700.2], [1943.8, 4700.2], [1943.8, 4704.2], [1941.8, 4704.2], [1941.8, 4706.2], [1939.8, 4706.2], [1939.8, 4708.2], [1933.8, 4708.2]]]}, "properties": {"cell_id": 943}}, {"type": "Feature", "geometry": {"type": "Polygon", "coordinates": [[[1575.0, 4885.7], [1575.0, 4883.7], [1573.0, 4883.7], [1573.0, 4877.7], [1571.0, 4877.7], [1571.0, 4863.8], [1575.0, 4863.8], [1575.0, 4861.8], [1581.0, 4861.8], [1581.0, 4863.8], [1584.9, 4863.8], [1584.9, 4865.8], [1586.9, 4865.8], [1586.9, 4867.8], [1588.9, 4867.8], [1588.9, 4871.7], [1590.9, 4871.7], [1590.9, 4875.7], [1588.9, 4875.7], [1588.9, 4879.7], [1586.9, 4879.7], [1586.9, 4881.7], [1583.0, 4881.7], [1583.0, 4883.7], [1579.0, 4883.7], [1579.0, 4885.7], [1575.0, 4885.7]]]}, "properties": {"cell_id": 944}}, {"type": "Feature", "geometry": {"type": "Polygon", "coordinates": [[[2003.7, 5005.2], [2003.7, 4999.3], [2001.7, 4999.3], [2001.7, 4995.3], [1999.7, 4995.3], [1999.7, 4991.3], [2001.7, 4991.3], [2001.7, 4989.3], [2003.7, 4989.3], [2003.7, 4987.3], [2007.6, 4987.3], [2007.6, 4985.3], [2013.6, 4985.3], [2013.6, 4989.3], [2015.6, 4989.3], [2015.6, 5001.3], [2013.6, 5001.3], [2013.6, 5003.3], [2009.6, 5003.3], [2009.6, 5005.2], [2003.7, 5005.2]]]}, "properties": {"cell_id": 945}}, {"type": "Feature", "geometry": {"type": "Polygon", "coordinates": [[[1816.2, 4764.0], [1816.2, 4760.1], [1814.2, 4760.1], [1814.2, 4754.1], [1816.2, 4754.1], [1816.2, 4750.1], [1818.2, 4750.1], [1818.2, 4748.1], [1820.2, 4748.1], [1820.2, 4746.1], [1822.2, 4746.1], [1822.2, 4744.1], [1826.2, 4744.1], [1826.2, 4742.1], [1830.2, 4742.1], [1830.2, 4744.1], [1834.1, 4744.1], [1834.1, 4746.1], [1838.1, 4746.1], [1838.1, 4748.1], [1840.1, 4748.1], [1840.1, 4752.1], [1842.1, 4752.1], [1842.1, 4754.1], [1838.1, 4754.1], [1838.1, 4756.1], [1836.1, 4756.1], [1836.1, 4758.1], [1830.2, 4758.1], [1830.2, 4760.0], [1826.2, 4760.1], [1826.2, 4762.0], [1824.2, 4762.0], [1824.2, 4764.0], [1816.2, 4764.0]]]}, "properties": {"cell_id": 946}}, {"type": "Feature", "geometry": {"type": "Polygon", "coordinates": [[[2159.2, 5049.1], [2159.2, 5047.1], [2157.2, 5047.1], [2157.2, 5041.1], [2159.2, 5041.1], [2159.2, 5037.1], [2161.2, 5037.1], [2161.2, 5035.1], [2163.2, 5035.1], [2163.2, 5033.1], [2165.2, 5033.1], [2165.2, 5031.1], [2167.2, 5031.1], [2167.2, 5033.1], [2173.1, 5033.1], [2173.1, 5035.1], [2175.1, 5035.1], [2175.1, 5037.1], [2173.1, 5037.1], [2173.1, 5043.1], [2171.2, 5043.1], [2171.2, 5045.1], [2169.2, 5045.1], [2169.2, 5047.1], [2165.2, 5047.1], [2165.2, 5049.1], [2159.2, 5049.1]]]}, "properties": {"cell_id": 947}}, {"type": "Feature", "geometry": {"type": "Polygon", "coordinates": [[[944.9, 4774.2], [944.9, 4772.2], [942.9, 4772.2], [942.9, 4770.2], [940.9, 4770.2], [940.9, 4766.2], [938.9, 4766.2], [938.9, 4764.2], [940.9, 4764.2], [940.9, 4760.2], [942.9, 4760.2], [942.9, 4758.2], [944.9, 4758.2], [944.9, 4756.2], [946.9, 4756.2], [946.9, 4754.2], [950.9, 4754.2], [950.9, 4752.2], [952.9, 4752.2], [952.9, 4754.2], [954.9, 4754.2], [954.9, 4756.2], [956.9, 4756.2], [956.9, 4770.2], [954.9, 4770.2], [954.9, 4772.2], [950.9, 4772.2], [950.9, 4774.2], [944.9, 4774.2]]]}, "properties": {"cell_id": 948}}, {"type": "Feature", "geometry": {"type": "Polygon", "coordinates": [[[960.9, 4792.1], [960.9, 4784.1], [962.9, 4784.1], [962.9, 4774.2], [966.9, 4774.1], [966.9, 4772.2], [972.8, 4772.2], [972.8, 4774.1], [976.8, 4774.1], [976.8, 4776.1], [978.8, 4776.1], [978.8, 4780.1], [980.8, 4780.1], [980.8, 4784.1], [976.8, 4784.1], [976.8, 4786.1], [972.8, 4786.1], [972.8, 4788.1], [970.8, 4788.1], [970.8, 4790.1], [966.9, 4790.1], [966.9, 4792.1], [960.9, 4792.1]]]}, "properties": {"cell_id": 949}}, {"type": "Feature", "geometry": {"type": "Polygon", "coordinates": [[[2167.2, 5033.1], [2167.2, 5031.1], [2165.2, 5031.1], [2165.2, 5025.2], [2167.2, 5025.2], [2167.2, 5023.2], [2169.2, 5023.2], [2169.2, 5021.2], [2171.1, 5021.2], [2171.1, 5019.2], [2173.1, 5019.2], [2173.1, 5017.2], [2175.1, 5017.2], [2175.1, 5019.2], [2177.1, 5019.2], [2177.1, 5027.2], [2175.1, 5027.2], [2175.1, 5031.1], [2173.1, 5031.1], [2173.1, 5033.1], [2167.2, 5033.1]]]}, "properties": {"cell_id": 950}}, {"type": "Feature", "geometry": {"type": "Polygon", "coordinates": [[[2195.1, 4941.4], [2195.1, 4939.4], [2191.1, 4939.4], [2191.1, 4937.4], [2189.1, 4937.4], [2189.1, 4939.4], [2177.1, 4939.4], [2177.1, 4937.4], [2175.1, 4937.4], [2175.1, 4933.4], [2177.1, 4933.4], [2177.1, 4929.5], [2179.1, 4929.5], [2179.1, 4925.5], [2181.1, 4925.5], [2181.1, 4923.5], [2183.1, 4923.5], [2183.1, 4921.5], [2187.1, 4921.5], [2187.1, 4919.5], [2193.1, 4919.5], [2193.1, 4921.5], [2197.0, 4921.5], [2197.0, 4923.5], [2199.0, 4923.5], [2199.0, 4927.5], [2201.0, 4927.5], [2201.0, 4937.4], [2199.0, 4937.4], [2199.0, 4941.4], [2195.1, 4941.4]]]}, "properties": {"cell_id": 951}}]}