edge,interaction_class,score_tier,score_percentile,demo_review_flag
AAAACAAAAAAAAAAA-1|AAAACAAAAAAAAAAA-1,autocrine,mid,65.65,unreviewed
AAAACAAAAAAAAAAA-1|ACGTAAAAAAAAAAAA-1,paracrine,low,12.12,unreviewed
AAAACAAAAAAAAAAA-1|ATCACAAAAAAAAAAA-1,paracrine,mid,44.03,reviewed
AAAACAAAAAAAAAAA-1|CAAACAAAAAAAAAAA-1,paracrine,mid,36.3,reviewed
AAAACAAAAAAAAAAA-1|CCGTAAAAAAAAAAAA-1,paracrine,mid,48.14,reviewed
AAAACAAAAAAAAAAA-1|CTCACAAAAAAAAAAA-1,paracrine,low,16.87,reviewed
AAACCAAAAAAAAAAA-1|AAACCAAAAAAAAAAA-1,autocrine,mid,63.25,unreviewed
AAACCAAAAAAAAAAA-1|ACGACAAAAAAAAAAA-1,paracrine,mid,52.89,unreviewed
AAACCAAAAAAAAAAA-1|ATCCCAAAAAAAAAAA-1,paracrine,high,89.89,unreviewed
AAACCAAAAAAAAAAA-1|CAACCAAAAAAAAAAA-1,paracrine,mid,61.11,reviewed
AAACCAAAAAAAAAAA-1|CCGACAAAAAAAAAAA-1,paracrine,mid,63.0,unreviewed
AAACCAAAAAAAAAAA-1|CTCCCAAAAAAAAAAA-1,paracrine,mid,48.14,reviewed
AAACCAAAAAAAAAAA-1|TTTACAAAAAAAAAAA-1,paracrine,mid,61.11,reviewed
AAAGAAAAAAAAAAAA-1|AAAGAAAAAAAAAAAA-1,autocrine,high,98.78,unreviewed
AAAGAAAAAAAAAAAA-1|ACGCAAAAAAAAAAAA-1,paracrine,low,5.3,unreviewed
AAAGAAAAAAAAAAAA-1|ATCGAAAAAAAAAAAA-1,paracrine,low,4.81,unreviewed
AAAGAAAAAAAAAAAA-1|CAAGAAAAAAAAAAAA-1,paracrine,low,5.24,unreviewed
AAAGAAAAAAAAAAAA-1|TAGCAAAAAAAAAAAA-1,paracrine,mid,58.25,unreviewed
AAAGAAAAAAAAAAAA-1|TGCGAAAAAAAAAAAA-1,paracrine,high,98.05,unreviewed
AAAGAAAAAAAAAAAA-1|TTTCAAAAAAAAAAAA-1,paracrine,high,80.45,unreviewed
AAAGCAAAAAAAAAAA-1|AAAGCAAAAAAAAAAA-1,autocrine,mid,37.52,unreviewed
AAAGCAAAAAAAAAAA-1|ACGCCAAAAAAAAAAA-1,paracrine,low,16.63,reviewed
AAAGCAAAAAAAAAAA-1|ATCGCAAAAAAAAAAA-1,paracrine,mid,62.24,unreviewed
AAAGCAAAAAAAAAAA-1|CAAGCAAAAAAAAAAA-1,paracrine,high,84.23,reviewed
AAAGCAAAAAAAAAAA-1|CCGCCAAAAAAAAAAA-1,paracrine,high,75.27,unreviewed
AAAGCAAAAAAAAAAA-1|CTCGCAAAAAAAAAAA-1,paracrine,mid,58.68,unreviewed
AAAGCAAAAAAAAAAA-1|TTTCCAAAAAAAAAAA-1,paracrine,low,22.02,unreviewed
AACACAAAAAAAAAAA-1|AACACAAAAAAAAAAA-1,autocrine,high,94.58,unreviewed
AACACAAAAAAAAAAA-1|ACTTAAAAAAAAAAAA-1,paracrine,high,68.3,unreviewed
AACACAAAAAAAAAAA-1|ATGACAAAAAAAAAAA-1,paracrine,high,90.93,unreviewed
AACACAAAAAAAAAAA-1|CACACAAAAAAAAAAA-1,paracrine,high,99.45,reviewed
AACACAAAAAAAAAAA-1|CCTTAAAAAAAAAAAA-1,paracrine,high,99.27,reviewed
AACACAAAAAAAAAAA-1|CTGACAAAAAAAAAAA-1,paracrine,high,98.66,reviewed
AACACAAAAAAAAAAA-1|TTAACAAAAAAAAAAA-1,paracrine,high,72.5,reviewed
AACGCAAAAAAAAAAA-1|AACGCAAAAAAAAAAA-1,autocrine,low,6.88,unreviewed
AACGCAAAAAAAAAAA-1|ACTCCAAAAAAAAAAA-1,paracrine,low,9.01,unreviewed
AACGCAAAAAAAAAAA-1|ATGGCAAAAAAAAAAA-1,paracrine,low,7.92,reviewed
AACGCAAAAAAAAAAA-1|CACGCAAAAAAAAAAA-1,paracrine,low,10.66,reviewed
AACGCAAAAAAAAAAA-1|TATCCAAAAAAAAAAA-1,paracrine,low,13.03,unreviewed
AACGCAAAAAAAAAAA-1|TGGGCAAAAAAAAAAA-1,paracrine,low,9.87,unreviewed
AACGCAAAAAAAAAAA-1|TTAGCAAAAAAAAAAA-1,paracrine,low,6.82,unreviewed
AACTAAAAAAAAAAAA-1|AACTAAAAAAAAAAAA-1,autocrine,mid,37.18,reviewed
AACTAAAAAAAAAAAA-1|ACTGAAAAAAAAAAAA-1,paracrine,mid,62.42,reviewed
AACTAAAAAAAAAAAA-1|ATGTAAAAAAAAAAAA-1,paracrine,high,83.01,reviewed
AACTAAAAAAAAAAAA-1|CACTAAAAAAAAAAAA-1,paracrine,low,22.38,reviewed
AACTAAAAAAAAAAAA-1|CCTGAAAAAAAAAAAA-1,paracrine,high,77.44,reviewed
AACTAAAAAAAAAAAA-1|CTGTAAAAAAAAAAAA-1,paracrine,high,80.27,reviewed
AACTAAAAAAAAAAAA-1|TTATAAAAAAAAAAAA-1,paracrine,mid,37.27,reviewed
AACTCAAAAAAAAAAA-1|AACTCAAAAAAAAAAA-1,autocrine,mid,42.2,reviewed
AACTCAAAAAAAAAAA-1|ACTGCAAAAAAAAAAA-1,paracrine,low,1.28,unreviewed
AACTCAAAAAAAAAAA-1|ATGTCAAAAAAAAAAA-1,paracrine,low,2.44,unreviewed
AACTCAAAAAAAAAAA-1|CACTCAAAAAAAAAAA-1,paracrine,low,1.95,reviewed
AACTCAAAAAAAAAAA-1|TATGCAAAAAAAAAAA-1,paracrine,high,95.01,unreviewed
AACTCAAAAAAAAAAA-1|TGGTCAAAAAAAAAAA-1,paracrine,low,11.08,unreviewed
AACTCAAAAAAAAAAA-1|TTATCAAAAAAAAAAA-1,paracrine,mid,49.97,reviewed
AAGACAAAAAAAAAAA-1|AAGACAAAAAAAAAAA-1,autocrine,low,21.74,unreviewed
AAGACAAAAAAAAAAA-1|ACAACAAAAAAAAAAA-1,paracrine,mid,54.32,unreviewed
AAGACAAAAAAAAAAA-1|ATTACAAAAAAAAAAA-1,paracrine,low,17.42,unreviewed
AAGACAAAAAAAAAAA-1|CAGACAAAAAAAAAAA-1,paracrine,mid,57.58,unreviewed
AAGACAAAAAAAAAAA-1|TAAACAAAAAAAAAAA-1,paracrine,low,32.1,unreviewed
AAGACAAAAAAAAAAA-1|TGTACAAAAAAAAAAA-1,paracrine,low,16.53,unreviewed
AAGACAAAAAAAAAAA-1|TTCACAAAAAAAAAAA-1,paracrine,mid,63.52,unreviewed
AAGCAAAAAAAAAAAA-1|AAGCAAAAAAAAAAAA-1,autocrine,mid,41.23,unreviewed
AAGCAAAAAAAAAAAA-1|ATTCAAAAAAAAAAAA-1,paracrine,mid,43.33,reviewed
AAGCAAAAAAAAAAAA-1|CAGCAAAAAAAAAAAA-1,paracrine,low,27.16,unreviewed
AAGCAAAAAAAAAAAA-1|CTTCAAAAAAAAAAAA-1,paracrine,mid,36.11,unreviewed
AAGCAAAAAAAAAAAA-1|TTCCAAAAAAAAAAAA-1,paracrine,low,17.84,unreviewed
AAGCCAAAAAAAAAAA-1|AAGCCAAAAAAAAAAA-1,autocrine,mid,66.57,reviewed
AAGCCAAAAAAAAAAA-1|ACACCAAAAAAAAAAA-1,paracrine,low,3.05,reviewed
AAGCCAAAAAAAAAAA-1|ATTCCAAAAAAAAAAA-1,paracrine,low,3.41,reviewed
AAGCCAAAAAAAAAAA-1|CAGCCAAAAAAAAAAA-1,paracrine,low,3.47,reviewed
AAGCCAAAAAAAAAAA-1|TAACCAAAAAAAAAAA-1,paracrine,mid,50.24,unreviewed
AAGCCAAAAAAAAAAA-1|TGTCCAAAAAAAAAAA-1,paracrine,mid,53.96,reviewed
AAGCCAAAAAAAAAAA-1|TTCCCAAAAAAAAAAA-1,paracrine,high,95.37,reviewed
AAGGAAAAAAAAAAAA-1|AAGGAAAAAAAAAAAA-1,autocrine,low,24.3,unreviewed
AAGGAAAAAAAAAAAA-1|ATTGAAAAAAAAAAAA-1,paracrine,high,73.87,unreviewed
AAGGAAAAAAAAAAAA-1|CTTGAAAAAAAAAAAA-1,paracrine,mid,65.93,unreviewed
AAGGAAAAAAAAAAAA-1|TTCGAAAAAAAAAAAA-1,paracrine,high,84.87,unreviewed
AATCCAAAAAAAAAAA-1|AATCCAAAAAAAAAAA-1,autocrine,mid,66.41,reviewed
AATCCAAAAAAAAAAA-1|ACCCCAAAAAAAAAAA-1,paracrine,mid,54.02,unreviewed
AATCCAAAAAAAAAAA-1|CATCCAAAAAAAAAAA-1,paracrine,high,80.72,reviewed
AATCCAAAAAAAAAAA-1|CCCCCAAAAAAAAAAA-1,paracrine,high,74.85,unreviewed
AATCCAAAAAAAAAAA-1|CTAGCAAAAAAAAAAA-1,paracrine,high,82.19,unreviewed
AATGAAAAAAAAAAAA-1|AATGAAAAAAAAAAAA-1,autocrine,low,15.5,unreviewed
AATGAAAAAAAAAAAA-1|ACCGAAAAAAAAAAAA-1,paracrine,low,21.19,reviewed
AATGAAAAAAAAAAAA-1|ATATAAAAAAAAAAAA-1,paracrine,low,31.18,unreviewed
AATGAAAAAAAAAAAA-1|CATGAAAAAAAAAAAA-1,paracrine,low,7.31,reviewed
AATGAAAAAAAAAAAA-1|TACGAAAAAAAAAAAA-1,paracrine,low,7.55,reviewed
AATGAAAAAAAAAAAA-1|TGATAAAAAAAAAAAA-1,paracrine,low,17.17,unreviewed
AATGAAAAAAAAAAAA-1|TTGGAAAAAAAAAAAA-1,paracrine,low,10.26,reviewed
AATGCAAAAAAAAAAA-1|AATGCAAAAAAAAAAA-1,autocrine,high,87.88,unreviewed
AATGCAAAAAAAAAAA-1|ACCGCAAAAAAAAAAA-1,paracrine,high,71.41,reviewed
AATGCAAAAAAAAAAA-1|ATATCAAAAAAAAAAA-1,paracrine,mid,59.59,reviewed
AATGCAAAAAAAAAAA-1|CATGCAAAAAAAAAAA-1,paracrine,high,90.8,unreviewed
AATGCAAAAAAAAAAA-1|CCCGCAAAAAAAAAAA-1,paracrine,mid,44.55,unreviewed
AATGCAAAAAAAAAAA-1|CTATCAAAAAAAAAAA-1,paracrine,high,89.59,reviewed
AATGCAAAAAAAAAAA-1|TTGGCAAAAAAAAAAA-1,paracrine,high,91.78,reviewed
AATTAAAAAAAAAAAA-1|AATTAAAAAAAAAAAA-1,autocrine,high,75.06,unreviewed
AATTAAAAAAAAAAAA-1|ACCTAAAAAAAAAAAA-1,paracrine,low,4.08,unreviewed
AATTAAAAAAAAAAAA-1|ATAACAAAAAAAAAAA-1,paracrine,low,1.58,unreviewed
AATTAAAAAAAAAAAA-1|CATTAAAAAAAAAAAA-1,paracrine,low,2.62,unreviewed
AATTAAAAAAAAAAAA-1|TACTAAAAAAAAAAAA-1,paracrine,mid,52.89,unreviewed
AATTAAAAAAAAAAAA-1|TGAACAAAAAAAAAAA-1,paracrine,high,82.49,unreviewed
AATTAAAAAAAAAAAA-1|TTGTAAAAAAAAAAAA-1,paracrine,high,68.45,unreviewed
ACAACAAAAAAAAAAA-1|AAGACAAAAAAAAAAA-1,paracrine,high,68.09,unreviewed
ACAACAAAAAAAAAAA-1|ACAACAAAAAAAAAAA-1,autocrine,high,89.8,reviewed
ACAACAAAAAAAAAAA-1|AGGTAAAAAAAAAAAA-1,paracrine,high,71.77,unreviewed
ACAACAAAAAAAAAAA-1|CAGACAAAAAAAAAAA-1,paracrine,high,91.44,reviewed
ACAACAAAAAAAAAAA-1|CCAACAAAAAAAAAAA-1,paracrine,mid,56.39,unreviewed
ACAACAAAAAAAAAAA-1|CGGTAAAAAAAAAAAA-1,paracrine,high,83.56,reviewed
ACAACAAAAAAAAAAA-1|TAAACAAAAAAAAAAA-1,paracrine,high,76.77,reviewed
ACAAGAAAAAAAAAAA-1|ACAAGAAAAAAAAAAA-1,autocrine,low,25.33,unreviewed
ACAAGAAAAAAAAAAA-1|AGGTCAAAAAAAAAAA-1,paracrine,mid,66.41,unreviewed
ACAAGAAAAAAAAAAA-1|CCAAGAAAAAAAAAAA-1,paracrine,mid,58.59,reviewed
ACAAGAAAAAAAAAAA-1|TAAAGAAAAAAAAAAA-1,paracrine,high,74.15,reviewed
ACAAGAAAAAAAAAAA-1|TCGTCAAAAAAAAAAA-1,paracrine,mid,63.79,reviewed
ACACCAAAAAAAAAAA-1|AAGCCAAAAAAAAAAA-1,paracrine,low,2.74,unreviewed
ACACCAAAAAAAAAAA-1|ACACCAAAAAAAAAAA-1,autocrine,mid,40.93,unreviewed
ACACCAAAAAAAAAAA-1|AGGACAAAAAAAAAAA-1,paracrine,low,5.48,unreviewed
ACACCAAAAAAAAAAA-1|CAGCCAAAAAAAAAAA-1,paracrine,low,31.67,unreviewed
ACACCAAAAAAAAAAA-1|CCACCAAAAAAAAAAA-1,paracrine,high,80.27,reviewed
ACACCAAAAAAAAAAA-1|CGGACAAAAAAAAAAA-1,paracrine,mid,61.69,unreviewed
ACACCAAAAAAAAAAA-1|TAACCAAAAAAAAAAA-1,paracrine,low,2.19,unreviewed
ACCCCAAAAAAAAAAA-1|AATCCAAAAAAAAAAA-1,paracrine,mid,39.52,unreviewed
ACCCCAAAAAAAAAAA-1|ACCCCAAAAAAAAAAA-1,autocrine,low,24.12,unreviewed
ACCCCAAAAAAAAAAA-1|AGTACAAAAAAAAAAA-1,paracrine,low,12.24,unreviewed
ACCCCAAAAAAAAAAA-1|CCCCCAAAAAAAAAAA-1,paracrine,mid,37.97,unreviewed
ACCGAAAAAAAAAAAA-1|AATGAAAAAAAAAAAA-1,paracrine,low,25.94,unreviewed
ACCGAAAAAAAAAAAA-1|ACCGAAAAAAAAAAAA-1,autocrine,low,28.17,unreviewed
ACCGAAAAAAAAAAAA-1|AGTCAAAAAAAAAAAA-1,paracrine,low,28.62,reviewed
ACCGAAAAAAAAAAAA-1|CATGAAAAAAAAAAAA-1,paracrine,low,9.74,unreviewed
ACCGAAAAAAAAAAAA-1|CCCGAAAAAAAAAAAA-1,paracrine,high,67.39,unreviewed
ACCGAAAAAAAAAAAA-1|CGTCAAAAAAAAAAAA-1,paracrine,mid,42.08,unreviewed
ACCGAAAAAAAAAAAA-1|TACGAAAAAAAAAAAA-1,paracrine,low,11.51,unreviewed
ACCGCAAAAAAAAAAA-1|AATGCAAAAAAAAAAA-1,paracrine,mid,61.94,unreviewed
ACCGCAAAAAAAAAAA-1|ACCGCAAAAAAAAAAA-1,autocrine,mid,35.08,reviewed
ACCGCAAAAAAAAAAA-1|AGTCCAAAAAAAAAAA-1,paracrine,mid,47.53,unreviewed
ACCGCAAAAAAAAAAA-1|CCCGCAAAAAAAAAAA-1,paracrine,low,16.26,reviewed
ACCGCAAAAAAAAAAA-1|TACGCAAAAAAAAAAA-1,paracrine,mid,48.36,unreviewed
ACCGCAAAAAAAAAAA-1|TCTCCAAAAAAAAAAA-1,paracrine,low,32.03,reviewed
ACCGCAAAAAAAAAAA-1|TTGGCAAAAAAAAAAA-1,paracrine,mid,66.14,unreviewed
ACCTAAAAAAAAAAAA-1|AATTAAAAAAAAAAAA-1,paracrine,low,2.92,unreviewed
ACCTAAAAAAAAAAAA-1|ACCTAAAAAAAAAAAA-1,autocrine,high,89.98,unreviewed
ACCTAAAAAAAAAAAA-1|AGTGAAAAAAAAAAAA-1,paracrine,low,4.57,reviewed
ACCTAAAAAAAAAAAA-1|CATTAAAAAAAAAAAA-1,paracrine,high,70.68,unreviewed
ACCTAAAAAAAAAAAA-1|CCCTAAAAAAAAAAAA-1,paracrine,high,92.63,reviewed
ACCTAAAAAAAAAAAA-1|CGTGAAAAAAAAAAAA-1,paracrine,high,94.0,unreviewed
ACCTAAAAAAAAAAAA-1|TACTAAAAAAAAAAAA-1,paracrine,low,2.8,unreviewed
ACCTCAAAAAAAAAAA-1|ACCTCAAAAAAAAAAA-1,autocrine,high,95.62,unreviewed
ACCTCAAAAAAAAAAA-1|AGTGCAAAAAAAAAAA-1,paracrine,mid,55.09,unreviewed
ACCTCAAAAAAAAAAA-1|TACTCAAAAAAAAAAA-1,paracrine,high,87.36,unreviewed
ACCTCAAAAAAAAAAA-1|TCTGCAAAAAAAAAAA-1,paracrine,high,94.76,reviewed
ACCTCAAAAAAAAAAA-1|TTGTCAAAAAAAAAAA-1,paracrine,high,80.45,unreviewed
ACGACAAAAAAAAAAA-1|AAACCAAAAAAAAAAA-1,paracrine,mid,35.51,reviewed
ACGACAAAAAAAAAAA-1|ACGACAAAAAAAAAAA-1,autocrine,low,21.29,reviewed
ACGACAAAAAAAAAAA-1|AGAACAAAAAAAAAAA-1,paracrine,low,32.95,unreviewed
ACGACAAAAAAAAAAA-1|CCGACAAAAAAAAAAA-1,paracrine,low,28.38,unreviewed
ACGACAAAAAAAAAAA-1|TAGACAAAAAAAAAAA-1,paracrine,low,29.26,reviewed
ACGACAAAAAAAAAAA-1|TCAACAAAAAAAAAAA-1,paracrine,mid,48.02,unreviewed
ACGACAAAAAAAAAAA-1|TTTACAAAAAAAAAAA-1,paracrine,low,25.58,reviewed
ACGCAAAAAAAAAAAA-1|AAAGAAAAAAAAAAAA-1,paracrine,low,3.29,unreviewed
ACGCAAAAAAAAAAAA-1|ACGCAAAAAAAAAAAA-1,autocrine,mid,34.81,unreviewed
ACGCAAAAAAAAAAAA-1|CAAGAAAAAAAAAAAA-1,paracrine,mid,49.76,reviewed
ACGCAAAAAAAAAAAA-1|TAGCAAAAAAAAAAAA-1,paracrine,low,1.16,unreviewed
ACGCCAAAAAAAAAAA-1|AAAGCAAAAAAAAAAA-1,paracrine,mid,54.08,unreviewed
ACGCCAAAAAAAAAAA-1|ACGCCAAAAAAAAAAA-1,autocrine,low,29.78,unreviewed
ACGCCAAAAAAAAAAA-1|AGACCAAAAAAAAAAA-1,paracrine,mid,59.26,unreviewed
ACGCCAAAAAAAAAAA-1|CCGCCAAAAAAAAAAA-1,paracrine,high,89.13,unreviewed
ACGCCAAAAAAAAAAA-1|TAGCCAAAAAAAAAAA-1,paracrine,high,69.95,unreviewed
ACGCCAAAAAAAAAAA-1|TCACCAAAAAAAAAAA-1,paracrine,mid,59.59,unreviewed
ACGCCAAAAAAAAAAA-1|TTTCCAAAAAAAAAAA-1,paracrine,mid,34.1,unreviewed
ACGTAAAAAAAAAAAA-1|AAAACAAAAAAAAAAA-1,paracrine,low,23.63,unreviewed
ACGTAAAAAAAAAAAA-1|ACGTAAAAAAAAAAAA-1,autocrine,low,6.27,unreviewed
ACGTAAAAAAAAAAAA-1|CCGTAAAAAAAAAAAA-1,paracrine,low,14.77,reviewed
ACGTCAAAAAAAAAAA-1|ACGTCAAAAAAAAAAA-1,autocrine,low,23.02,reviewed
ACGTCAAAAAAAAAAA-1|AGATCAAAAAAAAAAA-1,paracrine,low,23.72,reviewed
ACGTCAAAAAAAAAAA-1|CCGTCAAAAAAAAAAA-1,paracrine,low,18.33,unreviewed
ACGTCAAAAAAAAAAA-1|CGATCAAAAAAAAAAA-1,paracrine,mid,39.86,reviewed
ACTCCAAAAAAAAAAA-1|AACGCAAAAAAAAAAA-1,paracrine,high,68.88,unreviewed
ACTCCAAAAAAAAAAA-1|ACTCCAAAAAAAAAAA-1,autocrine,high,87.64,unreviewed
ACTCCAAAAAAAAAAA-1|AGCCCAAAAAAAAAAA-1,paracrine,high,90.32,unreviewed
ACTCCAAAAAAAAAAA-1|CACGCAAAAAAAAAAA-1,paracrine,high,91.66,unreviewed
ACTCCAAAAAAAAAAA-1|CCTCCAAAAAAAAAAA-1,paracrine,high,83.37,unreviewed
ACTCCAAAAAAAAAAA-1|CGCCCAAAAAAAAAAA-1,paracrine,high,97.08,unreviewed
ACTCCAAAAAAAAAAA-1|TATCCAAAAAAAAAAA-1,paracrine,high,95.37,reviewed
ACTGAAAAAAAAAAAA-1|AACTAAAAAAAAAAAA-1,paracrine,low,16.69,reviewed
ACTGAAAAAAAAAAAA-1|ACTGAAAAAAAAAAAA-1,autocrine,mid,52.28,unreviewed
ACTGAAAAAAAAAAAA-1|AGCGAAAAAAAAAAAA-1,paracrine,high,67.39,unreviewed
ACTGAAAAAAAAAAAA-1|CCTGAAAAAAAAAAAA-1,paracrine,high,69.82,unreviewed
ACTGAAAAAAAAAAAA-1|TATGAAAAAAAAAAAA-1,paracrine,mid,54.51,reviewed
ACTGAAAAAAAAAAAA-1|TCCGAAAAAAAAAAAA-1,paracrine,low,29.9,unreviewed
ACTGAAAAAAAAAAAA-1|TTATAAAAAAAAAAAA-1,paracrine,low,19.31,unreviewed
ACTGCAAAAAAAAAAA-1|AACTCAAAAAAAAAAA-1,paracrine,low,2.68,reviewed
ACTGCAAAAAAAAAAA-1|ACTGCAAAAAAAAAAA-1,autocrine,low,13.89,reviewed
ACTGCAAAAAAAAAAA-1|AGCGCAAAAAAAAAAA-1,paracrine,low,1.46,reviewed
ACTGCAAAAAAAAAAA-1|CACTCAAAAAAAAAAA-1,paracrine,low,23.02,reviewed
ACTGCAAAAAAAAAAA-1|CCTGCAAAAAAAAAAA-1,paracrine,low,18.82,unreviewed
ACTGCAAAAAAAAAAA-1|CGCGCAAAAAAAAAAA-1,paracrine,low,29.17,unreviewed
ACTGCAAAAAAAAAAA-1|TATGCAAAAAAAAAAA-1,paracrine,low,4.99,unreviewed
ACTTAAAAAAAAAAAA-1|AACACAAAAAAAAAAA-1,paracrine,high,70.28,unreviewed
ACTTAAAAAAAAAAAA-1|ACTTAAAAAAAAAAAA-1,autocrine,low,27.95,reviewed
ACTTAAAAAAAAAAAA-1|AGCTAAAAAAAAAAAA-1,paracrine,mid,34.26,reviewed
ACTTAAAAAAAAAAAA-1|CCTTAAAAAAAAAAAA-1,paracrine,high,82.31,reviewed
ACTTAAAAAAAAAAAA-1|TATTAAAAAAAAAAAA-1,paracrine,high,80.09,reviewed
ACTTAAAAAAAAAAAA-1|TCCTAAAAAAAAAAAA-1,paracrine,mid,60.96,reviewed
ACTTAAAAAAAAAAAA-1|TTAACAAAAAAAAAAA-1,paracrine,low,21.41,unreviewed
AGAACAAAAAAAAAAA-1|ACGACAAAAAAAAAAA-1,paracrine,mid,42.87,unreviewed
AGAACAAAAAAAAAAA-1|AGAACAAAAAAAAAAA-1,autocrine,mid,56.76,reviewed
AGAACAAAAAAAAAAA-1|ATGTAAAAAAAAAAAA-1,paracrine,high,72.17,unreviewed
AGAACAAAAAAAAAAA-1|CCGACAAAAAAAAAAA-1,paracrine,mid,65.74,reviewed
AGAACAAAAAAAAAAA-1|CGAACAAAAAAAAAAA-1,paracrine,mid,47.87,reviewed
AGAACAAAAAAAAAAA-1|CTGTAAAAAAAAAAAA-1,paracrine,high,67.39,unreviewed
AGAACAAAAAAAAAAA-1|TCAACAAAAAAAAAAA-1,paracrine,high,78.01,unreviewed
AGAAGAAAAAAAAAAA-1|AGAAGAAAAAAAAAAA-1,autocrine,low,24.7,unreviewed
AGAAGAAAAAAAAAAA-1|ATGTCAAAAAAAAAAA-1,paracrine,low,2.28,unreviewed
AGAAGAAAAAAAAAAA-1|TCAAGAAAAAAAAAAA-1,paracrine,low,28.17,reviewed
AGAAGAAAAAAAAAAA-1|TGGTCAAAAAAAAAAA-1,paracrine,low,9.93,unreviewed
AGACCAAAAAAAAAAA-1|ACGCCAAAAAAAAAAA-1,paracrine,low,19.4,unreviewed
AGACCAAAAAAAAAAA-1|AGACCAAAAAAAAAAA-1,autocrine,mid,40.04,unreviewed
AGACCAAAAAAAAAAA-1|ATGACAAAAAAAAAAA-1,paracrine,mid,46.99,unreviewed
AGACCAAAAAAAAAAA-1|CCGCCAAAAAAAAAAA-1,paracrine,high,75.94,unreviewed
AGACCAAAAAAAAAAA-1|CGACCAAAAAAAAAAA-1,paracrine,low,29.26,unreviewed
AGACCAAAAAAAAAAA-1|CTGACAAAAAAAAAAA-1,paracrine,high,74.33,unreviewed
AGACCAAAAAAAAAAA-1|TCACCAAAAAAAAAAA-1,paracrine,mid,41.6,unreviewed
AGATCAAAAAAAAAAA-1|ACGTCAAAAAAAAAAA-1,paracrine,mid,41.47,unreviewed
AGATCAAAAAAAAAAA-1|AGATCAAAAAAAAAAA-1,autocrine,mid,43.88,reviewed
AGATCAAAAAAAAAAA-1|ATGGCAAAAAAAAAAA-1,paracrine,mid,35.99,reviewed
AGATCAAAAAAAAAAA-1|CGATCAAAAAAAAAAA-1,paracrine,mid,58.47,unreviewed
AGATCAAAAAAAAAAA-1|TCATCAAAAAAAAAAA-1,paracrine,mid,56.09,unreviewed
AGATCAAAAAAAAAAA-1|TGGGCAAAAAAAAAAA-1,paracrine,mid,50.58,reviewed
AGCCCAAAAAAAAAAA-1|ACTCCAAAAAAAAAAA-1,paracrine,mid,40.56,unreviewed
AGCCCAAAAAAAAAAA-1|AGCCCAAAAAAAAAAA-1,autocrine,mid,47.44,unreviewed
AGCCCAAAAAAAAAAA-1|ATTACAAAAAAAAAAA-1,paracrine,low,24.3,reviewed
AGCCCAAAAAAAAAAA-1|CGCCCAAAAAAAAAAA-1,paracrine,high,73.69,unreviewed
AGCCCAAAAAAAAAAA-1|TATCCAAAAAAAAAAA-1,paracrine,mid,60.9,unreviewed
AGCCCAAAAAAAAAAA-1|TCCCCAAAAAAAAAAA-1,paracrine,low,13.22,unreviewed
AGCCCAAAAAAAAAAA-1|TGTACAAAAAAAAAAA-1,paracrine,low,15.68,unreviewed
AGCGAAAAAAAAAAAA-1|ACTGAAAAAAAAAAAA-1,paracrine,high,84.01,reviewed
AGCGAAAAAAAAAAAA-1|AGCGAAAAAAAAAAAA-1,autocrine,high,94.15,reviewed
AGCGAAAAAAAAAAAA-1|ATTCAAAAAAAAAAAA-1,paracrine,high,84.01,unreviewed
AGCGAAAAAAAAAAAA-1|CCTGAAAAAAAAAAAA-1,paracrine,high,92.36,unreviewed
AGCGAAAAAAAAAAAA-1|CGCGAAAAAAAAAAAA-1,paracrine,high,97.14,reviewed
AGCGAAAAAAAAAAAA-1|CTTCAAAAAAAAAAAA-1,paracrine,high,84.47,unreviewed
AGCGAAAAAAAAAAAA-1|TCCGAAAAAAAAAAAA-1,paracrine,high,70.8,reviewed
AGCGCAAAAAAAAAAA-1|ACTGCAAAAAAAAAAA-1,paracrine,low,3.11,reviewed
AGCGCAAAAAAAAAAA-1|AGCGCAAAAAAAAAAA-1,autocrine,low,14.86,unreviewed
AGCGCAAAAAAAAAAA-1|ATTCCAAAAAAAAAAA-1,paracrine,low,4.02,reviewed
AGCGCAAAAAAAAAAA-1|CGCGCAAAAAAAAAAA-1,paracrine,low,3.23,unreviewed
AGCGCAAAAAAAAAAA-1|TATGCAAAAAAAAAAA-1,paracrine,high,88.55,unreviewed
AGCGCAAAAAAAAAAA-1|TCCGCAAAAAAAAAAA-1,paracrine,mid,64.34,unreviewed
AGCGCAAAAAAAAAAA-1|TGTCCAAAAAAAAAAA-1,paracrine,mid,45.13,reviewed
AGCTAAAAAAAAAAAA-1|ACTTAAAAAAAAAAAA-1,paracrine,mid,46.53,unreviewed
AGCTAAAAAAAAAAAA-1|AGCTAAAAAAAAAAAA-1,autocrine,mid,45.34,reviewed
AGCTAAAAAAAAAAAA-1|ATTGAAAAAAAAAAAA-1,paracrine,high,88.64,reviewed
AGCTAAAAAAAAAAAA-1|CCTTAAAAAAAAAAAA-1,paracrine,high,93.57,unreviewed
AGCTAAAAAAAAAAAA-1|CGCTAAAAAAAAAAAA-1,paracrine,high,78.29,reviewed
AGCTAAAAAAAAAAAA-1|CTTGAAAAAAAAAAAA-1,paracrine,high,82.31,reviewed
AGCTAAAAAAAAAAAA-1|TCCTAAAAAAAAAAAA-1,paracrine,high,69.34,reviewed
AGGACAAAAAAAAAAA-1|ACACCAAAAAAAAAAA-1,paracrine,low,4.2,reviewed
AGGACAAAAAAAAAAA-1|AGGACAAAAAAAAAAA-1,autocrine,mid,57.86,unreviewed
AGGACAAAAAAAAAAA-1|ATAACAAAAAAAAAAA-1,paracrine,low,4.38,unreviewed
AGGACAAAAAAAAAAA-1|CGGACAAAAAAAAAAA-1,paracrine,low,4.93,unreviewed
AGGACAAAAAAAAAAA-1|TAACCAAAAAAAAAAA-1,paracrine,mid,34.56,unreviewed
AGGACAAAAAAAAAAA-1|TCGACAAAAAAAAAAA-1,paracrine,mid,62.52,unreviewed
AGGACAAAAAAAAAAA-1|TGAACAAAAAAAAAAA-1,paracrine,mid,64.65,reviewed
AGGTAAAAAAAAAAAA-1|ACAACAAAAAAAAAAA-1,paracrine,low,19.91,unreviewed
AGGTAAAAAAAAAAAA-1|AGGTAAAAAAAAAAAA-1,autocrine,low,11.57,unreviewed
AGGTAAAAAAAAAAAA-1|ATATAAAAAAAAAAAA-1,paracrine,low,18.15,reviewed
AGGTAAAAAAAAAAAA-1|CGGTAAAAAAAAAAAA-1,paracrine,low,16.08,unreviewed
AGGTAAAAAAAAAAAA-1|TAAACAAAAAAAAAAA-1,paracrine,low,11.42,unreviewed
AGGTAAAAAAAAAAAA-1|TCGTAAAAAAAAAAAA-1,paracrine,low,17.3,reviewed
AGGTAAAAAAAAAAAA-1|TGATAAAAAAAAAAAA-1,paracrine,low,13.12,unreviewed
AGGTCAAAAAAAAAAA-1|ACAAGAAAAAAAAAAA-1,paracrine,low,30.72,unreviewed
AGGTCAAAAAAAAAAA-1|AGGTCAAAAAAAAAAA-1,autocrine,high,73.54,reviewed
AGGTCAAAAAAAAAAA-1|ATATCAAAAAAAAAAA-1,paracrine,mid,66.41,unreviewed
AGGTCAAAAAAAAAAA-1|CCAAGAAAAAAAAAAA-1,paracrine,mid,65.93,unreviewed
AGGTCAAAAAAAAAAA-1|CGGTCAAAAAAAAAAA-1,paracrine,high,93.18,unreviewed
AGGTCAAAAAAAAAAA-1|CTATCAAAAAAAAAAA-1,paracrine,high,95.22,unreviewed
AGGTCAAAAAAAAAAA-1|TCGTCAAAAAAAAAAA-1,paracrine,high,75.64,unreviewed
AGTACAAAAAAAAAAA-1|ACCCCAAAAAAAAAAA-1,paracrine,low,8.8,reviewed
AGTACAAAAAAAAAAA-1|AGTACAAAAAAAAAAA-1,autocrine,low,7.25,reviewed
AGTACAAAAAAAAAAA-1|ATCACAAAAAAAAAAA-1,paracrine,low,18.7,reviewed
AGTACAAAAAAAAAAA-1|CCCCCAAAAAAAAAAA-1,paracrine,low,20.37,reviewed
AGTACAAAAAAAAAAA-1|CGTACAAAAAAAAAAA-1,paracrine,low,12.61,reviewed
AGTACAAAAAAAAAAA-1|CTCACAAAAAAAAAAA-1,paracrine,low,7.98,unreviewed
AGTCAAAAAAAAAAAA-1|ACCGAAAAAAAAAAAA-1,paracrine,low,25.67,unreviewed
AGTCAAAAAAAAAAAA-1|AGTCAAAAAAAAAAAA-1,autocrine,low,25.06,unreviewed
AGTCAAAAAAAAAAAA-1|CGTCAAAAAAAAAAAA-1,paracrine,mid,36.91,reviewed
AGTCAAAAAAAAAAAA-1|TACGAAAAAAAAAAAA-1,paracrine,low,10.05,unreviewed
AGTCCAAAAAAAAAAA-1|ACCGCAAAAAAAAAAA-1,paracrine,high,98.42,reviewed
AGTCCAAAAAAAAAAA-1|AGTCCAAAAAAAAAAA-1,autocrine,high,99.09,unreviewed
AGTCCAAAAAAAAAAA-1|ATCCCAAAAAAAAAAA-1,paracrine,high,100.0,unreviewed
AGTCCAAAAAAAAAAA-1|CCCGCAAAAAAAAAAA-1,paracrine,high,82.89,reviewed
AGTCCAAAAAAAAAAA-1|CGTCCAAAAAAAAAAA-1,paracrine,high,99.94,unreviewed
AGTCCAAAAAAAAAAA-1|CTCCCAAAAAAAAAAA-1,paracrine,high,98.72,unreviewed
AGTCCAAAAAAAAAAA-1|TCTCCAAAAAAAAAAA-1,paracrine,high,98.33,unreviewed
AGTGAAAAAAAAAAAA-1|ACCTAAAAAAAAAAAA-1,paracrine,low,4.14,unreviewed
AGTGAAAAAAAAAAAA-1|AGTGAAAAAAAAAAAA-1,autocrine,high,81.49,unreviewed
AGTGAAAAAAAAAAAA-1|ATCGAAAAAAAAAAAA-1,paracrine,low,1.89,reviewed
AGTGAAAAAAAAAAAA-1|CGTGAAAAAAAAAAAA-1,paracrine,low,2.04,unreviewed
AGTGAAAAAAAAAAAA-1|TACTAAAAAAAAAAAA-1,paracrine,mid,39.46,unreviewed
AGTGAAAAAAAAAAAA-1|TCTGAAAAAAAAAAAA-1,paracrine,mid,65.29,unreviewed
AGTGAAAAAAAAAAAA-1|TGCGAAAAAAAAAAAA-1,paracrine,high,86.85,unreviewed
AGTGCAAAAAAAAAAA-1|ACCTCAAAAAAAAAAA-1,paracrine,mid,38.61,unreviewed
AGTGCAAAAAAAAAAA-1|AGTGCAAAAAAAAAAA-1,autocrine,low,8.5,reviewed
AGTGCAAAAAAAAAAA-1|ATCGCAAAAAAAAAAA-1,paracrine,mid,46.29,unreviewed
AGTGCAAAAAAAAAAA-1|CGTGCAAAAAAAAAAA-1,paracrine,low,19.73,unreviewed
AGTGCAAAAAAAAAAA-1|CTCGCAAAAAAAAAAA-1,paracrine,mid,40.04,reviewed
AGTGCAAAAAAAAAAA-1|TCTGCAAAAAAAAAAA-1,paracrine,low,33.13,unreviewed
ATAACAAAAAAAAAAA-1|AATTAAAAAAAAAAAA-1,paracrine,low,4.45,unreviewed
ATAACAAAAAAAAAAA-1|AGGACAAAAAAAAAAA-1,paracrine,low,6.58,unreviewed
ATAACAAAAAAAAAAA-1|ATAACAAAAAAAAAAA-1,autocrine,high,70.92,unreviewed
ATAACAAAAAAAAAAA-1|CATTAAAAAAAAAAAA-1,paracrine,mid,59.1,unreviewed
ATAACAAAAAAAAAAA-1|CGGACAAAAAAAAAAA-1,paracrine,high,71.41,unreviewed
ATAACAAAAAAAAAAA-1|CTAACAAAAAAAAAAA-1,paracrine,low,21.5,reviewed
ATAACAAAAAAAAAAA-1|TGAACAAAAAAAAAAA-1,paracrine,low,5.36,reviewed
ATATAAAAAAAAAAAA-1|AATGAAAAAAAAAAAA-1,paracrine,mid,37.61,reviewed
ATATAAAAAAAAAAAA-1|AGGTAAAAAAAAAAAA-1,paracrine,mid,41.6,unreviewed
ATATAAAAAAAAAAAA-1|ATATAAAAAAAAAAAA-1,autocrine,mid,62.7,unreviewed
ATATAAAAAAAAAAAA-1|CATGAAAAAAAAAAAA-1,paracrine,low,12.91,unreviewed
ATATAAAAAAAAAAAA-1|CGGTAAAAAAAAAAAA-1,paracrine,mid,60.05,unreviewed
ATATAAAAAAAAAAAA-1|CTATAAAAAAAAAAAA-1,paracrine,mid,61.54,unreviewed
ATATAAAAAAAAAAAA-1|TGATAAAAAAAAAAAA-1,paracrine,mid,47.14,unreviewed
ATATCAAAAAAAAAAA-1|AATGCAAAAAAAAAAA-1,paracrine,high,91.6,unreviewed
ATATCAAAAAAAAAAA-1|AGGTCAAAAAAAAAAA-1,paracrine,high,77.22,unreviewed
ATATCAAAAAAAAAAA-1|ATATCAAAAAAAAAAA-1,autocrine,mid,64.34,unreviewed
ATATCAAAAAAAAAAA-1|CTATCAAAAAAAAAAA-1,paracrine,high,93.79,reviewed
ATATCAAAAAAAAAAA-1|TCGTCAAAAAAAAAAA-1,paracrine,high,72.5,unreviewed
ATATCAAAAAAAAAAA-1|TGATCAAAAAAAAAAA-1,paracrine,high,90.86,unreviewed
ATATCAAAAAAAAAAA-1|TTGGCAAAAAAAAAAA-1,paracrine,high,92.69,unreviewed
ATCACAAAAAAAAAAA-1|AAAACAAAAAAAAAAA-1,paracrine,high,81.85,reviewed
ATCACAAAAAAAAAAA-1|AGTACAAAAAAAAAAA-1,paracrine,low,24.48,reviewed
ATCACAAAAAAAAAAA-1|ATCACAAAAAAAAAAA-1,autocrine,mid,61.33,unreviewed
ATCACAAAAAAAAAAA-1|CTCACAAAAAAAAAAA-1,paracrine,low,31.85,reviewed
ATCCCAAAAAAAAAAA-1|AAACCAAAAAAAAAAA-1,paracrine,high,95.07,reviewed
ATCCCAAAAAAAAAAA-1|AGTCCAAAAAAAAAAA-1,paracrine,high,95.98,reviewed
ATCCCAAAAAAAAAAA-1|ATCCCAAAAAAAAAAA-1,autocrine,high,99.57,unreviewed
ATCCCAAAAAAAAAAA-1|CTCCCAAAAAAAAAAA-1,paracrine,high,82.95,unreviewed
ATCCCAAAAAAAAAAA-1|TCTCCAAAAAAAAAAA-1,paracrine,high,81.55,reviewed
ATCCCAAAAAAAAAAA-1|TGCCCAAAAAAAAAAA-1,paracrine,high,93.91,unreviewed
ATCCCAAAAAAAAAAA-1|TTTACAAAAAAAAAAA-1,paracrine,high,93.03,unreviewed
ATCGAAAAAAAAAAAA-1|AAAGAAAAAAAAAAAA-1,paracrine,low,3.9,unreviewed
ATCGAAAAAAAAAAAA-1|AGTGAAAAAAAAAAAA-1,paracrine,low,3.96,unreviewed
ATCGAAAAAAAAAAAA-1|ATCGAAAAAAAAAAAA-1,autocrine,mid,63.64,unreviewed
ATCGAAAAAAAAAAAA-1|CAAGAAAAAAAAAAAA-1,paracrine,high,76.16,unreviewed
ATCGAAAAAAAAAAAA-1|CGTGAAAAAAAAAAAA-1,paracrine,high,91.72,unreviewed
ATCGAAAAAAAAAAAA-1|CTCGAAAAAAAAAAAA-1,paracrine,high,85.14,reviewed
ATCGAAAAAAAAAAAA-1|TGCGAAAAAAAAAAAA-1,paracrine,low,3.35,reviewed
ATCGCAAAAAAAAAAA-1|AAAGCAAAAAAAAAAA-1,paracrine,low,8.28,reviewed
ATCGCAAAAAAAAAAA-1|AGTGCAAAAAAAAAAA-1,paracrine,low,6.21,reviewed
ATCGCAAAAAAAAAAA-1|ATCGCAAAAAAAAAAA-1,autocrine,low,15.9,reviewed
ATCGCAAAAAAAAAAA-1|CTCGCAAAAAAAAAAA-1,paracrine,low,12.85,reviewed
ATCGCAAAAAAAAAAA-1|TCTGCAAAAAAAAAAA-1,paracrine,low,13.4,reviewed
ATCGCAAAAAAAAAAA-1|TGCGCAAAAAAAAAAA-1,paracrine,low,10.9,unreviewed
ATCGCAAAAAAAAAAA-1|TTTCCAAAAAAAAAAA-1,paracrine,low,6.46,reviewed
ATGACAAAAAAAAAAA-1|AACACAAAAAAAAAAA-1,paracrine,mid,62.91,reviewed
ATGACAAAAAAAAAAA-1|AGACCAAAAAAAAAAA-1,paracrine,mid,49.97,reviewed
ATGACAAAAAAAAAAA-1|ATGACAAAAAAAAAAA-1,autocrine,mid,51.28,unreviewed
ATGACAAAAAAAAAAA-1|CTGACAAAAAAAAAAA-1,paracrine,high,72.23,unreviewed
ATGACAAAAAAAAAAA-1|TCACCAAAAAAAAAAA-1,paracrine,mid,50.76,unreviewed
ATGACAAAAAAAAAAA-1|TGGACAAAAAAAAAAA-1,paracrine,low,13.82,unreviewed
ATGACAAAAAAAAAAA-1|TTAACAAAAAAAAAAA-1,paracrine,low,23.84,unreviewed
ATGGCAAAAAAAAAAA-1|AACGCAAAAAAAAAAA-1,paracrine,mid,34.81,reviewed
ATGGCAAAAAAAAAAA-1|AGATCAAAAAAAAAAA-1,paracrine,mid,49.18,unreviewed
ATGGCAAAAAAAAAAA-1|ATGGCAAAAAAAAAAA-1,autocrine,mid,40.56,reviewed
ATGGCAAAAAAAAAAA-1|CACGCAAAAAAAAAAA-1,paracrine,mid,66.08,unreviewed
ATGGCAAAAAAAAAAA-1|CGATCAAAAAAAAAAA-1,paracrine,mid,65.19,reviewed
ATGGCAAAAAAAAAAA-1|CTGGCAAAAAAAAAAA-1,paracrine,high,78.93,unreviewed
ATGGCAAAAAAAAAAA-1|TGGGCAAAAAAAAAAA-1,paracrine,mid,60.57,reviewed
ATGTAAAAAAAAAAAA-1|AACTAAAAAAAAAAAA-1,paracrine,mid,50.58,reviewed
ATGTAAAAAAAAAAAA-1|AGAACAAAAAAAAAAA-1,paracrine,high,81.24,unreviewed
ATGTAAAAAAAAAAAA-1|ATGTAAAAAAAAAAAA-1,autocrine,high,93.57,unreviewed
ATGTAAAAAAAAAAAA-1|CTGTAAAAAAAAAAAA-1,paracrine,high,87.94,unreviewed
ATGTAAAAAAAAAAAA-1|TCAACAAAAAAAAAAA-1,paracrine,high,94.85,reviewed
ATGTAAAAAAAAAAAA-1|TGGTAAAAAAAAAAAA-1,paracrine,mid,58.13,reviewed
ATGTAAAAAAAAAAAA-1|TTATAAAAAAAAAAAA-1,paracrine,mid,48.87,reviewed
ATGTCAAAAAAAAAAA-1|AACTCAAAAAAAAAAA-1,paracrine,low,4.26,unreviewed
ATGTCAAAAAAAAAAA-1|AGAAGAAAAAAAAAAA-1,paracrine,low,3.81,reviewed
ATGTCAAAAAAAAAAA-1|ATGTCAAAAAAAAAAA-1,autocrine,mid,45.01,unreviewed
ATGTCAAAAAAAAAAA-1|CACTCAAAAAAAAAAA-1,paracrine,mid,44.76,unreviewed
ATGTCAAAAAAAAAAA-1|CTGTCAAAAAAAAAAA-1,paracrine,mid,57.8,unreviewed
ATGTCAAAAAAAAAAA-1|TGGTCAAAAAAAAAAA-1,paracrine,low,1.52,unreviewed
ATTACAAAAAAAAAAA-1|AAGACAAAAAAAAAAA-1,paracrine,low,19.79,unreviewed
ATTACAAAAAAAAAAA-1|AGCCCAAAAAAAAAAA-1,paracrine,mid,40.86,unreviewed
ATTACAAAAAAAAAAA-1|ATTACAAAAAAAAAAA-1,autocrine,low,18.91,unreviewed
ATTACAAAAAAAAAAA-1|CAGACAAAAAAAAAAA-1,paracrine,mid,52.62,reviewed
ATTACAAAAAAAAAAA-1|CGCCCAAAAAAAAAAA-1,paracrine,mid,62.3,unreviewed
ATTACAAAAAAAAAAA-1|CTTACAAAAAAAAAAA-1,paracrine,low,17.36,unreviewed
ATTACAAAAAAAAAAA-1|TGTACAAAAAAAAAAA-1,paracrine,low,13.76,unreviewed
ATTCAAAAAAAAAAAA-1|AAGCAAAAAAAAAAAA-1,paracrine,mid,40.8,unreviewed
ATTCAAAAAAAAAAAA-1|AGCGAAAAAAAAAAAA-1,paracrine,high,69.46,reviewed
ATTCAAAAAAAAAAAA-1|ATTCAAAAAAAAAAAA-1,autocrine,mid,42.97,reviewed
ATTCAAAAAAAAAAAA-1|CTTCAAAAAAAAAAAA-1,paracrine,mid,39.65,unreviewed
ATTCAAAAAAAAAAAA-1|TCCGAAAAAAAAAAAA-1,paracrine,low,31.52,reviewed
ATTCAAAAAAAAAAAA-1|TGTCAAAAAAAAAAAA-1,paracrine,high,68.03,unreviewed
ATTCAAAAAAAAAAAA-1|TTCCAAAAAAAAAAAA-1,paracrine,low,19.21,unreviewed
ATTCCAAAAAAAAAAA-1|AAGCCAAAAAAAAAAA-1,paracrine,low,3.65,unreviewed
ATTCCAAAAAAAAAAA-1|AGCGCAAAAAAAAAAA-1,paracrine,low,3.71,reviewed
ATTCCAAAAAAAAAAA-1|ATTCCAAAAAAAAAAA-1,autocrine,high,70.16,unreviewed
ATTCCAAAAAAAAAAA-1|CAGCCAAAAAAAAAAA-1,paracrine,low,23.23,reviewed
ATTCCAAAAAAAAAAA-1|CGCGCAAAAAAAAAAA-1,paracrine,mid,66.66,unreviewed
ATTCCAAAAAAAAAAA-1|CTTCCAAAAAAAAAAA-1,paracrine,high,92.45,unreviewed
ATTCCAAAAAAAAAAA-1|TGTCCAAAAAAAAAAA-1,paracrine,low,4.75,reviewed
ATTGAAAAAAAAAAAA-1|AAGGAAAAAAAAAAAA-1,paracrine,low,33.04,reviewed
ATTGAAAAAAAAAAAA-1|AGCTAAAAAAAAAAAA-1,paracrine,mid,35.02,reviewed
ATTGAAAAAAAAAAAA-1|ATTGAAAAAAAAAAAA-1,autocrine,high,73.63,unreviewed
ATTGAAAAAAAAAAAA-1|CTTGAAAAAAAAAAAA-1,paracrine,high,73.11,unreviewed
ATTGAAAAAAAAAAAA-1|TCCTAAAAAAAAAAAA-1,paracrine,mid,53.81,reviewed
ATTGAAAAAAAAAAAA-1|TGTGAAAAAAAAAAAA-1,paracrine,mid,45.34,unreviewed
ATTGAAAAAAAAAAAA-1|TTCGAAAAAAAAAAAA-1,paracrine,high,88.82,unreviewed
CAAACAAAAAAAAAAA-1|AAAACAAAAAAAAAAA-1,paracrine,high,79.54,unreviewed
CAAACAAAAAAAAAAA-1|CAAACAAAAAAAAAAA-1,autocrine,mid,45.83,reviewed
CAAACAAAAAAAAAAA-1|CCGTAAAAAAAAAAAA-1,paracrine,mid,66.02,unreviewed
CAAACAAAAAAAAAAA-1|CTCACAAAAAAAAAAA-1,paracrine,low,27.25,unreviewed
CAAACAAAAAAAAAAA-1|GAAACAAAAAAAAAAA-1,paracrine,low,22.47,unreviewed
CAAACAAAAAAAAAAA-1|GCGTAAAAAAAAAAAA-1,paracrine,low,24.54,unreviewed
CAAACAAAAAAAAAAA-1|GTCACAAAAAAAAAAA-1,paracrine,low,17.24,reviewed
CAACCAAAAAAAAAAA-1|AAACCAAAAAAAAAAA-1,paracrine,high,71.99,unreviewed
CAACCAAAAAAAAAAA-1|CAACCAAAAAAAAAAA-1,autocrine,mid,54.66,reviewed
CAACCAAAAAAAAAAA-1|CCGACAAAAAAAAAAA-1,paracrine,high,69.73,unreviewed
CAACCAAAAAAAAAAA-1|CTCCCAAAAAAAAAAA-1,paracrine,mid,56.67,unreviewed
CAACCAAAAAAAAAAA-1|GAACCAAAAAAAAAAA-1,paracrine,mid,42.33,reviewed
CAACCAAAAAAAAAAA-1|GCGACAAAAAAAAAAA-1,paracrine,mid,40.19,reviewed
CAACCAAAAAAAAAAA-1|GTCCCAAAAAAAAAAA-1,paracrine,high,79.02,unreviewed
CAAGAAAAAAAAAAAA-1|AAAGAAAAAAAAAAAA-1,paracrine,low,4.32,unreviewed
CAAGAAAAAAAAAAAA-1|ACGCAAAAAAAAAAAA-1,paracrine,low,22.02,reviewed
CAAGAAAAAAAAAAAA-1|ATCGAAAAAAAAAAAA-1,paracrine,low,18.0,unreviewed
CAAGAAAAAAAAAAAA-1|CAAGAAAAAAAAAAAA-1,autocrine,low,28.47,unreviewed
CAAGAAAAAAAAAAAA-1|CTCGAAAAAAAAAAAA-1,paracrine,mid,38.25,unreviewed
CAAGAAAAAAAAAAAA-1|GAAGAAAAAAAAAAAA-1,paracrine,low,23.84,unreviewed
CAAGCAAAAAAAAAAA-1|AAAGCAAAAAAAAAAA-1,paracrine,mid,56.67,unreviewed
CAAGCAAAAAAAAAAA-1|CAAGCAAAAAAAAAAA-1,autocrine,high,96.1,reviewed
CAAGCAAAAAAAAAAA-1|CCGCCAAAAAAAAAAA-1,paracrine,high,94.28,unreviewed
CAAGCAAAAAAAAAAA-1|CTCGCAAAAAAAAAAA-1,paracrine,high,80.57,reviewed
CAAGCAAAAAAAAAAA-1|GAAGCAAAAAAAAAAA-1,paracrine,mid,61.54,reviewed
CAAGCAAAAAAAAAAA-1|GCGCCAAAAAAAAAAA-1,paracrine,high,88.31,unreviewed
CAAGCAAAAAAAAAAA-1|GTCGCAAAAAAAAAAA-1,paracrine,high,96.16,unreviewed
CACACAAAAAAAAAAA-1|AACACAAAAAAAAAAA-1,paracrine,high,69.61,reviewed
CACACAAAAAAAAAAA-1|CACACAAAAAAAAAAA-1,autocrine,high,90.65,unreviewed
CACACAAAAAAAAAAA-1|CCTTAAAAAAAAAAAA-1,paracrine,high,84.32,reviewed
CACACAAAAAAAAAAA-1|CTGACAAAAAAAAAAA-1,paracrine,high,82.19,unreviewed
CACACAAAAAAAAAAA-1|GACACAAAAAAAAAAA-1,paracrine,mid,62.52,unreviewed
CACACAAAAAAAAAAA-1|GCTTAAAAAAAAAAAA-1,paracrine,high,79.45,unreviewed
CACACAAAAAAAAAAA-1|GTGACAAAAAAAAAAA-1,paracrine,mid,49.18,reviewed
CACGCAAAAAAAAAAA-1|AACGCAAAAAAAAAAA-1,paracrine,low,17.51,unreviewed
CACGCAAAAAAAAAAA-1|ACTCCAAAAAAAAAAA-1,paracrine,low,33.25,reviewed
CACGCAAAAAAAAAAA-1|ATGGCAAAAAAAAAAA-1,paracrine,low,15.68,unreviewed
CACGCAAAAAAAAAAA-1|CACGCAAAAAAAAAAA-1,autocrine,mid,46.13,reviewed
CACGCAAAAAAAAAAA-1|CCTCCAAAAAAAAAAA-1,paracrine,low,23.93,unreviewed
CACGCAAAAAAAAAAA-1|CTGGCAAAAAAAAAAA-1,paracrine,mid,50.12,unreviewed
CACGCAAAAAAAAAAA-1|GACGCAAAAAAAAAAA-1,paracrine,low,24.3,unreviewed
CACTAAAAAAAAAAAA-1|AACTAAAAAAAAAAAA-1,paracrine,low,18.0,unreviewed
CACTAAAAAAAAAAAA-1|CACTAAAAAAAAAAAA-1,autocrine,low,11.18,unreviewed
CACTAAAAAAAAAAAA-1|CCTGAAAAAAAAAAAA-1,paracrine,mid,59.81,unreviewed
CACTAAAAAAAAAAAA-1|CTGTAAAAAAAAAAAA-1,paracrine,mid,51.28,unreviewed
CACTAAAAAAAAAAAA-1|GACTAAAAAAAAAAAA-1,paracrine,mid,60.32,unreviewed
CACTAAAAAAAAAAAA-1|GCTGAAAAAAAAAAAA-1,paracrine,mid,60.32,reviewed
CACTAAAAAAAAAAAA-1|GTGTAAAAAAAAAAAA-1,paracrine,low,26.31,reviewed
CACTCAAAAAAAAAAA-1|AACTCAAAAAAAAAAA-1,paracrine,low,4.51,unreviewed
CACTCAAAAAAAAAAA-1|ACTGCAAAAAAAAAAA-1,paracrine,low,17.51,unreviewed
CACTCAAAAAAAAAAA-1|ATGTCAAAAAAAAAAA-1,paracrine,low,20.37,reviewed
CACTCAAAAAAAAAAA-1|CACTCAAAAAAAAAAA-1,autocrine,low,28.84,unreviewed
CACTCAAAAAAAAAAA-1|CCTGCAAAAAAAAAAA-1,paracrine,low,28.75,unreviewed
CACTCAAAAAAAAAAA-1|CTGTCAAAAAAAAAAA-1,paracrine,mid,44.21,unreviewed
CACTCAAAAAAAAAAA-1|GACTCAAAAAAAAAAA-1,paracrine,mid,65.19,unreviewed
CAGACAAAAAAAAAAA-1|AAGACAAAAAAAAAAA-1,paracrine,mid,53.41,reviewed
CAGACAAAAAAAAAAA-1|ACAACAAAAAAAAAAA-1,paracrine,high,84.14,unreviewed
CAGACAAAAAAAAAAA-1|ATTACAAAAAAAAAAA-1,paracrine,mid,47.72,unreviewed
CAGACAAAAAAAAAAA-1|CAGACAAAAAAAAAAA-1,autocrine,high,87.27,unreviewed
CAGACAAAAAAAAAAA-1|CCAACAAAAAAAAAAA-1,paracrine,mid,56.03,unreviewed
CAGACAAAAAAAAAAA-1|CTTACAAAAAAAAAAA-1,paracrine,mid,40.38,unreviewed
CAGACAAAAAAAAAAA-1|GAGACAAAAAAAAAAA-1,paracrine,mid,35.38,reviewed
CAGCAAAAAAAAAAAA-1|AAGCAAAAAAAAAAAA-1,paracrine,mid,52.13,unreviewed
CAGCAAAAAAAAAAAA-1|CAGCAAAAAAAAAAAA-1,autocrine,low,32.8,unreviewed
CAGCAAAAAAAAAAAA-1|CTTCAAAAAAAAAAAA-1,paracrine,mid,49.97,reviewed
CAGCAAAAAAAAAAAA-1|GAGCAAAAAAAAAAAA-1,paracrine,mid,41.9,unreviewed
CAGCAAAAAAAAAAAA-1|GTTCAAAAAAAAAAAA-1,paracrine,low,31.76,reviewed
CAGCCAAAAAAAAAAA-1|AAGCCAAAAAAAAAAA-1,paracrine,low,3.17,unreviewed
CAGCCAAAAAAAAAAA-1|ACACCAAAAAAAAAAA-1,paracrine,low,12.79,unreviewed
CAGCCAAAAAAAAAAA-1|ATTCCAAAAAAAAAAA-1,paracrine,low,24.94,reviewed
CAGCCAAAAAAAAAAA-1|CAGCCAAAAAAAAAAA-1,autocrine,low,9.14,reviewed
CAGCCAAAAAAAAAAA-1|CCACCAAAAAAAAAAA-1,paracrine,low,31.61,unreviewed
CAGCCAAAAAAAAAAA-1|CTTCCAAAAAAAAAAA-1,paracrine,mid,51.28,unreviewed
CAGCCAAAAAAAAAAA-1|GAGCCAAAAAAAAAAA-1,paracrine,low,31.36,reviewed
CATCCAAAAAAAAAAA-1|AATCCAAAAAAAAAAA-1,paracrine,low,21.07,reviewed
CATCCAAAAAAAAAAA-1|CATCCAAAAAAAAAAA-1,autocrine,low,29.35,unreviewed
CATCCAAAAAAAAAAA-1|CCCCCAAAAAAAAAAA-1,paracrine,low,22.84,reviewed
CATCCAAAAAAAAAAA-1|CTAGCAAAAAAAAAAA-1,paracrine,mid,38.67,unreviewed
CATCCAAAAAAAAAAA-1|GATCCAAAAAAAAAAA-1,paracrine,mid,33.4,unreviewed
CATCCAAAAAAAAAAA-1|GCCCCAAAAAAAAAAA-1,paracrine,low,24.7,unreviewed
CATCCAAAAAAAAAAA-1|GTAGCAAAAAAAAAAA-1,paracrine,mid,44.88,unreviewed
CATGAAAAAAAAAAAA-1|AATGAAAAAAAAAAAA-1,paracrine,low,12.48,unreviewed
CATGAAAAAAAAAAAA-1|ACCGAAAAAAAAAAAA-1,paracrine,low,14.25,unreviewed
CATGAAAAAAAAAAAA-1|ATATAAAAAAAAAAAA-1,paracrine,low,22.29,unreviewed
CATGAAAAAAAAAAAA-1|CATGAAAAAAAAAAAA-1,autocrine,low,6.64,unreviewed
CATGAAAAAAAAAAAA-1|CCCGAAAAAAAAAAAA-1,paracrine,mid,37.97,reviewed
CATGAAAAAAAAAAAA-1|CTATAAAAAAAAAAAA-1,paracrine,low,19.06,unreviewed
CATGAAAAAAAAAAAA-1|GATGAAAAAAAAAAAA-1,paracrine,low,7.49,unreviewed
CATGCAAAAAAAAAAA-1|AATGCAAAAAAAAAAA-1,paracrine,high,82.64,unreviewed
CATGCAAAAAAAAAAA-1|CATGCAAAAAAAAAAA-1,autocrine,high,89.13,unreviewed
CATGCAAAAAAAAAAA-1|CCCGCAAAAAAAAAAA-1,paracrine,low,24.85,reviewed
CATGCAAAAAAAAAAA-1|CTATCAAAAAAAAAAA-1,paracrine,high,83.13,reviewed
CATGCAAAAAAAAAAA-1|GATGCAAAAAAAAAAA-1,paracrine,high,93.36,reviewed
CATGCAAAAAAAAAAA-1|GCCGCAAAAAAAAAAA-1,paracrine,high,82.58,reviewed
CATGCAAAAAAAAAAA-1|GTATCAAAAAAAAAAA-1,paracrine,high,77.1,unreviewed
CATTAAAAAAAAAAAA-1|AATTAAAAAAAAAAAA-1,paracrine,low,4.87,unreviewed
CATTAAAAAAAAAAAA-1|ACCTAAAAAAAAAAAA-1,paracrine,high,86.27,reviewed
CATTAAAAAAAAAAAA-1|ATAACAAAAAAAAAAA-1,paracrine,high,75.06,unreviewed
CATTAAAAAAAAAAAA-1|CATTAAAAAAAAAAAA-1,autocrine,mid,63.46,unreviewed
CATTAAAAAAAAAAAA-1|CCCTAAAAAAAAAAAA-1,paracrine,high,87.48,reviewed
CATTAAAAAAAAAAAA-1|CTAACAAAAAAAAAAA-1,paracrine,low,18.57,reviewed
CATTAAAAAAAAAAAA-1|GATTAAAAAAAAAAAA-1,paracrine,high,78.62,unreviewed
CCAACAAAAAAAAAAA-1|ACAACAAAAAAAAAAA-1,paracrine,high,87.03,unreviewed
CCAACAAAAAAAAAAA-1|CAGACAAAAAAAAAAA-1,paracrine,high,89.34,reviewed
CCAACAAAAAAAAAAA-1|CCAACAAAAAAAAAAA-1,autocrine,mid,60.41,unreviewed
CCAACAAAAAAAAAAA-1|CGGTAAAAAAAAAAAA-1,paracrine,high,79.87,unreviewed
CCAACAAAAAAAAAAA-1|GAGACAAAAAAAAAAA-1,paracrine,mid,33.71,unreviewed
CCAACAAAAAAAAAAA-1|GCAACAAAAAAAAAAA-1,paracrine,high,82.76,unreviewed
CCAACAAAAAAAAAAA-1|GGGTAAAAAAAAAAAA-1,paracrine,mid,61.63,unreviewed
CCAAGAAAAAAAAAAA-1|ACAAGAAAAAAAAAAA-1,paracrine,low,13.12,unreviewed
CCAAGAAAAAAAAAAA-1|AGGTCAAAAAAAAAAA-1,paracrine,mid,47.87,reviewed
CCAAGAAAAAAAAAAA-1|CCAAGAAAAAAAAAAA-1,autocrine,mid,42.2,unreviewed
CCAAGAAAAAAAAAAA-1|CGGTCAAAAAAAAAAA-1,paracrine,high,78.71,unreviewed
CCAAGAAAAAAAAAAA-1|GCAAGAAAAAAAAAAA-1,paracrine,low,32.67,reviewed
CCACCAAAAAAAAAAA-1|ACACCAAAAAAAAAAA-1,paracrine,low,30.36,unreviewed
CCACCAAAAAAAAAAA-1|CAGCCAAAAAAAAAAA-1,paracrine,low,14.49,unreviewed
CCACCAAAAAAAAAAA-1|CCACCAAAAAAAAAAA-1,autocrine,mid,59.1,unreviewed
CCACCAAAAAAAAAAA-1|CGGACAAAAAAAAAAA-1,paracrine,mid,46.89,reviewed
CCACCAAAAAAAAAAA-1|GAGCCAAAAAAAAAAA-1,paracrine,mid,53.62,unreviewed
CCACCAAAAAAAAAAA-1|GCACCAAAAAAAAAAA-1,paracrine,mid,52.13,unreviewed
CCACCAAAAAAAAAAA-1|GGGACAAAAAAAAAAA-1,paracrine,high,67.6,unreviewed
CCCCCAAAAAAAAAAA-1|AATCCAAAAAAAAAAA-1,paracrine,high,81.06,unreviewed
CCCCCAAAAAAAAAAA-1|ACCCCAAAAAAAAAAA-1,paracrine,high,68.97,reviewed
CCCCCAAAAAAAAAAA-1|AGTACAAAAAAAAAAA-1,paracrine,mid,43.12,unreviewed
CCCCCAAAAAAAAAAA-1|CATCCAAAAAAAAAAA-1,paracrine,high,88.43,unreviewed
CCCCCAAAAAAAAAAA-1|CCCCCAAAAAAAAAAA-1,autocrine,high,83.89,unreviewed
CCCCCAAAAAAAAAAA-1|CGTACAAAAAAAAAAA-1,paracrine,high,75.58,unreviewed
CCCCCAAAAAAAAAAA-1|GCCCCAAAAAAAAAAA-1,paracrine,high,80.97,reviewed
CCCGAAAAAAAAAAAA-1|ACCGAAAAAAAAAAAA-1,paracrine,mid,43.18,reviewed
CCCGAAAAAAAAAAAA-1|CATGAAAAAAAAAAAA-1,paracrine,low,11.42,unreviewed
CCCGAAAAAAAAAAAA-1|CCCGAAAAAAAAAAAA-1,autocrine,high,76.67,unreviewed
CCCGAAAAAAAAAAAA-1|CGTCAAAAAAAAAAAA-1,paracrine,mid,57.7,unreviewed
CCCGAAAAAAAAAAAA-1|GATGAAAAAAAAAAAA-1,paracrine,low,15.5,unreviewed
CCCGAAAAAAAAAAAA-1|GCCGAAAAAAAAAAAA-1,paracrine,mid,48.87,reviewed
CCCGAAAAAAAAAAAA-1|GGTCAAAAAAAAAAAA-1,paracrine,mid,64.86,unreviewed
CCCGCAAAAAAAAAAA-1|AATGCAAAAAAAAAAA-1,paracrine,mid,53.62,reviewed
CCCGCAAAAAAAAAAA-1|ACCGCAAAAAAAAAAA-1,paracrine,low,30.72,reviewed
CCCGCAAAAAAAAAAA-1|AGTCCAAAAAAAAAAA-1,paracrine,mid,49.48,reviewed
CCCGCAAAAAAAAAAA-1|CATGCAAAAAAAAAAA-1,paracrine,mid,65.56,unreviewed
CCCGCAAAAAAAAAAA-1|CCCGCAAAAAAAAAAA-1,autocrine,low,16.02,unreviewed
CCCGCAAAAAAAAAAA-1|CGTCCAAAAAAAAAAA-1,paracrine,high,69.06,unreviewed
CCCGCAAAAAAAAAAA-1|GCCGCAAAAAAAAAAA-1,paracrine,mid,58.34,unreviewed
CCCTAAAAAAAAAAAA-1|ACCTAAAAAAAAAAAA-1,paracrine,high,86.57,unreviewed
CCCTAAAAAAAAAAAA-1|CATTAAAAAAAAAAAA-1,paracrine,mid,63.09,unreviewed
CCCTAAAAAAAAAAAA-1|CCCTAAAAAAAAAAAA-1,autocrine,high,89.04,unreviewed
CCCTAAAAAAAAAAAA-1|CGTGAAAAAAAAAAAA-1,paracrine,high,87.48,reviewed
CCCTAAAAAAAAAAAA-1|GATTAAAAAAAAAAAA-1,paracrine,high,74.48,unreviewed
CCCTAAAAAAAAAAAA-1|GCCTAAAAAAAAAAAA-1,paracrine,high,89.8,unreviewed
CCCTAAAAAAAAAAAA-1|GGTGAAAAAAAAAAAA-1,paracrine,high,77.04,unreviewed
CCGACAAAAAAAAAAA-1|AAACCAAAAAAAAAAA-1,paracrine,mid,52.13,unreviewed
CCGACAAAAAAAAAAA-1|ACGACAAAAAAAAAAA-1,paracrine,mid,33.86,reviewed
CCGACAAAAAAAAAAA-1|AGAACAAAAAAAAAAA-1,paracrine,mid,51.89,unreviewed
CCGACAAAAAAAAAAA-1|CAACCAAAAAAAAAAA-1,paracrine,mid,53.14,unreviewed
CCGACAAAAAAAAAAA-1|CCGACAAAAAAAAAAA-1,autocrine,mid,48.75,reviewed
CCGACAAAAAAAAAAA-1|CGAACAAAAAAAAAAA-1,paracrine,low,32.37,reviewed
CCGACAAAAAAAAAAA-1|GCGACAAAAAAAAAAA-1,paracrine,low,26.16,unreviewed
CCGCCAAAAAAAAAAA-1|AAAGCAAAAAAAAAAA-1,paracrine,high,80.27,unreviewed
CCGCCAAAAAAAAAAA-1|ACGCCAAAAAAAAAAA-1,paracrine,mid,59.38,unreviewed
CCGCCAAAAAAAAAAA-1|AGACCAAAAAAAAAAA-1,paracrine,high,84.77,reviewed
CCGCCAAAAAAAAAAA-1|CAAGCAAAAAAAAAAA-1,paracrine,high,99.76,unreviewed
CCGCCAAAAAAAAAAA-1|CCGCCAAAAAAAAAAA-1,autocrine,high,97.81,unreviewed
CCGCCAAAAAAAAAAA-1|CGACCAAAAAAAAAAA-1,paracrine,high,75.52,unreviewed
CCGCCAAAAAAAAAAA-1|GCGCCAAAAAAAAAAA-1,paracrine,high,96.5,unreviewed
CCGTAAAAAAAAAAAA-1|AAAACAAAAAAAAAAA-1,paracrine,high,94.95,unreviewed
CCGTAAAAAAAAAAAA-1|ACGTAAAAAAAAAAAA-1,paracrine,mid,40.71,unreviewed
CCGTAAAAAAAAAAAA-1|CAAACAAAAAAAAAAA-1,paracrine,high,84.87,reviewed
CCGTAAAAAAAAAAAA-1|CCGTAAAAAAAAAAAA-1,autocrine,high,86.48,reviewed
CCGTAAAAAAAAAAAA-1|CGATAAAAAAAAAAAA-1,paracrine,high,79.23,unreviewed
CCGTAAAAAAAAAAAA-1|GCGTAAAAAAAAAAAA-1,paracrine,mid,50.94,unreviewed
CCGTCAAAAAAAAAAA-1|ACGTCAAAAAAAAAAA-1,paracrine,high,74.6,unreviewed
CCGTCAAAAAAAAAAA-1|CCGTCAAAAAAAAAAA-1,autocrine,mid,62.09,unreviewed
CCGTCAAAAAAAAAAA-1|CGATCAAAAAAAAAAA-1,paracrine,high,79.78,reviewed
CCGTCAAAAAAAAAAA-1|GCGTCAAAAAAAAAAA-1,paracrine,high,83.8,unreviewed
CCGTCAAAAAAAAAAA-1|GGATCAAAAAAAAAAA-1,paracrine,high,81.18,reviewed
CCTCCAAAAAAAAAAA-1|ACTCCAAAAAAAAAAA-1,paracrine,high,72.32,unreviewed
CCTCCAAAAAAAAAAA-1|CACGCAAAAAAAAAAA-1,paracrine,high,79.69,reviewed
CCTCCAAAAAAAAAAA-1|CCTCCAAAAAAAAAAA-1,autocrine,mid,66.2,reviewed
CCTCCAAAAAAAAAAA-1|CGCCCAAAAAAAAAAA-1,paracrine,high,84.96,reviewed
CCTCCAAAAAAAAAAA-1|GACGCAAAAAAAAAAA-1,paracrine,mid,59.68,reviewed
CCTCCAAAAAAAAAAA-1|GCTCCAAAAAAAAAAA-1,paracrine,high,74.76,unreviewed
CCTCCAAAAAAAAAAA-1|GGCCCAAAAAAAAAAA-1,paracrine,high,70.37,unreviewed
CCTGAAAAAAAAAAAA-1|AACTAAAAAAAAAAAA-1,paracrine,mid,40.56,unreviewed
CCTGAAAAAAAAAAAA-1|ACTGAAAAAAAAAAAA-1,paracrine,high,79.6,unreviewed
CCTGAAAAAAAAAAAA-1|AGCGAAAAAAAAAAAA-1,paracrine,high,89.98,reviewed
CCTGAAAAAAAAAAAA-1|CACTAAAAAAAAAAAA-1,paracrine,low,31.52,unreviewed
CCTGAAAAAAAAAAAA-1|CCTGAAAAAAAAAAAA-1,autocrine,high,88.82,reviewed
CCTGAAAAAAAAAAAA-1|CGCGAAAAAAAAAAAA-1,paracrine,high,94.4,reviewed
CCTGAAAAAAAAAAAA-1|GCTGAAAAAAAAAAAA-1,paracrine,high,91.26,unreviewed
CCTGCAAAAAAAAAAA-1|ACTGCAAAAAAAAAAA-1,paracrine,low,15.1,unreviewed
CCTGCAAAAAAAAAAA-1|CACTCAAAAAAAAAAA-1,paracrine,low,27.89,unreviewed
CCTGCAAAAAAAAAAA-1|CCTGCAAAAAAAAAAA-1,autocrine,low,21.59,reviewed
CCTGCAAAAAAAAAAA-1|CGCGCAAAAAAAAAAA-1,paracrine,low,28.84,unreviewed
CCTGCAAAAAAAAAAA-1|GACTCAAAAAAAAAAA-1,paracrine,mid,47.72,unreviewed
CCTGCAAAAAAAAAAA-1|GCTGCAAAAAAAAAAA-1,paracrine,mid,60.05,unreviewed
CCTGCAAAAAAAAAAA-1|GGCGCAAAAAAAAAAA-1,paracrine,low,15.38,reviewed
CCTTAAAAAAAAAAAA-1|AACACAAAAAAAAAAA-1,paracrine,high,70.46,reviewed
CCTTAAAAAAAAAAAA-1|ACTTAAAAAAAAAAAA-1,paracrine,mid,37.85,reviewed
CCTTAAAAAAAAAAAA-1|AGCTAAAAAAAAAAAA-1,paracrine,low,27.07,reviewed
CCTTAAAAAAAAAAAA-1|CACACAAAAAAAAAAA-1,paracrine,high,92.2,reviewed
CCTTAAAAAAAAAAAA-1|CCTTAAAAAAAAAAAA-1,autocrine,high,90.99,reviewed
CCTTAAAAAAAAAAAA-1|CGCTAAAAAAAAAAAA-1,paracrine,high,66.81,reviewed
CCTTAAAAAAAAAAAA-1|GCTTAAAAAAAAAAAA-1,paracrine,high,89.28,unreviewed
CGAACAAAAAAAAAAA-1|AGAACAAAAAAAAAAA-1,paracrine,low,27.25,unreviewed
CGAACAAAAAAAAAAA-1|CCGACAAAAAAAAAAA-1,paracrine,low,18.0,reviewed
CGAACAAAAAAAAAAA-1|CGAACAAAAAAAAAAA-1,autocrine,low,21.59,reviewed
CGAACAAAAAAAAAAA-1|CTGTAAAAAAAAAAAA-1,paracrine,low,25.82,unreviewed
CGAACAAAAAAAAAAA-1|GCGACAAAAAAAAAAA-1,paracrine,low,16.38,unreviewed
CGAACAAAAAAAAAAA-1|GGAACAAAAAAAAAAA-1,paracrine,low,14.31,reviewed
CGAACAAAAAAAAAAA-1|GTGTAAAAAAAAAAAA-1,paracrine,low,10.35,unreviewed
CGACCAAAAAAAAAAA-1|AGACCAAAAAAAAAAA-1,paracrine,mid,38.95,unreviewed
CGACCAAAAAAAAAAA-1|CCGCCAAAAAAAAAAA-1,paracrine,high,68.3,unreviewed
CGACCAAAAAAAAAAA-1|CGACCAAAAAAAAAAA-1,autocrine,low,27.41,reviewed
CGACCAAAAAAAAAAA-1|CTGACAAAAAAAAAAA-1,paracrine,mid,66.41,reviewed
CGACCAAAAAAAAAAA-1|GCGCCAAAAAAAAAAA-1,paracrine,mid,57.16,unreviewed
CGACCAAAAAAAAAAA-1|GGACCAAAAAAAAAAA-1,paracrine,high,79.17,reviewed
CGACCAAAAAAAAAAA-1|GTGACAAAAAAAAAAA-1,paracrine,low,26.0,unreviewed
CGATAAAAAAAAAAAA-1|CCGTAAAAAAAAAAAA-1,paracrine,high,70.52,unreviewed
CGATAAAAAAAAAAAA-1|CGATAAAAAAAAAAAA-1,autocrine,mid,57.31,reviewed
CGATAAAAAAAAAAAA-1|GCGTAAAAAAAAAAAA-1,paracrine,mid,33.56,reviewed
CGATAAAAAAAAAAAA-1|GGATAAAAAAAAAAAA-1,paracrine,mid,39.28,unreviewed
CGATAAAAAAAAAAAA-1|GTGGAAAAAAAAAAAA-1,paracrine,mid,38.49,reviewed
CGATCAAAAAAAAAAA-1|ACGTCAAAAAAAAAAA-1,paracrine,low,32.89,reviewed
CGATCAAAAAAAAAAA-1|AGATCAAAAAAAAAAA-1,paracrine,low,29.08,reviewed
CGATCAAAAAAAAAAA-1|ATGGCAAAAAAAAAAA-1,paracrine,low,23.54,reviewed
CGATCAAAAAAAAAAA-1|CCGTCAAAAAAAAAAA-1,paracrine,low,22.23,unreviewed
CGATCAAAAAAAAAAA-1|CGATCAAAAAAAAAAA-1,autocrine,mid,44.55,reviewed
CGATCAAAAAAAAAAA-1|CTGGCAAAAAAAAAAA-1,paracrine,mid,57.0,unreviewed
CGATCAAAAAAAAAAA-1|GGATCAAAAAAAAAAA-1,paracrine,mid,42.75,unreviewed
CGCCCAAAAAAAAAAA-1|ACTCCAAAAAAAAAAA-1,paracrine,high,74.15,unreviewed
CGCCCAAAAAAAAAAA-1|AGCCCAAAAAAAAAAA-1,paracrine,high,75.73,unreviewed
CGCCCAAAAAAAAAAA-1|ATTACAAAAAAAAAAA-1,paracrine,mid,46.29,unreviewed
CGCCCAAAAAAAAAAA-1|CCTCCAAAAAAAAAAA-1,paracrine,mid,64.98,unreviewed
CGCCCAAAAAAAAAAA-1|CGCCCAAAAAAAAAAA-1,autocrine,high,91.53,reviewed
CGCCCAAAAAAAAAAA-1|CTTACAAAAAAAAAAA-1,paracrine,mid,39.86,reviewed
CGCCCAAAAAAAAAAA-1|GGCCCAAAAAAAAAAA-1,paracrine,high,75.15,unreviewed
CGCGAAAAAAAAAAAA-1|AGCGAAAAAAAAAAAA-1,paracrine,high,86.08,unreviewed
CGCGAAAAAAAAAAAA-1|CCTGAAAAAAAAAAAA-1,paracrine,high,82.1,reviewed
CGCGAAAAAAAAAAAA-1|CGCGAAAAAAAAAAAA-1,autocrine,high,89.68,reviewed
CGCGAAAAAAAAAAAA-1|CTTCAAAAAAAAAAAA-1,paracrine,mid,61.33,unreviewed
CGCGAAAAAAAAAAAA-1|GCTGAAAAAAAAAAAA-1,paracrine,high,83.62,reviewed
CGCGAAAAAAAAAAAA-1|GGCGAAAAAAAAAAAA-1,paracrine,low,27.34,unreviewed
CGCGAAAAAAAAAAAA-1|GTTCAAAAAAAAAAAA-1,paracrine,mid,38.73,unreviewed
CGCGCAAAAAAAAAAA-1|ACTGCAAAAAAAAAAA-1,paracrine,low,28.99,unreviewed
CGCGCAAAAAAAAAAA-1|AGCGCAAAAAAAAAAA-1,paracrine,low,3.81,reviewed
CGCGCAAAAAAAAAAA-1|ATTCCAAAAAAAAAAA-1,paracrine,mid,62.36,reviewed
CGCGCAAAAAAAAAAA-1|CCTGCAAAAAAAAAAA-1,paracrine,mid,46.99,unreviewed
CGCGCAAAAAAAAAAA-1|CGCGCAAAAAAAAAAA-1,autocrine,mid,56.52,unreviewed
CGCGCAAAAAAAAAAA-1|CTTCCAAAAAAAAAAA-1,paracrine,high,86.75,unreviewed
CGCGCAAAAAAAAAAA-1|GGCGCAAAAAAAAAAA-1,paracrine,mid,36.72,unreviewed
CGCTAAAAAAAAAAAA-1|AGCTAAAAAAAAAAAA-1,paracrine,low,19.06,unreviewed
CGCTAAAAAAAAAAAA-1|CCTTAAAAAAAAAAAA-1,paracrine,high,71.04,unreviewed
CGCTAAAAAAAAAAAA-1|CGCTAAAAAAAAAAAA-1,autocrine,mid,46.44,reviewed
CGCTAAAAAAAAAAAA-1|CTTGAAAAAAAAAAAA-1,paracrine,mid,57.0,unreviewed
CGCTAAAAAAAAAAAA-1|GCTTAAAAAAAAAAAA-1,paracrine,high,69.95,reviewed
CGCTAAAAAAAAAAAA-1|GGCTAAAAAAAAAAAA-1,paracrine,low,30.6,unreviewed
CGGACAAAAAAAAAAA-1|ACACCAAAAAAAAAAA-1,paracrine,low,16.99,unreviewed
CGGACAAAAAAAAAAA-1|AGGACAAAAAAAAAAA-1,paracrine,low,5.12,unreviewed
CGGACAAAAAAAAAAA-1|ATAACAAAAAAAAAAA-1,paracrine,low,29.45,unreviewed
CGGACAAAAAAAAAAA-1|CCACCAAAAAAAAAAA-1,paracrine,mid,35.2,reviewed
CGGACAAAAAAAAAAA-1|CGGACAAAAAAAAAAA-1,autocrine,low,31.36,reviewed
CGGACAAAAAAAAAAA-1|CTAACAAAAAAAAAAA-1,paracrine,low,6.94,unreviewed
CGGACAAAAAAAAAAA-1|GGGACAAAAAAAAAAA-1,paracrine,mid,39.86,unreviewed
CGGTAAAAAAAAAAAA-1|ACAACAAAAAAAAAAA-1,paracrine,high,76.89,reviewed
CGGTAAAAAAAAAAAA-1|AGGTAAAAAAAAAAAA-1,paracrine,mid,55.09,unreviewed
CGGTAAAAAAAAAAAA-1|ATATAAAAAAAAAAAA-1,paracrine,high,73.54,unreviewed
CGGTAAAAAAAAAAAA-1|CCAACAAAAAAAAAAA-1,paracrine,mid,49.57,unreviewed
CGGTAAAAAAAAAAAA-1|CGGTAAAAAAAAAAAA-1,autocrine,high,69.24,unreviewed
CGGTAAAAAAAAAAAA-1|CTATAAAAAAAAAAAA-1,paracrine,high,66.87,unreviewed
CGGTAAAAAAAAAAAA-1|GGGTAAAAAAAAAAAA-1,paracrine,mid,52.77,unreviewed
CGGTCAAAAAAAAAAA-1|AGGTCAAAAAAAAAAA-1,paracrine,mid,55.85,reviewed
CGGTCAAAAAAAAAAA-1|CCAAGAAAAAAAAAAA-1,paracrine,mid,46.77,unreviewed
CGGTCAAAAAAAAAAA-1|CGGTCAAAAAAAAAAA-1,autocrine,high,81.64,reviewed
CGGTCAAAAAAAAAAA-1|CTATCAAAAAAAAAAA-1,paracrine,high,80.97,reviewed
CGGTCAAAAAAAAAAA-1|GCAAGAAAAAAAAAAA-1,paracrine,mid,48.51,unreviewed
CGGTCAAAAAAAAAAA-1|GGGTCAAAAAAAAAAA-1,paracrine,mid,66.26,reviewed
CGGTCAAAAAAAAAAA-1|GTATCAAAAAAAAAAA-1,paracrine,high,71.56,unreviewed
CGTACAAAAAAAAAAA-1|AGTACAAAAAAAAAAA-1,paracrine,low,11.69,reviewed
CGTACAAAAAAAAAAA-1|CCCCCAAAAAAAAAAA-1,paracrine,low,26.95,unreviewed
CGTACAAAAAAAAAAA-1|CGTACAAAAAAAAAAA-1,autocrine,low,23.02,reviewed
CGTACAAAAAAAAAAA-1|CTCACAAAAAAAAAAA-1,paracrine,low,12.73,unreviewed
CGTACAAAAAAAAAAA-1|GCCCCAAAAAAAAAAA-1,paracrine,mid,33.56,unreviewed
CGTACAAAAAAAAAAA-1|GGTACAAAAAAAAAAA-1,paracrine,low,30.82,reviewed
CGTACAAAAAAAAAAA-1|GTCACAAAAAAAAAAA-1,paracrine,low,9.07,reviewed
CGTCAAAAAAAAAAAA-1|ACCGAAAAAAAAAAAA-1,paracrine,mid,43.88,unreviewed
CGTCAAAAAAAAAAAA-1|AGTCAAAAAAAAAAAA-1,paracrine,low,33.31,reviewed
CGTCAAAAAAAAAAAA-1|CCCGAAAAAAAAAAAA-1,paracrine,high,75.85,reviewed
CGTCAAAAAAAAAAAA-1|CGTCAAAAAAAAAAAA-1,autocrine,mid,54.26,unreviewed
CGTCAAAAAAAAAAAA-1|GGTCAAAAAAAAAAAA-1,paracrine,mid,64.52,unreviewed
CGTCCAAAAAAAAAAA-1|AGTCCAAAAAAAAAAA-1,paracrine,high,74.48,reviewed
CGTCCAAAAAAAAAAA-1|CCCGCAAAAAAAAAAA-1,paracrine,low,32.22,unreviewed
CGTCCAAAAAAAAAAA-1|CGTCCAAAAAAAAAAA-1,autocrine,high,90.26,unreviewed
CGTCCAAAAAAAAAAA-1|CTCCCAAAAAAAAAAA-1,paracrine,mid,60.05,reviewed
CGTCCAAAAAAAAAAA-1|GCCGCAAAAAAAAAAA-1,paracrine,high,84.47,unreviewed
CGTCCAAAAAAAAAAA-1|GGTCCAAAAAAAAAAA-1,paracrine,high,82.03,unreviewed
CGTCCAAAAAAAAAAA-1|GTCCCAAAAAAAAAAA-1,paracrine,high,73.87,unreviewed
CGTGAAAAAAAAAAAA-1|ACCTAAAAAAAAAAAA-1,paracrine,high,95.13,unreviewed
CGTGAAAAAAAAAAAA-1|AGTGAAAAAAAAAAAA-1,paracrine,low,5.91,unreviewed
CGTGAAAAAAAAAAAA-1|ATCGAAAAAAAAAAAA-1,paracrine,high,76.46,reviewed
CGTGAAAAAAAAAAAA-1|CCCTAAAAAAAAAAAA-1,paracrine,high,94.4,reviewed
CGTGAAAAAAAAAAAA-1|CGTGAAAAAAAAAAAA-1,autocrine,high,97.2,unreviewed
CGTGAAAAAAAAAAAA-1|CTCGAAAAAAAAAAAA-1,paracrine,high,86.97,reviewed
CGTGAAAAAAAAAAAA-1|GGTGAAAAAAAAAAAA-1,paracrine,high,86.42,unreviewed
CGTGCAAAAAAAAAAA-1|AGTGCAAAAAAAAAAA-1,paracrine,low,16.14,unreviewed
CGTGCAAAAAAAAAAA-1|CGTGCAAAAAAAAAAA-1,autocrine,mid,43.24,unreviewed
CGTGCAAAAAAAAAAA-1|CTCGCAAAAAAAAAAA-1,paracrine,high,68.21,unreviewed
CGTGCAAAAAAAAAAA-1|GTCGCAAAAAAAAAAA-1,paracrine,high,85.44,unreviewed
CTAACAAAAAAAAAAA-1|ATAACAAAAAAAAAAA-1,paracrine,mid,41.41,reviewed
CTAACAAAAAAAAAAA-1|CATTAAAAAAAAAAAA-1,paracrine,low,27.62,unreviewed
CTAACAAAAAAAAAAA-1|CGGACAAAAAAAAAAA-1,paracrine,mid,46.65,reviewed
CTAACAAAAAAAAAAA-1|CTAACAAAAAAAAAAA-1,autocrine,low,9.99,unreviewed
CTAACAAAAAAAAAAA-1|GATTAAAAAAAAAAAA-1,paracrine,mid,39.71,unreviewed
CTAACAAAAAAAAAAA-1|GGGACAAAAAAAAAAA-1,paracrine,mid,59.38,unreviewed
CTAACAAAAAAAAAAA-1|GTAACAAAAAAAAAAA-1,paracrine,low,28.05,unreviewed
CTAGCAAAAAAAAAAA-1|AATCCAAAAAAAAAAA-1,paracrine,mid,41.99,unreviewed
CTAGCAAAAAAAAAAA-1|CATCCAAAAAAAAAAA-1,paracrine,mid,58.25,unreviewed
CTAGCAAAAAAAAAAA-1|CTAGCAAAAAAAAAAA-1,autocrine,mid,60.57,unreviewed
CTAGCAAAAAAAAAAA-1|GTAGCAAAAAAAAAAA-1,paracrine,high,67.39,unreviewed
CTATAAAAAAAAAAAA-1|ATATAAAAAAAAAAAA-1,paracrine,low,23.45,unreviewed
CTATAAAAAAAAAAAA-1|CATGAAAAAAAAAAAA-1,paracrine,low,6.7,reviewed
CTATAAAAAAAAAAAA-1|CGGTAAAAAAAAAAAA-1,paracrine,low,20.71,unreviewed
CTATAAAAAAAAAAAA-1|CTATAAAAAAAAAAAA-1,autocrine,low,20.19,unreviewed
CTATAAAAAAAAAAAA-1|GATGAAAAAAAAAAAA-1,paracrine,low,8.1,unreviewed
CTATAAAAAAAAAAAA-1|GGGTAAAAAAAAAAAA-1,paracrine,low,14.07,unreviewed
CTATAAAAAAAAAAAA-1|GTATAAAAAAAAAAAA-1,paracrine,low,10.75,unreviewed
CTATCAAAAAAAAAAA-1|AATGCAAAAAAAAAAA-1,paracrine,high,89.43,unreviewed
CTATCAAAAAAAAAAA-1|AGGTCAAAAAAAAAAA-1,paracrine,high,81.97,unreviewed
CTATCAAAAAAAAAAA-1|ATATCAAAAAAAAAAA-1,paracrine,high,68.64,unreviewed
CTATCAAAAAAAAAAA-1|CATGCAAAAAAAAAAA-1,paracrine,high,93.7,unreviewed
CTATCAAAAAAAAAAA-1|CGGTCAAAAAAAAAAA-1,paracrine,high,91.44,unreviewed
CTATCAAAAAAAAAAA-1|CTATCAAAAAAAAAAA-1,autocrine,high,94.21,unreviewed
CTATCAAAAAAAAAAA-1|GTATCAAAAAAAAAAA-1,paracrine,high,91.93,reviewed
CTCACAAAAAAAAAAA-1|AAAACAAAAAAAAAAA-1,paracrine,high,68.64,reviewed
CTCACAAAAAAAAAAA-1|AGTACAAAAAAAAAAA-1,paracrine,low,15.16,reviewed
CTCACAAAAAAAAAAA-1|ATCACAAAAAAAAAAA-1,paracrine,mid,37.09,reviewed
CTCACAAAAAAAAAAA-1|CAAACAAAAAAAAAAA-1,paracrine,low,31.06,unreviewed
CTCACAAAAAAAAAAA-1|CGTACAAAAAAAAAAA-1,paracrine,low,28.62,unreviewed
CTCACAAAAAAAAAAA-1|CTCACAAAAAAAAAAA-1,autocrine,low,15.83,reviewed
CTCACAAAAAAAAAAA-1|GTCACAAAAAAAAAAA-1,paracrine,low,10.75,unreviewed
CTCCCAAAAAAAAAAA-1|AAACCAAAAAAAAAAA-1,paracrine,mid,47.53,unreviewed
CTCCCAAAAAAAAAAA-1|AGTCCAAAAAAAAAAA-1,paracrine,mid,45.01,reviewed
CTCCCAAAAAAAAAAA-1|ATCCCAAAAAAAAAAA-1,paracrine,high,75.85,unreviewed
CTCCCAAAAAAAAAAA-1|CAACCAAAAAAAAAAA-1,paracrine,mid,37.39,unreviewed
CTCCCAAAAAAAAAAA-1|CGTCCAAAAAAAAAAA-1,paracrine,high,68.97,unreviewed
CTCCCAAAAAAAAAAA-1|CTCCCAAAAAAAAAAA-1,autocrine,low,31.18,unreviewed
CTCCCAAAAAAAAAAA-1|GTCCCAAAAAAAAAAA-1,paracrine,mid,52.44,unreviewed
CTCGAAAAAAAAAAAA-1|ATCGAAAAAAAAAAAA-1,paracrine,low,20.49,unreviewed
CTCGAAAAAAAAAAAA-1|CAAGAAAAAAAAAAAA-1,paracrine,mid,38.09,unreviewed
CTCGAAAAAAAAAAAA-1|CGTGAAAAAAAAAAAA-1,paracrine,mid,55.51,unreviewed
CTCGAAAAAAAAAAAA-1|CTCGAAAAAAAAAAAA-1,autocrine,mid,36.54,unreviewed
CTCGAAAAAAAAAAAA-1|GAAGAAAAAAAAAAAA-1,paracrine,low,29.96,unreviewed
CTCGAAAAAAAAAAAA-1|GGTGAAAAAAAAAAAA-1,paracrine,low,33.19,reviewed
CTCGAAAAAAAAAAAA-1|GTCGAAAAAAAAAAAA-1,paracrine,mid,34.9,unreviewed
CTCGCAAAAAAAAAAA-1|AAAGCAAAAAAAAAAA-1,paracrine,high,68.39,unreviewed
CTCGCAAAAAAAAAAA-1|AGTGCAAAAAAAAAAA-1,paracrine,low,31.36,unreviewed
CTCGCAAAAAAAAAAA-1|ATCGCAAAAAAAAAAA-1,paracrine,high,85.63,reviewed
CTCGCAAAAAAAAAAA-1|CAAGCAAAAAAAAAAA-1,paracrine,high,98.84,unreviewed
CTCGCAAAAAAAAAAA-1|CGTGCAAAAAAAAAAA-1,paracrine,high,72.78,unreviewed
CTCGCAAAAAAAAAAA-1|CTCGCAAAAAAAAAAA-1,autocrine,high,87.18,unreviewed
CTCGCAAAAAAAAAAA-1|GTCGCAAAAAAAAAAA-1,paracrine,high,97.5,reviewed
CTGACAAAAAAAAAAA-1|AACACAAAAAAAAAAA-1,paracrine,mid,44.12,unreviewed
CTGACAAAAAAAAAAA-1|AGACCAAAAAAAAAAA-1,paracrine,low,30.91,unreviewed
CTGACAAAAAAAAAAA-1|ATGACAAAAAAAAAAA-1,paracrine,low,31.0,unreviewed
CTGACAAAAAAAAAAA-1|CACACAAAAAAAAAAA-1,paracrine,high,76.0,unreviewed
CTGACAAAAAAAAAAA-1|CGACCAAAAAAAAAAA-1,paracrine,low,21.29,reviewed
CTGACAAAAAAAAAAA-1|CTGACAAAAAAAAAAA-1,autocrine,mid,53.53,unreviewed
CTGACAAAAAAAAAAA-1|GTGACAAAAAAAAAAA-1,paracrine,low,22.11,unreviewed
CTGGCAAAAAAAAAAA-1|ATGGCAAAAAAAAAAA-1,paracrine,low,14.62,reviewed
CTGGCAAAAAAAAAAA-1|CACGCAAAAAAAAAAA-1,paracrine,low,19.4,unreviewed
CTGGCAAAAAAAAAAA-1|CGATCAAAAAAAAAAA-1,paracrine,low,27.07,unreviewed
CTGGCAAAAAAAAAAA-1|CTGGCAAAAAAAAAAA-1,autocrine,low,27.62,reviewed
CTGGCAAAAAAAAAAA-1|GACGCAAAAAAAAAAA-1,paracrine,low,11.94,reviewed
CTGGCAAAAAAAAAAA-1|GGATCAAAAAAAAAAA-1,paracrine,low,21.92,unreviewed
CTGGCAAAAAAAAAAA-1|GTGGCAAAAAAAAAAA-1,paracrine,low,12.39,unreviewed
CTGTAAAAAAAAAAAA-1|AACTAAAAAAAAAAAA-1,paracrine,low,20.19,unreviewed
CTGTAAAAAAAAAAAA-1|AGAACAAAAAAAAAAA-1,paracrine,mid,51.61,unreviewed
CTGTAAAAAAAAAAAA-1|ATGTAAAAAAAAAAAA-1,paracrine,high,71.92,reviewed
CTGTAAAAAAAAAAAA-1|CACTAAAAAAAAAAAA-1,paracrine,low,12.3,unreviewed
CTGTAAAAAAAAAAAA-1|CGAACAAAAAAAAAAA-1,paracrine,mid,38.79,unreviewed
CTGTAAAAAAAAAAAA-1|CTGTAAAAAAAAAAAA-1,autocrine,mid,63.7,unreviewed
CTGTAAAAAAAAAAAA-1|GTGTAAAAAAAAAAAA-1,paracrine,mid,36.48,unreviewed
CTGTCAAAAAAAAAAA-1|ATGTCAAAAAAAAAAA-1,paracrine,mid,37.76,reviewed
CTGTCAAAAAAAAAAA-1|CACTCAAAAAAAAAAA-1,paracrine,mid,41.6,unreviewed
CTGTCAAAAAAAAAAA-1|CTGTCAAAAAAAAAAA-1,autocrine,mid,56.3,unreviewed
CTGTCAAAAAAAAAAA-1|GACTCAAAAAAAAAAA-1,paracrine,high,69.46,unreviewed
CTGTCAAAAAAAAAAA-1|GTGTCAAAAAAAAAAA-1,paracrine,mid,52.01,reviewed
CTTACAAAAAAAAAAA-1|ATTACAAAAAAAAAAA-1,paracrine,low,10.48,unreviewed
CTTACAAAAAAAAAAA-1|CAGACAAAAAAAAAAA-1,paracrine,mid,33.71,unreviewed
CTTACAAAAAAAAAAA-1|CGCCCAAAAAAAAAAA-1,paracrine,mid,40.26,unreviewed
CTTACAAAAAAAAAAA-1|CTTACAAAAAAAAAAA-1,autocrine,low,8.95,unreviewed
CTTACAAAAAAAAAAA-1|GAGACAAAAAAAAAAA-1,paracrine,low,7.67,unreviewed
CTTACAAAAAAAAAAA-1|GGCCCAAAAAAAAAAA-1,paracrine,low,18.76,reviewed
CTTACAAAAAAAAAAA-1|GTTACAAAAAAAAAAA-1,paracrine,low,18.45,unreviewed
CTTCAAAAAAAAAAAA-1|AAGCAAAAAAAAAAAA-1,paracrine,mid,47.14,unreviewed
CTTCAAAAAAAAAAAA-1|AGCGAAAAAAAAAAAA-1,paracrine,high,68.79,unreviewed
CTTCAAAAAAAAAAAA-1|ATTCAAAAAAAAAAAA-1,paracrine,mid,51.1,reviewed
CTTCAAAAAAAAAAAA-1|CAGCAAAAAAAAAAAA-1,paracrine,low,29.66,unreviewed
CTTCAAAAAAAAAAAA-1|CGCGAAAAAAAAAAAA-1,paracrine,high,77.53,reviewed
CTTCAAAAAAAAAAAA-1|CTTCAAAAAAAAAAAA-1,autocrine,mid,42.69,unreviewed
CTTCAAAAAAAAAAAA-1|GTTCAAAAAAAAAAAA-1,paracrine,low,28.62,unreviewed
CTTCCAAAAAAAAAAA-1|ATTCCAAAAAAAAAAA-1,paracrine,high,88.09,unreviewed
CTTCCAAAAAAAAAAA-1|CAGCCAAAAAAAAAAA-1,paracrine,mid,48.75,unreviewed
CTTCCAAAAAAAAAAA-1|CGCGCAAAAAAAAAAA-1,paracrine,high,83.89,unreviewed
CTTCCAAAAAAAAAAA-1|CTTCCAAAAAAAAAAA-1,autocrine,high,98.6,unreviewed
CTTCCAAAAAAAAAAA-1|GAGCCAAAAAAAAAAA-1,paracrine,high,88.0,unreviewed
CTTCCAAAAAAAAAAA-1|GGCGCAAAAAAAAAAA-1,paracrine,high,76.46,unreviewed
CTTCCAAAAAAAAAAA-1|GTTCCAAAAAAAAAAA-1,paracrine,high,75.43,unreviewed
CTTGAAAAAAAAAAAA-1|AAGGAAAAAAAAAAAA-1,paracrine,mid,47.35,reviewed
CTTGAAAAAAAAAAAA-1|AGCTAAAAAAAAAAAA-1,paracrine,mid,50.85,reviewed
CTTGAAAAAAAAAAAA-1|ATTGAAAAAAAAAAAA-1,paracrine,high,89.52,unreviewed
CTTGAAAAAAAAAAAA-1|CGCTAAAAAAAAAAAA-1,paracrine,high,82.4,reviewed
CTTGAAAAAAAAAAAA-1|CTTGAAAAAAAAAAAA-1,autocrine,high,85.26,unreviewed
GAAACAAAAAAAAAAA-1|CAAACAAAAAAAAAAA-1,paracrine,high,66.99,unreviewed
GAAACAAAAAAAAAAA-1|GAAACAAAAAAAAAAA-1,autocrine,low,28.26,reviewed
GAAACAAAAAAAAAAA-1|GCGTAAAAAAAAAAAA-1,paracrine,low,24.7,unreviewed
GAAACAAAAAAAAAAA-1|GTCACAAAAAAAAAAA-1,paracrine,low,18.27,unreviewed
GAAACAAAAAAAAAAA-1|TAAACAAAAAAAAAAA-1,paracrine,mid,36.6,unreviewed
GAAACAAAAAAAAAAA-1|TCGTAAAAAAAAAAAA-1,paracrine,mid,57.0,unreviewed
GAAACAAAAAAAAAAA-1|TTCACAAAAAAAAAAA-1,paracrine,high,71.77,unreviewed
GAACCAAAAAAAAAAA-1|CAACCAAAAAAAAAAA-1,paracrine,high,80.63,unreviewed
GAACCAAAAAAAAAAA-1|GAACCAAAAAAAAAAA-1,autocrine,mid,58.01,reviewed
GAACCAAAAAAAAAAA-1|GCGACAAAAAAAAAAA-1,paracrine,mid,63.98,reviewed
GAACCAAAAAAAAAAA-1|GTCCCAAAAAAAAAAA-1,paracrine,high,84.47,unreviewed
GAACCAAAAAAAAAAA-1|TAACCAAAAAAAAAAA-1,paracrine,mid,61.81,reviewed
GAACCAAAAAAAAAAA-1|TCGACAAAAAAAAAAA-1,paracrine,high,92.08,reviewed
GAACCAAAAAAAAAAA-1|TTCCCAAAAAAAAAAA-1,paracrine,high,98.33,unreviewed
GAAGAAAAAAAAAAAA-1|CAAGAAAAAAAAAAAA-1,paracrine,mid,33.95,unreviewed
GAAGAAAAAAAAAAAA-1|CTCGAAAAAAAAAAAA-1,paracrine,mid,37.85,unreviewed
GAAGAAAAAAAAAAAA-1|GAAGAAAAAAAAAAAA-1,autocrine,low,28.32,reviewed
GAAGAAAAAAAAAAAA-1|GTCGAAAAAAAAAAAA-1,paracrine,mid,35.38,reviewed
GAAGAAAAAAAAAAAA-1|TAAGAAAAAAAAAAAA-1,paracrine,low,9.38,unreviewed
GAAGCAAAAAAAAAAA-1|CAAGCAAAAAAAAAAA-1,paracrine,high,74.15,reviewed
GAAGCAAAAAAAAAAA-1|GAAGCAAAAAAAAAAA-1,autocrine,low,27.8,reviewed
GAAGCAAAAAAAAAAA-1|GCGCCAAAAAAAAAAA-1,paracrine,mid,56.3,unreviewed
GAAGCAAAAAAAAAAA-1|GTCGCAAAAAAAAAAA-1,paracrine,high,79.96,unreviewed
GAAGCAAAAAAAAAAA-1|TAAGCAAAAAAAAAAA-1,paracrine,low,15.23,reviewed
GAAGCAAAAAAAAAAA-1|TCGCCAAAAAAAAAAA-1,paracrine,low,17.75,reviewed
GACACAAAAAAAAAAA-1|CACACAAAAAAAAAAA-1,paracrine,high,88.64,reviewed
GACACAAAAAAAAAAA-1|GACACAAAAAAAAAAA-1,autocrine,mid,58.86,unreviewed
GACACAAAAAAAAAAA-1|GCTTAAAAAAAAAAAA-1,paracrine,high,76.07,reviewed
GACACAAAAAAAAAAA-1|GTGACAAAAAAAAAAA-1,paracrine,mid,38.49,reviewed
GACACAAAAAAAAAAA-1|TACACAAAAAAAAAAA-1,paracrine,mid,44.64,reviewed
GACACAAAAAAAAAAA-1|TCTTAAAAAAAAAAAA-1,paracrine,mid,41.23,unreviewed
GACACAAAAAAAAAAA-1|TTGACAAAAAAAAAAA-1,paracrine,mid,38.09,reviewed
GACGCAAAAAAAAAAA-1|CACGCAAAAAAAAAAA-1,paracrine,low,25.76,unreviewed
GACGCAAAAAAAAAAA-1|CCTCCAAAAAAAAAAA-1,paracrine,low,20.89,unreviewed
GACGCAAAAAAAAAAA-1|CTGGCAAAAAAAAAAA-1,paracrine,mid,35.2,reviewed
GACGCAAAAAAAAAAA-1|GACGCAAAAAAAAAAA-1,autocrine,low,16.2,reviewed
GACGCAAAAAAAAAAA-1|GCTCCAAAAAAAAAAA-1,paracrine,low,22.78,reviewed
GACGCAAAAAAAAAAA-1|GTGGCAAAAAAAAAAA-1,paracrine,low,12.61,unreviewed
GACGCAAAAAAAAAAA-1|TACGCAAAAAAAAAAA-1,paracrine,low,5.42,reviewed
GACTAAAAAAAAAAAA-1|CACTAAAAAAAAAAAA-1,paracrine,low,31.94,reviewed
GACTAAAAAAAAAAAA-1|GACTAAAAAAAAAAAA-1,autocrine,high,91.26,unreviewed
GACTAAAAAAAAAAAA-1|GCTGAAAAAAAAAAAA-1,paracrine,high,92.2,unreviewed
GACTAAAAAAAAAAAA-1|GTGTAAAAAAAAAAAA-1,paracrine,mid,60.81,reviewed
GACTAAAAAAAAAAAA-1|TACTAAAAAAAAAAAA-1,paracrine,mid,58.47,reviewed
GACTAAAAAAAAAAAA-1|TCTGAAAAAAAAAAAA-1,paracrine,high,81.64,reviewed
GACTAAAAAAAAAAAA-1|TTGTAAAAAAAAAAAA-1,paracrine,high,74.48,reviewed
GACTCAAAAAAAAAAA-1|CACTCAAAAAAAAAAA-1,paracrine,mid,36.39,unreviewed
GACTCAAAAAAAAAAA-1|CCTGCAAAAAAAAAAA-1,paracrine,low,23.36,unreviewed
GACTCAAAAAAAAAAA-1|CTGTCAAAAAAAAAAA-1,paracrine,mid,49.39,reviewed
GACTCAAAAAAAAAAA-1|GACTCAAAAAAAAAAA-1,autocrine,high,72.96,reviewed
GACTCAAAAAAAAAAA-1|GCTGCAAAAAAAAAAA-1,paracrine,high,74.76,unreviewed
GACTCAAAAAAAAAAA-1|GTGTCAAAAAAAAAAA-1,paracrine,mid,53.05,unreviewed
GACTCAAAAAAAAAAA-1|TACTCAAAAAAAAAAA-1,paracrine,mid,57.43,reviewed
GAGACAAAAAAAAAAA-1|CAGACAAAAAAAAAAA-1,paracrine,low,25.21,unreviewed
GAGACAAAAAAAAAAA-1|CCAACAAAAAAAAAAA-1,paracrine,low,8.34,unreviewed
GAGACAAAAAAAAAAA-1|CTTACAAAAAAAAAAA-1,paracrine,low,9.2,reviewed
GAGACAAAAAAAAAAA-1|GAGACAAAAAAAAAAA-1,autocrine,low,6.76,reviewed
GAGACAAAAAAAAAAA-1|GCAACAAAAAAAAAAA-1,paracrine,low,19.98,unreviewed
GAGACAAAAAAAAAAA-1|GTTACAAAAAAAAAAA-1,paracrine,low,13.46,unreviewed
GAGACAAAAAAAAAAA-1|TAGACAAAAAAAAAAA-1,paracrine,low,5.6,unreviewed
GAGCAAAAAAAAAAAA-1|CAGCAAAAAAAAAAAA-1,paracrine,mid,34.1,unreviewed
GAGCAAAAAAAAAAAA-1|GAGCAAAAAAAAAAAA-1,autocrine,mid,43.64,unreviewed
GAGCAAAAAAAAAAAA-1|GTTCAAAAAAAAAAAA-1,paracrine,mid,35.38,reviewed
GAGCAAAAAAAAAAAA-1|TAGCAAAAAAAAAAAA-1,paracrine,low,28.05,unreviewed
GAGCAAAAAAAAAAAA-1|TTTCAAAAAAAAAAAA-1,paracrine,mid,38.25,unreviewed
GAGCCAAAAAAAAAAA-1|CAGCCAAAAAAAAAAA-1,paracrine,low,11.33,unreviewed
GAGCCAAAAAAAAAAA-1|CCACCAAAAAAAAAAA-1,paracrine,mid,41.81,unreviewed
GAGCCAAAAAAAAAAA-1|CTTCCAAAAAAAAAAA-1,paracrine,high,67.75,unreviewed
GAGCCAAAAAAAAAAA-1|GAGCCAAAAAAAAAAA-1,autocrine,mid,39.13,unreviewed
GAGCCAAAAAAAAAAA-1|GCACCAAAAAAAAAAA-1,paracrine,mid,39.34,reviewed
GAGCCAAAAAAAAAAA-1|GTTCCAAAAAAAAAAA-1,paracrine,low,23.23,unreviewed
GAGCCAAAAAAAAAAA-1|TAGCCAAAAAAAAAAA-1,paracrine,mid,41.72,reviewed
GATCCAAAAAAAAAAA-1|CATCCAAAAAAAAAAA-1,paracrine,mid,35.66,unreviewed
GATCCAAAAAAAAAAA-1|GATCCAAAAAAAAAAA-1,autocrine,mid,47.14,unreviewed
GATCCAAAAAAAAAAA-1|GCCCCAAAAAAAAAAA-1,paracrine,mid,39.13,unreviewed
GATCCAAAAAAAAAAA-1|GTAGCAAAAAAAAAAA-1,paracrine,mid,49.97,reviewed
GATCCAAAAAAAAAAA-1|TATCCAAAAAAAAAAA-1,paracrine,mid,34.71,unreviewed
GATCCAAAAAAAAAAA-1|TCCCCAAAAAAAAAAA-1,paracrine,low,8.16,unreviewed
GATCCAAAAAAAAAAA-1|TTAGCAAAAAAAAAAA-1,paracrine,low,13.58,unreviewed
GATGAAAAAAAAAAAA-1|CATGAAAAAAAAAAAA-1,paracrine,low,11.81,reviewed
GATGAAAAAAAAAAAA-1|CCCGAAAAAAAAAAAA-1,paracrine,high,72.41,unreviewed
GATGAAAAAAAAAAAA-1|CTATAAAAAAAAAAAA-1,paracrine,mid,52.98,unreviewed
GATGAAAAAAAAAAAA-1|GATGAAAAAAAAAAAA-1,autocrine,low,15.38,unreviewed
GATGAAAAAAAAAAAA-1|GCCGAAAAAAAAAAAA-1,paracrine,mid,49.82,unreviewed
GATGAAAAAAAAAAAA-1|GTATAAAAAAAAAAAA-1,paracrine,low,24.12,reviewed
GATGAAAAAAAAAAAA-1|TATGAAAAAAAAAAAA-1,paracrine,low,8.04,unreviewed
GATGCAAAAAAAAAAA-1|CATGCAAAAAAAAAAA-1,paracrine,high,97.26,unreviewed
GATGCAAAAAAAAAAA-1|GATGCAAAAAAAAAAA-1,autocrine,high,99.63,unreviewed
GATGCAAAAAAAAAAA-1|GCCGCAAAAAAAAAAA-1,paracrine,high,94.85,unreviewed
GATGCAAAAAAAAAAA-1|GTATCAAAAAAAAAAA-1,paracrine,high,96.32,unreviewed
GATGCAAAAAAAAAAA-1|TATGCAAAAAAAAAAA-1,paracrine,high,98.96,unreviewed
GATGCAAAAAAAAAAA-1|TCCGCAAAAAAAAAAA-1,paracrine,high,93.85,unreviewed
GATGCAAAAAAAAAAA-1|TTATCAAAAAAAAAAA-1,paracrine,high,70.8,unreviewed
GATTAAAAAAAAAAAA-1|CATTAAAAAAAAAAAA-1,paracrine,high,72.08,unreviewed
GATTAAAAAAAAAAAA-1|CCCTAAAAAAAAAAAA-1,paracrine,high,91.93,unreviewed
GATTAAAAAAAAAAAA-1|CTAACAAAAAAAAAAA-1,paracrine,low,30.21,unreviewed
GATTAAAAAAAAAAAA-1|GATTAAAAAAAAAAAA-1,autocrine,high,84.14,unreviewed
GATTAAAAAAAAAAAA-1|GCCTAAAAAAAAAAAA-1,paracrine,high,92.75,reviewed
GATTAAAAAAAAAAAA-1|GTAACAAAAAAAAAAA-1,paracrine,high,66.75,reviewed
GATTAAAAAAAAAAAA-1|TATTAAAAAAAAAAAA-1,paracrine,high,97.44,unreviewed
GCAACAAAAAAAAAAA-1|CCAACAAAAAAAAAAA-1,paracrine,mid,50.94,unreviewed
GCAACAAAAAAAAAAA-1|GAGACAAAAAAAAAAA-1,paracrine,mid,33.95,reviewed
GCAACAAAAAAAAAAA-1|GCAACAAAAAAAAAAA-1,autocrine,high,81.12,reviewed
GCAACAAAAAAAAAAA-1|GGGTAAAAAAAAAAAA-1,paracrine,mid,53.81,unreviewed
GCAACAAAAAAAAAAA-1|TAGACAAAAAAAAAAA-1,paracrine,low,15.29,unreviewed
GCAACAAAAAAAAAAA-1|TCAACAAAAAAAAAAA-1,paracrine,low,32.46,reviewed
GCAACAAAAAAAAAAA-1|TGGTAAAAAAAAAAAA-1,paracrine,low,6.15,unreviewed
GCAAGAAAAAAAAAAA-1|CCAAGAAAAAAAAAAA-1,paracrine,low,14.95,unreviewed
GCAAGAAAAAAAAAAA-1|CGGTCAAAAAAAAAAA-1,paracrine,mid,38.49,reviewed
GCAAGAAAAAAAAAAA-1|GCAAGAAAAAAAAAAA-1,autocrine,low,13.52,reviewed
GCAAGAAAAAAAAAAA-1|GGGTCAAAAAAAAAAA-1,paracrine,low,22.59,reviewed
GCAAGAAAAAAAAAAA-1|TCAAGAAAAAAAAAAA-1,paracrine,low,12.0,unreviewed
GCACCAAAAAAAAAAA-1|CCACCAAAAAAAAAAA-1,paracrine,low,20.65,unreviewed
GCACCAAAAAAAAAAA-1|GAGCCAAAAAAAAAAA-1,paracrine,low,26.67,unreviewed
GCACCAAAAAAAAAAA-1|GCACCAAAAAAAAAAA-1,autocrine,low,22.38,unreviewed
GCACCAAAAAAAAAAA-1|GGGACAAAAAAAAAAA-1,paracrine,low,30.09,unreviewed
GCACCAAAAAAAAAAA-1|TAGCCAAAAAAAAAAA-1,paracrine,low,22.72,reviewed
GCACCAAAAAAAAAAA-1|TCACCAAAAAAAAAAA-1,paracrine,low,14.13,unreviewed
GCACCAAAAAAAAAAA-1|TGGACAAAAAAAAAAA-1,paracrine,low,7.43,reviewed
GCCCCAAAAAAAAAAA-1|CATCCAAAAAAAAAAA-1,paracrine,high,78.44,unreviewed
GCCCCAAAAAAAAAAA-1|CCCCCAAAAAAAAAAA-1,paracrine,high,74.0,unreviewed
GCCCCAAAAAAAAAAA-1|CGTACAAAAAAAAAAA-1,paracrine,high,70.04,unreviewed
GCCCCAAAAAAAAAAA-1|GATCCAAAAAAAAAAA-1,paracrine,high,82.49,unreviewed
GCCCCAAAAAAAAAAA-1|GCCCCAAAAAAAAAAA-1,autocrine,high,72.84,reviewed
GCCCCAAAAAAAAAAA-1|GGTACAAAAAAAAAAA-1,paracrine,high,77.62,unreviewed
GCCCCAAAAAAAAAAA-1|TCCCCAAAAAAAAAAA-1,paracrine,low,22.9,reviewed
GCCGAAAAAAAAAAAA-1|CCCGAAAAAAAAAAAA-1,paracrine,mid,61.02,unreviewed
GCCGAAAAAAAAAAAA-1|GATGAAAAAAAAAAAA-1,paracrine,low,11.27,unreviewed
GCCGAAAAAAAAAAAA-1|GCCGAAAAAAAAAAAA-1,autocrine,mid,34.38,unreviewed
GCCGAAAAAAAAAAAA-1|GGTCAAAAAAAAAAAA-1,paracrine,mid,43.64,unreviewed
GCCGAAAAAAAAAAAA-1|TATGAAAAAAAAAAAA-1,paracrine,low,7.86,unreviewed
GCCGAAAAAAAAAAAA-1|TCCGAAAAAAAAAAAA-1,paracrine,low,5.79,unreviewed
GCCGAAAAAAAAAAAA-1|TGTCAAAAAAAAAAAA-1,paracrine,low,7.13,unreviewed
GCCGCAAAAAAAAAAA-1|CATGCAAAAAAAAAAA-1,paracrine,high,96.5,unreviewed
GCCGCAAAAAAAAAAA-1|CCCGCAAAAAAAAAAA-1,paracrine,mid,45.83,unreviewed
GCCGCAAAAAAAAAAA-1|CGTCCAAAAAAAAAAA-1,paracrine,high,96.41,unreviewed
GCCGCAAAAAAAAAAA-1|GATGCAAAAAAAAAAA-1,paracrine,high,97.87,reviewed
GCCGCAAAAAAAAAAA-1|GCCGCAAAAAAAAAAA-1,autocrine,high,96.22,unreviewed
GCCGCAAAAAAAAAAA-1|GGTCCAAAAAAAAAAA-1,paracrine,high,93.24,unreviewed
GCCGCAAAAAAAAAAA-1|TCCGCAAAAAAAAAAA-1,paracrine,high,89.68,unreviewed
GCCTAAAAAAAAAAAA-1|CCCTAAAAAAAAAAAA-1,paracrine,high,85.9,reviewed
GCCTAAAAAAAAAAAA-1|GATTAAAAAAAAAAAA-1,paracrine,high,68.79,unreviewed
GCCTAAAAAAAAAAAA-1|GCCTAAAAAAAAAAAA-1,autocrine,high,87.18,reviewed
GCCTAAAAAAAAAAAA-1|GGTGAAAAAAAAAAAA-1,paracrine,high,76.98,unreviewed
GCCTAAAAAAAAAAAA-1|TATTAAAAAAAAAAAA-1,paracrine,high,92.54,unreviewed
GCCTAAAAAAAAAAAA-1|TCCTAAAAAAAAAAAA-1,paracrine,high,71.19,unreviewed
GCCTAAAAAAAAAAAA-1|TGTGAAAAAAAAAAAA-1,paracrine,mid,62.79,unreviewed
GCGACAAAAAAAAAAA-1|CAACCAAAAAAAAAAA-1,paracrine,mid,53.81,unreviewed
GCGACAAAAAAAAAAA-1|CCGACAAAAAAAAAAA-1,paracrine,mid,52.77,reviewed
GCGACAAAAAAAAAAA-1|CGAACAAAAAAAAAAA-1,paracrine,mid,47.62,unreviewed
GCGACAAAAAAAAAAA-1|GAACCAAAAAAAAAAA-1,paracrine,low,32.22,unreviewed
GCGACAAAAAAAAAAA-1|GCGACAAAAAAAAAAA-1,autocrine,mid,50.37,unreviewed
GCGACAAAAAAAAAAA-1|GGAACAAAAAAAAAAA-1,paracrine,mid,37.0,reviewed
GCGACAAAAAAAAAAA-1|TCGACAAAAAAAAAAA-1,paracrine,high,76.89,reviewed
GCGCCAAAAAAAAAAA-1|CAAGCAAAAAAAAAAA-1,paracrine,high,99.15,reviewed
GCGCCAAAAAAAAAAA-1|CCGCCAAAAAAAAAAA-1,paracrine,high,97.93,unreviewed
GCGCCAAAAAAAAAAA-1|CGACCAAAAAAAAAAA-1,paracrine,high,75.43,unreviewed
GCGCCAAAAAAAAAAA-1|GAAGCAAAAAAAAAAA-1,paracrine,high,77.62,unreviewed
GCGCCAAAAAAAAAAA-1|GCGCCAAAAAAAAAAA-1,autocrine,high,97.32,unreviewed
GCGCCAAAAAAAAAAA-1|GGACCAAAAAAAAAAA-1,paracrine,high,99.51,unreviewed
GCGCCAAAAAAAAAAA-1|TCGCCAAAAAAAAAAA-1,paracrine,high,71.04,reviewed
GCGTAAAAAAAAAAAA-1|CAAACAAAAAAAAAAA-1,paracrine,low,14.37,unreviewed
GCGTAAAAAAAAAAAA-1|CCGTAAAAAAAAAAAA-1,paracrine,low,18.51,unreviewed
GCGTAAAAAAAAAAAA-1|CGATAAAAAAAAAAAA-1,paracrine,low,12.06,unreviewed
GCGTAAAAAAAAAAAA-1|GAAACAAAAAAAAAAA-1,paracrine,low,7.37,unreviewed
GCGTAAAAAAAAAAAA-1|GCGTAAAAAAAAAAAA-1,autocrine,low,8.4,unreviewed
GCGTAAAAAAAAAAAA-1|GGATAAAAAAAAAAAA-1,paracrine,low,9.62,unreviewed
GCGTAAAAAAAAAAAA-1|TCGTAAAAAAAAAAAA-1,paracrine,low,16.87,reviewed
GCGTCAAAAAAAAAAA-1|CCGTCAAAAAAAAAAA-1,paracrine,mid,45.49,unreviewed
GCGTCAAAAAAAAAAA-1|GCGTCAAAAAAAAAAA-1,autocrine,high,78.71,unreviewed
GCGTCAAAAAAAAAAA-1|GGATCAAAAAAAAAAA-1,paracrine,mid,65.41,reviewed
GCGTCAAAAAAAAAAA-1|TAAAGAAAAAAAAAAA-1,paracrine,low,6.39,unreviewed
GCGTCAAAAAAAAAAA-1|TCGTCAAAAAAAAAAA-1,paracrine,low,9.26,unreviewed
GCGTCAAAAAAAAAAA-1|TGATCAAAAAAAAAAA-1,paracrine,low,12.18,unreviewed
GCTCCAAAAAAAAAAA-1|CCTCCAAAAAAAAAAA-1,paracrine,low,26.55,unreviewed
GCTCCAAAAAAAAAAA-1|GACGCAAAAAAAAAAA-1,paracrine,low,21.74,unreviewed
GCTCCAAAAAAAAAAA-1|GCTCCAAAAAAAAAAA-1,autocrine,mid,36.39,reviewed
GCTCCAAAAAAAAAAA-1|GGCCCAAAAAAAAAAA-1,paracrine,mid,39.86,reviewed
GCTCCAAAAAAAAAAA-1|TACGCAAAAAAAAAAA-1,paracrine,low,5.85,unreviewed
GCTCCAAAAAAAAAAA-1|TCTCCAAAAAAAAAAA-1,paracrine,low,5.18,unreviewed
GCTCCAAAAAAAAAAA-1|TGCCCAAAAAAAAAAA-1,paracrine,low,5.05,unreviewed
GCTGAAAAAAAAAAAA-1|CACTAAAAAAAAAAAA-1,paracrine,mid,35.84,unreviewed
GCTGAAAAAAAAAAAA-1|CCTGAAAAAAAAAAAA-1,paracrine,high,94.09,reviewed
GCTGAAAAAAAAAAAA-1|CGCGAAAAAAAAAAAA-1,paracrine,high,96.59,reviewed
GCTGAAAAAAAAAAAA-1|GACTAAAAAAAAAAAA-1,paracrine,high,96.04,unreviewed
GCTGAAAAAAAAAAAA-1|GCTGAAAAAAAAAAAA-1,autocrine,high,95.74,unreviewed
GCTGAAAAAAAAAAAA-1|GGCGAAAAAAAAAAAA-1,paracrine,mid,45.49,unreviewed
GCTGAAAAAAAAAAAA-1|TCTGAAAAAAAAAAAA-1,paracrine,high,85.57,unreviewed
GCTGCAAAAAAAAAAA-1|CCTGCAAAAAAAAAAA-1,paracrine,mid,57.16,reviewed
GCTGCAAAAAAAAAAA-1|GACTCAAAAAAAAAAA-1,paracrine,high,90.41,unreviewed
GCTGCAAAAAAAAAAA-1|GCTGCAAAAAAAAAAA-1,autocrine,high,89.43,reviewed
GCTGCAAAAAAAAAAA-1|GGCGCAAAAAAAAAAA-1,paracrine,mid,55.97,unreviewed
GCTGCAAAAAAAAAAA-1|TACTCAAAAAAAAAAA-1,paracrine,high,78.5,reviewed
GCTGCAAAAAAAAAAA-1|TCTGCAAAAAAAAAAA-1,paracrine,high,83.07,unreviewed
GCTGCAAAAAAAAAAA-1|TGCGCAAAAAAAAAAA-1,paracrine,high,69.61,unreviewed
GCTTAAAAAAAAAAAA-1|CACACAAAAAAAAAAA-1,paracrine,high,86.66,reviewed
GCTTAAAAAAAAAAAA-1|CCTTAAAAAAAAAAAA-1,paracrine,high,87.58,reviewed
GCTTAAAAAAAAAAAA-1|CGCTAAAAAAAAAAAA-1,paracrine,mid,64.74,reviewed
GCTTAAAAAAAAAAAA-1|GACACAAAAAAAAAAA-1,paracrine,mid,62.61,unreviewed
GCTTAAAAAAAAAAAA-1|GCTTAAAAAAAAAAAA-1,autocrine,high,84.32,unreviewed
GCTTAAAAAAAAAAAA-1|GGCTAAAAAAAAAAAA-1,paracrine,mid,46.29,reviewed
GCTTAAAAAAAAAAAA-1|TCTTAAAAAAAAAAAA-1,paracrine,mid,36.81,reviewed
GGAACAAAAAAAAAAA-1|CGAACAAAAAAAAAAA-1,paracrine,mid,64.86,unreviewed
GGAACAAAAAAAAAAA-1|GCGACAAAAAAAAAAA-1,paracrine,mid,48.51,unreviewed
GGAACAAAAAAAAAAA-1|GGAACAAAAAAAAAAA-1,autocrine,mid,54.14,unreviewed
GGAACAAAAAAAAAAA-1|GTGTAAAAAAAAAAAA-1,paracrine,mid,59.1,reviewed
GGAACAAAAAAAAAAA-1|TCGACAAAAAAAAAAA-1,paracrine,high,85.08,unreviewed
GGAACAAAAAAAAAAA-1|TGAACAAAAAAAAAAA-1,paracrine,high,83.74,unreviewed
GGAACAAAAAAAAAAA-1|TTGTAAAAAAAAAAAA-1,paracrine,mid,64.86,unreviewed
GGACCAAAAAAAAAAA-1|CGACCAAAAAAAAAAA-1,paracrine,mid,58.77,unreviewed
GGACCAAAAAAAAAAA-1|GCGCCAAAAAAAAAAA-1,paracrine,high,88.09,unreviewed
GGACCAAAAAAAAAAA-1|GGACCAAAAAAAAAAA-1,autocrine,high,97.38,unreviewed
GGACCAAAAAAAAAAA-1|GTGACAAAAAAAAAAA-1,paracrine,mid,63.0,unreviewed
GGACCAAAAAAAAAAA-1|TCGCCAAAAAAAAAAA-1,paracrine,mid,42.54,unreviewed
GGACCAAAAAAAAAAA-1|TGACCAAAAAAAAAAA-1,paracrine,mid,38.37,reviewed
GGACCAAAAAAAAAAA-1|TTGACAAAAAAAAAAA-1,paracrine,mid,58.47,reviewed
GGATAAAAAAAAAAAA-1|CGATAAAAAAAAAAAA-1,paracrine,mid,34.96,reviewed
GGATAAAAAAAAAAAA-1|GCGTAAAAAAAAAAAA-1,paracrine,low,19.21,unreviewed
GGATAAAAAAAAAAAA-1|GGATAAAAAAAAAAAA-1,autocrine,low,20.1,unreviewed
GGATAAAAAAAAAAAA-1|GTGGAAAAAAAAAAAA-1,paracrine,low,18.39,unreviewed
GGATAAAAAAAAAAAA-1|TCGTAAAAAAAAAAAA-1,paracrine,mid,38.95,unreviewed
GGATAAAAAAAAAAAA-1|TGATAAAAAAAAAAAA-1,paracrine,low,29.45,reviewed
GGATAAAAAAAAAAAA-1|TTGGAAAAAAAAAAAA-1,paracrine,low,14.95,unreviewed
GGATCAAAAAAAAAAA-1|CCGTCAAAAAAAAAAA-1,paracrine,low,24.42,unreviewed
GGATCAAAAAAAAAAA-1|CGATCAAAAAAAAAAA-1,paracrine,mid,36.18,reviewed
GGATCAAAAAAAAAAA-1|CTGGCAAAAAAAAAAA-1,paracrine,mid,42.54,unreviewed
GGATCAAAAAAAAAAA-1|GCGTCAAAAAAAAAAA-1,paracrine,mid,52.62,unreviewed
GGATCAAAAAAAAAAA-1|GGATCAAAAAAAAAAA-1,autocrine,mid,35.66,unreviewed
GGATCAAAAAAAAAAA-1|GTGGCAAAAAAAAAAA-1,paracrine,low,17.6,unreviewed
GGATCAAAAAAAAAAA-1|TGATCAAAAAAAAAAA-1,paracrine,low,5.54,unreviewed
GGCCCAAAAAAAAAAA-1|CCTCCAAAAAAAAAAA-1,paracrine,mid,42.97,reviewed
GGCCCAAAAAAAAAAA-1|CGCCCAAAAAAAAAAA-1,paracrine,high,74.15,unreviewed
GGCCCAAAAAAAAAAA-1|CTTACAAAAAAAAAAA-1,paracrine,low,20.89,unreviewed
GGCCCAAAAAAAAAAA-1|GCTCCAAAAAAAAAAA-1,paracrine,mid,64.52,unreviewed
GGCCCAAAAAAAAAAA-1|GGCCCAAAAAAAAAAA-1,autocrine,mid,48.63,unreviewed
GGCCCAAAAAAAAAAA-1|GTTACAAAAAAAAAAA-1,paracrine,mid,43.06,unreviewed
GGCCCAAAAAAAAAAA-1|TGCCCAAAAAAAAAAA-1,paracrine,low,5.97,unreviewed
GGCGAAAAAAAAAAAA-1|CGCGAAAAAAAAAAAA-1,paracrine,mid,51.46,unreviewed
GGCGAAAAAAAAAAAA-1|GCTGAAAAAAAAAAAA-1,paracrine,mid,40.71,unreviewed
GGCGAAAAAAAAAAAA-1|GGCGAAAAAAAAAAAA-1,autocrine,low,10.11,reviewed
GGCGAAAAAAAAAAAA-1|GTTCAAAAAAAAAAAA-1,paracrine,low,13.31,reviewed
GGCGAAAAAAAAAAAA-1|TCTGAAAAAAAAAAAA-1,paracrine,low,28.93,unreviewed
GGCGAAAAAAAAAAAA-1|TGCGAAAAAAAAAAAA-1,paracrine,mid,51.74,unreviewed
GGCGAAAAAAAAAAAA-1|TTTCAAAAAAAAAAAA-1,paracrine,low,18.0,unreviewed
GGCGCAAAAAAAAAAA-1|CCTGCAAAAAAAAAAA-1,paracrine,mid,37.39,unreviewed
GGCGCAAAAAAAAAAA-1|CGCGCAAAAAAAAAAA-1,paracrine,mid,51.89,unreviewed
GGCGCAAAAAAAAAAA-1|CTTCCAAAAAAAAAAA-1,paracrine,high,82.76,unreviewed
GGCGCAAAAAAAAAAA-1|GCTGCAAAAAAAAAAA-1,paracrine,high,73.23,unreviewed
GGCGCAAAAAAAAAAA-1|GGCGCAAAAAAAAAAA-1,autocrine,low,29.78,reviewed
GGCGCAAAAAAAAAAA-1|GTTCCAAAAAAAAAAA-1,paracrine,low,25.49,reviewed
GGCGCAAAAAAAAAAA-1|TGCGCAAAAAAAAAAA-1,paracrine,mid,48.29,unreviewed
GGCTAAAAAAAAAAAA-1|CGCTAAAAAAAAAAAA-1,paracrine,high,66.66,reviewed
GGCTAAAAAAAAAAAA-1|GCTTAAAAAAAAAAAA-1,paracrine,high,88.73,reviewed
GGCTAAAAAAAAAAAA-1|GGCTAAAAAAAAAAAA-1,autocrine,mid,45.83,reviewed
GGCTAAAAAAAAAAAA-1|TCTTAAAAAAAAAAAA-1,paracrine,mid,61.75,reviewed
GGGACAAAAAAAAAAA-1|CCACCAAAAAAAAAAA-1,paracrine,mid,60.48,reviewed
GGGACAAAAAAAAAAA-1|CGGACAAAAAAAAAAA-1,paracrine,mid,45.25,reviewed
GGGACAAAAAAAAAAA-1|CTAACAAAAAAAAAAA-1,paracrine,low,10.41,unreviewed
GGGACAAAAAAAAAAA-1|GCACCAAAAAAAAAAA-1,paracrine,mid,56.15,unreviewed
GGGACAAAAAAAAAAA-1|GGGACAAAAAAAAAAA-1,autocrine,mid,65.47,reviewed
GGGACAAAAAAAAAAA-1|GTAACAAAAAAAAAAA-1,paracrine,low,25.33,unreviewed
GGGACAAAAAAAAAAA-1|TGGACAAAAAAAAAAA-1,paracrine,low,11.63,reviewed
GGGGCAAAAAAAAAAA-1|GGGGCAAAAAAAAAAA-1,autocrine,mid,38.25,reviewed
GGGGCAAAAAAAAAAA-1|GTAGCAAAAAAAAAAA-1,paracrine,high,77.74,unreviewed
GGGGCAAAAAAAAAAA-1|TCATCAAAAAAAAAAA-1,paracrine,mid,42.81,unreviewed
GGGGCAAAAAAAAAAA-1|TGGGCAAAAAAAAAAA-1,paracrine,mid,54.84,unreviewed
GGGGCAAAAAAAAAAA-1|TTAGCAAAAAAAAAAA-1,paracrine,low,27.62,unreviewed
GGGTAAAAAAAAAAAA-1|CCAACAAAAAAAAAAA-1,paracrine,low,25.33,reviewed
GGGTAAAAAAAAAAAA-1|CGGTAAAAAAAAAAAA-1,paracrine,low,32.37,reviewed
GGGTAAAAAAAAAAAA-1|CTATAAAAAAAAAAAA-1,paracrine,low,22.66,unreviewed
GGGTAAAAAAAAAAAA-1|GCAACAAAAAAAAAAA-1,paracrine,low,31.76,reviewed
GGGTAAAAAAAAAAAA-1|GGGTAAAAAAAAAAAA-1,autocrine,low,25.67,reviewed
GGGTAAAAAAAAAAAA-1|GTATAAAAAAAAAAAA-1,paracrine,low,15.96,reviewed
GGGTAAAAAAAAAAAA-1|TGGTAAAAAAAAAAAA-1,paracrine,low,4.63,unreviewed
GGGTCAAAAAAAAAAA-1|CGGTCAAAAAAAAAAA-1,paracrine,high,78.56,unreviewed
GGGTCAAAAAAAAAAA-1|GCAAGAAAAAAAAAAA-1,paracrine,mid,37.39,unreviewed
GGGTCAAAAAAAAAAA-1|GGGTCAAAAAAAAAAA-1,autocrine,mid,54.42,unreviewed
GGGTCAAAAAAAAAAA-1|GTATCAAAAAAAAAAA-1,paracrine,mid,63.15,reviewed
GGGTCAAAAAAAAAAA-1|TCAAGAAAAAAAAAAA-1,paracrine,low,30.21,reviewed
GGGTCAAAAAAAAAAA-1|TGGTCAAAAAAAAAAA-1,paracrine,low,8.89,unreviewed
GGGTCAAAAAAAAAAA-1|TTATCAAAAAAAAAAA-1,paracrine,mid,38.95,unreviewed
GGTACAAAAAAAAAAA-1|CGTACAAAAAAAAAAA-1,paracrine,mid,43.64,unreviewed
GGTACAAAAAAAAAAA-1|GCCCCAAAAAAAAAAA-1,paracrine,mid,54.57,unreviewed
GGTACAAAAAAAAAAA-1|GGTACAAAAAAAAAAA-1,autocrine,mid,57.43,unreviewed
GGTACAAAAAAAAAAA-1|GTCACAAAAAAAAAAA-1,paracrine,low,14.68,unreviewed
GGTACAAAAAAAAAAA-1|TCCCCAAAAAAAAAAA-1,paracrine,low,12.97,unreviewed
GGTACAAAAAAAAAAA-1|TGTACAAAAAAAAAAA-1,paracrine,low,19.55,unreviewed
GGTACAAAAAAAAAAA-1|TTCACAAAAAAAAAAA-1,paracrine,mid,64.16,reviewed
GGTCAAAAAAAAAAAA-1|CCCGAAAAAAAAAAAA-1,paracrine,mid,37.18,unreviewed
GGTCAAAAAAAAAAAA-1|CGTCAAAAAAAAAAAA-1,paracrine,low,20.28,unreviewed
GGTCAAAAAAAAAAAA-1|GCCGAAAAAAAAAAAA-1,paracrine,low,18.21,unreviewed
GGTCAAAAAAAAAAAA-1|GGTCAAAAAAAAAAAA-1,autocrine,low,26.43,unreviewed
GGTCAAAAAAAAAAAA-1|TGTCAAAAAAAAAAAA-1,paracrine,low,5.72,unreviewed
GGTCCAAAAAAAAAAA-1|CGTCCAAAAAAAAAAA-1,paracrine,high,96.77,unreviewed
GGTCCAAAAAAAAAAA-1|GCCGCAAAAAAAAAAA-1,paracrine,high,93.03,unreviewed
GGTCCAAAAAAAAAAA-1|GGTCCAAAAAAAAAAA-1,autocrine,high,93.3,unreviewed
GGTCCAAAAAAAAAAA-1|GTCCCAAAAAAAAAAA-1,paracrine,high,86.08,reviewed
GGTCCAAAAAAAAAAA-1|TCCGCAAAAAAAAAAA-1,paracrine,high,89.22,unreviewed
GGTCCAAAAAAAAAAA-1|TGTCCAAAAAAAAAAA-1,paracrine,high,67.87,unreviewed
GGTCCAAAAAAAAAAA-1|TTCCCAAAAAAAAAAA-1,paracrine,high,97.62,unreviewed
GGTGAAAAAAAAAAAA-1|CCCTAAAAAAAAAAAA-1,paracrine,mid,44.7,unreviewed
GGTGAAAAAAAAAAAA-1|CGTGAAAAAAAAAAAA-1,paracrine,mid,44.82,reviewed
GGTGAAAAAAAAAAAA-1|CTCGAAAAAAAAAAAA-1,paracrine,mid,34.26,reviewed
GGTGAAAAAAAAAAAA-1|GCCTAAAAAAAAAAAA-1,paracrine,mid,42.2,unreviewed
GGTGAAAAAAAAAAAA-1|GGTGAAAAAAAAAAAA-1,autocrine,low,23.72,unreviewed
GGTGAAAAAAAAAAAA-1|GTCGAAAAAAAAAAAA-1,paracrine,low,32.22,reviewed
GGTGAAAAAAAAAAAA-1|TGTGAAAAAAAAAAAA-1,paracrine,low,18.91,reviewed
GTAACAAAAAAAAAAA-1|CTAACAAAAAAAAAAA-1,paracrine,low,9.81,unreviewed
GTAACAAAAAAAAAAA-1|GATTAAAAAAAAAAAA-1,paracrine,mid,35.2,unreviewed
GTAACAAAAAAAAAAA-1|GGGACAAAAAAAAAAA-1,paracrine,mid,41.05,reviewed
GTAACAAAAAAAAAAA-1|GTAACAAAAAAAAAAA-1,autocrine,low,14.43,unreviewed
GTAACAAAAAAAAAAA-1|TATTAAAAAAAAAAAA-1,paracrine,high,67.97,unreviewed
GTAACAAAAAAAAAAA-1|TGGACAAAAAAAAAAA-1,paracrine,low,9.68,unreviewed
GTAACAAAAAAAAAAA-1|TTAACAAAAAAAAAAA-1,paracrine,low,15.68,unreviewed
GTAGCAAAAAAAAAAA-1|CATCCAAAAAAAAAAA-1,paracrine,high,86.75,unreviewed
GTAGCAAAAAAAAAAA-1|CTAGCAAAAAAAAAAA-1,paracrine,high,95.37,reviewed
GTAGCAAAAAAAAAAA-1|GATCCAAAAAAAAAAA-1,paracrine,high,90.16,reviewed
GTAGCAAAAAAAAAAA-1|GGGGCAAAAAAAAAAA-1,paracrine,high,70.37,unreviewed
GTAGCAAAAAAAAAAA-1|GTAGCAAAAAAAAAAA-1,autocrine,high,96.77,unreviewed
GTAGCAAAAAAAAAAA-1|TTAGCAAAAAAAAAAA-1,paracrine,mid,64.07,unreviewed
GTATAAAAAAAAAAAA-1|CTATAAAAAAAAAAAA-1,paracrine,mid,54.66,reviewed
GTATAAAAAAAAAAAA-1|GATGAAAAAAAAAAAA-1,paracrine,low,17.66,unreviewed
GTATAAAAAAAAAAAA-1|GGGTAAAAAAAAAAAA-1,paracrine,mid,34.47,unreviewed
GTATAAAAAAAAAAAA-1|GTATAAAAAAAAAAAA-1,autocrine,low,25.15,reviewed
GTATAAAAAAAAAAAA-1|TATGAAAAAAAAAAAA-1,paracrine,low,10.84,unreviewed
GTATAAAAAAAAAAAA-1|TGGTAAAAAAAAAAAA-1,paracrine,low,6.09,reviewed
GTATAAAAAAAAAAAA-1|TTATAAAAAAAAAAAA-1,paracrine,low,7.73,reviewed
GTATCAAAAAAAAAAA-1|CATGCAAAAAAAAAAA-1,paracrine,high,91.17,unreviewed
GTATCAAAAAAAAAAA-1|CGGTCAAAAAAAAAAA-1,paracrine,high,83.28,reviewed
GTATCAAAAAAAAAAA-1|CTATCAAAAAAAAAAA-1,paracrine,high,88.92,unreviewed
GTATCAAAAAAAAAAA-1|GATGCAAAAAAAAAAA-1,paracrine,high,97.02,unreviewed
GTATCAAAAAAAAAAA-1|GGGTCAAAAAAAAAAA-1,paracrine,high,69.34,unreviewed
GTATCAAAAAAAAAAA-1|GTATCAAAAAAAAAAA-1,autocrine,high,83.28,reviewed
GTATCAAAAAAAAAAA-1|TTATCAAAAAAAAAAA-1,paracrine,mid,53.41,unreviewed
GTCACAAAAAAAAAAA-1|CAAACAAAAAAAAAAA-1,paracrine,low,10.57,unreviewed
GTCACAAAAAAAAAAA-1|CGTACAAAAAAAAAAA-1,paracrine,low,9.32,unreviewed
GTCACAAAAAAAAAAA-1|CTCACAAAAAAAAAAA-1,paracrine,low,6.33,unreviewed
GTCACAAAAAAAAAAA-1|GAAACAAAAAAAAAAA-1,paracrine,low,6.52,unreviewed
GTCACAAAAAAAAAAA-1|GGTACAAAAAAAAAAA-1,paracrine,low,9.44,unreviewed
GTCACAAAAAAAAAAA-1|GTCACAAAAAAAAAAA-1,autocrine,low,5.66,reviewed
GTCACAAAAAAAAAAA-1|TTCACAAAAAAAAAAA-1,paracrine,low,13.67,unreviewed
GTCCCAAAAAAAAAAA-1|CAACCAAAAAAAAAAA-1,paracrine,low,32.55,reviewed
GTCCCAAAAAAAAAAA-1|CGTCCAAAAAAAAAAA-1,paracrine,high,71.19,unreviewed
GTCCCAAAAAAAAAAA-1|CTCCCAAAAAAAAAAA-1,paracrine,low,29.54,reviewed
GTCCCAAAAAAAAAAA-1|GAACCAAAAAAAAAAA-1,paracrine,low,19.49,reviewed
GTCCCAAAAAAAAAAA-1|GGTCCAAAAAAAAAAA-1,paracrine,mid,55.85,unreviewed
GTCCCAAAAAAAAAAA-1|GTCCCAAAAAAAAAAA-1,autocrine,mid,49.09,unreviewed
GTCCCAAAAAAAAAAA-1|TTCCCAAAAAAAAAAA-1,paracrine,high,78.08,unreviewed
GTCGAAAAAAAAAAAA-1|CTCGAAAAAAAAAAAA-1,paracrine,mid,52.28,unreviewed
GTCGAAAAAAAAAAAA-1|GAAGAAAAAAAAAAAA-1,paracrine,mid,33.4,reviewed
GTCGAAAAAAAAAAAA-1|GGTGAAAAAAAAAAAA-1,paracrine,mid,50.58,unreviewed
GTCGAAAAAAAAAAAA-1|GTCGAAAAAAAAAAAA-1,autocrine,mid,44.43,unreviewed
GTCGAAAAAAAAAAAA-1|TAAGAAAAAAAAAAAA-1,paracrine,low,12.39,reviewed
GTCGAAAAAAAAAAAA-1|TGTGAAAAAAAAAAAA-1,paracrine,low,26.16,unreviewed
GTCGAAAAAAAAAAAA-1|TTCGAAAAAAAAAAAA-1,paracrine,high,79.45,unreviewed
GTCGCAAAAAAAAAAA-1|CAAGCAAAAAAAAAAA-1,paracrine,high,94.0,reviewed
GTCGCAAAAAAAAAAA-1|CGTGCAAAAAAAAAAA-1,paracrine,mid,49.3,unreviewed
GTCGCAAAAAAAAAAA-1|CTCGCAAAAAAAAAAA-1,paracrine,high,74.94,unreviewed
GTCGCAAAAAAAAAAA-1|GAAGCAAAAAAAAAAA-1,paracrine,mid,50.58,unreviewed
GTCGCAAAAAAAAAAA-1|GTCGCAAAAAAAAAAA-1,autocrine,high,90.65,unreviewed
GTGACAAAAAAAAAAA-1|CACACAAAAAAAAAAA-1,paracrine,high,91.35,reviewed
GTGACAAAAAAAAAAA-1|CGACCAAAAAAAAAAA-1,paracrine,mid,41.99,unreviewed
GTGACAAAAAAAAAAA-1|CTGACAAAAAAAAAAA-1,paracrine,high,83.19,unreviewed
GTGACAAAAAAAAAAA-1|GACACAAAAAAAAAAA-1,paracrine,mid,65.83,unreviewed
GTGACAAAAAAAAAAA-1|GGACCAAAAAAAAAAA-1,paracrine,high,91.05,reviewed
GTGACAAAAAAAAAAA-1|GTGACAAAAAAAAAAA-1,autocrine,mid,52.62,reviewed
GTGACAAAAAAAAAAA-1|TTGACAAAAAAAAAAA-1,paracrine,mid,44.12,reviewed
GTGGAAAAAAAAAAAA-1|CGATAAAAAAAAAAAA-1,paracrine,mid,40.32,unreviewed
GTGGAAAAAAAAAAAA-1|GGATAAAAAAAAAAAA-1,paracrine,low,26.95,unreviewed
GTGGAAAAAAAAAAAA-1|GTGGAAAAAAAAAAAA-1,autocrine,low,26.83,unreviewed
GTGGAAAAAAAAAAAA-1|TTGGAAAAAAAAAAAA-1,paracrine,low,16.38,reviewed
GTGGCAAAAAAAAAAA-1|CTGGCAAAAAAAAAAA-1,paracrine,high,93.03,reviewed
GTGGCAAAAAAAAAAA-1|GACGCAAAAAAAAAAA-1,paracrine,high,76.28,unreviewed
GTGGCAAAAAAAAAAA-1|GGATCAAAAAAAAAAA-1,paracrine,high,87.09,reviewed
GTGGCAAAAAAAAAAA-1|GTGGCAAAAAAAAAAA-1,autocrine,high,73.39,unreviewed
GTGGCAAAAAAAAAAA-1|TACGCAAAAAAAAAAA-1,paracrine,low,8.5,unreviewed
GTGGCAAAAAAAAAAA-1|TGATCAAAAAAAAAAA-1,paracrine,low,10.26,unreviewed
GTGGCAAAAAAAAAAA-1|TTGGCAAAAAAAAAAA-1,paracrine,low,7.0,unreviewed
GTGTAAAAAAAAAAAA-1|CACTAAAAAAAAAAAA-1,paracrine,low,9.5,reviewed
GTGTAAAAAAAAAAAA-1|CGAACAAAAAAAAAAA-1,paracrine,low,18.64,unreviewed
GTGTAAAAAAAAAAAA-1|CTGTAAAAAAAAAAAA-1,paracrine,mid,39.59,unreviewed
GTGTAAAAAAAAAAAA-1|GACTAAAAAAAAAAAA-1,paracrine,mid,39.22,unreviewed
GTGTAAAAAAAAAAAA-1|GGAACAAAAAAAAAAA-1,paracrine,low,14.77,unreviewed
GTGTAAAAAAAAAAAA-1|GTGTAAAAAAAAAAAA-1,autocrine,low,24.94,unreviewed
GTGTAAAAAAAAAAAA-1|TTGTAAAAAAAAAAAA-1,paracrine,low,20.04,unreviewed
GTGTCAAAAAAAAAAA-1|CTGTCAAAAAAAAAAA-1,paracrine,high,79.87,unreviewed
GTGTCAAAAAAAAAAA-1|GACTCAAAAAAAAAAA-1,paracrine,high,96.77,unreviewed
GTGTCAAAAAAAAAAA-1|GTGTCAAAAAAAAAAA-1,autocrine,high,85.99,unreviewed
GTGTCAAAAAAAAAAA-1|TACTCAAAAAAAAAAA-1,paracrine,high,85.81,unreviewed
GTGTCAAAAAAAAAAA-1|TTGTCAAAAAAAAAAA-1,paracrine,high,72.08,reviewed
GTTACAAAAAAAAAAA-1|CTTACAAAAAAAAAAA-1,paracrine,mid,57.92,unreviewed
GTTACAAAAAAAAAAA-1|GAGACAAAAAAAAAAA-1,paracrine,mid,35.99,unreviewed
GTTACAAAAAAAAAAA-1|GGCCCAAAAAAAAAAA-1,paracrine,high,90.74,unreviewed
GTTACAAAAAAAAAAA-1|GTTACAAAAAAAAAAA-1,autocrine,high,77.34,unreviewed
GTTACAAAAAAAAAAA-1|TAGACAAAAAAAAAAA-1,paracrine,low,8.68,unreviewed
GTTACAAAAAAAAAAA-1|TGCCCAAAAAAAAAAA-1,paracrine,low,6.03,unreviewed
GTTACAAAAAAAAAAA-1|TTTACAAAAAAAAAAA-1,paracrine,low,16.87,reviewed
GTTCAAAAAAAAAAAA-1|CAGCAAAAAAAAAAAA-1,paracrine,low,26.49,unreviewed
GTTCAAAAAAAAAAAA-1|CGCGAAAAAAAAAAAA-1,paracrine,high,73.11,reviewed
GTTCAAAAAAAAAAAA-1|CTTCAAAAAAAAAAAA-1,paracrine,mid,41.23,unreviewed
GTTCAAAAAAAAAAAA-1|GAGCAAAAAAAAAAAA-1,paracrine,mid,35.84,unreviewed
GTTCAAAAAAAAAAAA-1|GGCGAAAAAAAAAAAA-1,paracrine,low,16.75,reviewed
GTTCAAAAAAAAAAAA-1|GTTCAAAAAAAAAAAA-1,autocrine,low,27.47,reviewed
GTTCAAAAAAAAAAAA-1|TTTCAAAAAAAAAAAA-1,paracrine,low,33.04,reviewed
GTTCCAAAAAAAAAAA-1|CTTCCAAAAAAAAAAA-1,paracrine,mid,43.33,unreviewed
GTTCCAAAAAAAAAAA-1|GAGCCAAAAAAAAAAA-1,paracrine,low,32.67,unreviewed
GTTCCAAAAAAAAAAA-1|GGCGCAAAAAAAAAAA-1,paracrine,low,10.17,reviewed
GTTCCAAAAAAAAAAA-1|GTTCCAAAAAAAAAAA-1,autocrine,low,10.96,unreviewed
GTTCCAAAAAAAAAAA-1|TAGCCAAAAAAAAAAA-1,paracrine,low,20.58,unreviewed
GTTCCAAAAAAAAAAA-1|TGCGCAAAAAAAAAAA-1,paracrine,low,20.77,unreviewed
GTTCCAAAAAAAAAAA-1|TTTCCAAAAAAAAAAA-1,paracrine,low,8.8,unreviewed
TAAACAAAAAAAAAAA-1|AAGACAAAAAAAAAAA-1,paracrine,mid,42.54,reviewed
TAAACAAAAAAAAAAA-1|ACAACAAAAAAAAAAA-1,paracrine,high,71.68,unreviewed
TAAACAAAAAAAAAAA-1|AGGTAAAAAAAAAAAA-1,paracrine,mid,55.24,reviewed
TAAACAAAAAAAAAAA-1|GAAACAAAAAAAAAAA-1,paracrine,mid,41.23,unreviewed
TAAACAAAAAAAAAAA-1|TAAACAAAAAAAAAAA-1,autocrine,mid,51.28,unreviewed
TAAACAAAAAAAAAAA-1|TCGTAAAAAAAAAAAA-1,paracrine,high,67.05,reviewed
TAAACAAAAAAAAAAA-1|TTCACAAAAAAAAAAA-1,paracrine,high,85.9,reviewed
TAAAGAAAAAAAAAAA-1|ACAAGAAAAAAAAAAA-1,paracrine,mid,35.57,unreviewed
TAAAGAAAAAAAAAAA-1|GCGTCAAAAAAAAAAA-1,paracrine,low,0.97,unreviewed
TAAAGAAAAAAAAAAA-1|TAAAGAAAAAAAAAAA-1,autocrine,high,75.33,reviewed
TAAAGAAAAAAAAAAA-1|TCGTCAAAAAAAAAAA-1,paracrine,high,72.32,unreviewed
TAACCAAAAAAAAAAA-1|AAGCCAAAAAAAAAAA-1,paracrine,high,78.29,unreviewed
TAACCAAAAAAAAAAA-1|ACACCAAAAAAAAAAA-1,paracrine,low,2.56,reviewed
TAACCAAAAAAAAAAA-1|AGGACAAAAAAAAAAA-1,paracrine,high,83.68,unreviewed
TAACCAAAAAAAAAAA-1|GAACCAAAAAAAAAAA-1,paracrine,mid,61.21,reviewed
TAACCAAAAAAAAAAA-1|TAACCAAAAAAAAAAA-1,autocrine,mid,65.07,reviewed
TAACCAAAAAAAAAAA-1|TCGACAAAAAAAAAAA-1,paracrine,high,88.25,unreviewed
TAACCAAAAAAAAAAA-1|TTCCCAAAAAAAAAAA-1,paracrine,high,98.17,unreviewed
TAAGAAAAAAAAAAAA-1|GAAGAAAAAAAAAAAA-1,paracrine,mid,45.01,unreviewed
TAAGAAAAAAAAAAAA-1|GTCGAAAAAAAAAAAA-1,paracrine,mid,55.3,reviewed
TAAGAAAAAAAAAAAA-1|TAAGAAAAAAAAAAAA-1,autocrine,low,17.75,unreviewed
TAAGAAAAAAAAAAAA-1|TTCGAAAAAAAAAAAA-1,paracrine,high,84.71,unreviewed
TAAGCAAAAAAAAAAA-1|GAAGCAAAAAAAAAAA-1,paracrine,mid,45.19,reviewed
TAAGCAAAAAAAAAAA-1|TAAGCAAAAAAAAAAA-1,autocrine,low,24.7,reviewed
TAAGCAAAAAAAAAAA-1|TCGCCAAAAAAAAAAA-1,paracrine,low,26.16,unreviewed
TACACAAAAAAAAAAA-1|GACACAAAAAAAAAAA-1,paracrine,mid,48.23,reviewed
TACACAAAAAAAAAAA-1|TACACAAAAAAAAAAA-1,autocrine,mid,37.61,unreviewed
TACACAAAAAAAAAAA-1|TCTTAAAAAAAAAAAA-1,paracrine,mid,37.7,reviewed
TACACAAAAAAAAAAA-1|TTGACAAAAAAAAAAA-1,paracrine,low,25.88,unreviewed
TACGAAAAAAAAAAAA-1|AATGAAAAAAAAAAAA-1,paracrine,mid,51.89,unreviewed
TACGAAAAAAAAAAAA-1|ACCGAAAAAAAAAAAA-1,paracrine,high,70.58,unreviewed
TACGAAAAAAAAAAAA-1|AGTCAAAAAAAAAAAA-1,paracrine,mid,60.66,reviewed
TACGAAAAAAAAAAAA-1|TACGAAAAAAAAAAAA-1,autocrine,low,29.6,unreviewed
TACGAAAAAAAAAAAA-1|TTGGAAAAAAAAAAAA-1,paracrine,mid,43.88,reviewed
TACGCAAAAAAAAAAA-1|ACCGCAAAAAAAAAAA-1,paracrine,high,72.96,reviewed
TACGCAAAAAAAAAAA-1|GACGCAAAAAAAAAAA-1,paracrine,low,0.12,unreviewed
TACGCAAAAAAAAAAA-1|GCTCCAAAAAAAAAAA-1,paracrine,low,0.43,unreviewed
TACGCAAAAAAAAAAA-1|GTGGCAAAAAAAAAAA-1,paracrine,low,0.06,unreviewed
TACGCAAAAAAAAAAA-1|TACGCAAAAAAAAAAA-1,autocrine,high,80.88,unreviewed
TACGCAAAAAAAAAAA-1|TCTCCAAAAAAAAAAA-1,paracrine,mid,63.89,unreviewed
TACGCAAAAAAAAAAA-1|TTGGCAAAAAAAAAAA-1,paracrine,high,92.87,unreviewed
TACTAAAAAAAAAAAA-1|AATTAAAAAAAAAAAA-1,paracrine,mid,50.37,reviewed
TACTAAAAAAAAAAAA-1|ACCTAAAAAAAAAAAA-1,paracrine,low,4.69,reviewed
TACTAAAAAAAAAAAA-1|AGTGAAAAAAAAAAAA-1,paracrine,high,68.51,reviewed
TACTAAAAAAAAAAAA-1|GACTAAAAAAAAAAAA-1,paracrine,high,73.23,reviewed
TACTAAAAAAAAAAAA-1|TACTAAAAAAAAAAAA-1,autocrine,low,30.36,unreviewed
TACTAAAAAAAAAAAA-1|TCTGAAAAAAAAAAAA-1,paracrine,mid,59.81,unreviewed
TACTAAAAAAAAAAAA-1|TTGTAAAAAAAAAAAA-1,paracrine,mid,45.83,reviewed
TACTCAAAAAAAAAAA-1|ACCTCAAAAAAAAAAA-1,paracrine,high,90.41,reviewed
TACTCAAAAAAAAAAA-1|GACTCAAAAAAAAAAA-1,paracrine,high,95.22,unreviewed
TACTCAAAAAAAAAAA-1|GCTGCAAAAAAAAAAA-1,paracrine,high,94.52,reviewed
TACTCAAAAAAAAAAA-1|GTGTCAAAAAAAAAAA-1,paracrine,high,82.76,unreviewed
TACTCAAAAAAAAAAA-1|TACTCAAAAAAAAAAA-1,autocrine,high,84.59,unreviewed
TACTCAAAAAAAAAAA-1|TCTGCAAAAAAAAAAA-1,paracrine,high,87.7,unreviewed
TACTCAAAAAAAAAAA-1|TTGTCAAAAAAAAAAA-1,paracrine,high,73.39,unreviewed
TAGACAAAAAAAAAAA-1|ACGACAAAAAAAAAAA-1,paracrine,high,88.37,reviewed
TAGACAAAAAAAAAAA-1|GAGACAAAAAAAAAAA-1,paracrine,low,0.91,unreviewed
TAGACAAAAAAAAAAA-1|GCAACAAAAAAAAAAA-1,paracrine,low,1.83,unreviewed
TAGACAAAAAAAAAAA-1|GTTACAAAAAAAAAAA-1,paracrine,low,1.71,unreviewed
TAGACAAAAAAAAAAA-1|TAGACAAAAAAAAAAA-1,autocrine,high,91.93,unreviewed
TAGACAAAAAAAAAAA-1|TCAACAAAAAAAAAAA-1,paracrine,high,99.21,unreviewed
TAGACAAAAAAAAAAA-1|TTTACAAAAAAAAAAA-1,paracrine,high,91.11,unreviewed
TAGCAAAAAAAAAAAA-1|AAAGAAAAAAAAAAAA-1,paracrine,high,76.28,reviewed
TAGCAAAAAAAAAAAA-1|ACGCAAAAAAAAAAAA-1,paracrine,low,3.53,unreviewed
TAGCAAAAAAAAAAAA-1|GAGCAAAAAAAAAAAA-1,paracrine,mid,35.99,unreviewed
TAGCAAAAAAAAAAAA-1|TAGCAAAAAAAAAAAA-1,autocrine,low,32.55,unreviewed
TAGCAAAAAAAAAAAA-1|TTTCAAAAAAAAAAAA-1,paracrine,mid,34.38,unreviewed
TAGCCAAAAAAAAAAA-1|ACGCCAAAAAAAAAAA-1,paracrine,low,19.67,unreviewed
TAGCCAAAAAAAAAAA-1|GAGCCAAAAAAAAAAA-1,paracrine,mid,48.02,reviewed
TAGCCAAAAAAAAAAA-1|GCACCAAAAAAAAAAA-1,paracrine,mid,46.13,unreviewed
TAGCCAAAAAAAAAAA-1|GTTCCAAAAAAAAAAA-1,paracrine,low,21.01,unreviewed
TAGCCAAAAAAAAAAA-1|TAGCCAAAAAAAAAAA-1,autocrine,mid,47.26,unreviewed
TAGCCAAAAAAAAAAA-1|TCACCAAAAAAAAAAA-1,paracrine,mid,46.44,reviewed
TAGCCAAAAAAAAAAA-1|TTTCCAAAAAAAAAAA-1,paracrine,low,20.89,unreviewed
TATCCAAAAAAAAAAA-1|AACGCAAAAAAAAAAA-1,paracrine,low,30.6,unreviewed
TATCCAAAAAAAAAAA-1|ACTCCAAAAAAAAAAA-1,paracrine,mid,49.67,unreviewed
TATCCAAAAAAAAAAA-1|AGCCCAAAAAAAAAAA-1,paracrine,mid,56.52,reviewed
TATCCAAAAAAAAAAA-1|GATCCAAAAAAAAAAA-1,paracrine,high,67.11,reviewed
TATCCAAAAAAAAAAA-1|TATCCAAAAAAAAAAA-1,autocrine,high,68.64,unreviewed
TATCCAAAAAAAAAAA-1|TCCCCAAAAAAAAAAA-1,paracrine,low,13.95,unreviewed
TATCCAAAAAAAAAAA-1|TTAGCAAAAAAAAAAA-1,paracrine,low,26.67,unreviewed
TATGAAAAAAAAAAAA-1|ACTGAAAAAAAAAAAA-1,paracrine,high,74.33,unreviewed
TATGAAAAAAAAAAAA-1|GATGAAAAAAAAAAAA-1,paracrine,low,0.79,unreviewed
TATGAAAAAAAAAAAA-1|GCCGAAAAAAAAAAAA-1,paracrine,low,0.67,unreviewed
TATGAAAAAAAAAAAA-1|GTATAAAAAAAAAAAA-1,paracrine,low,0.3,reviewed
TATGAAAAAAAAAAAA-1|TATGAAAAAAAAAAAA-1,autocrine,high,80.45,unreviewed
TATGAAAAAAAAAAAA-1|TCCGAAAAAAAAAAAA-1,paracrine,mid,55.39,reviewed
TATGAAAAAAAAAAAA-1|TTATAAAAAAAAAAAA-1,paracrine,mid,45.62,unreviewed
TATGCAAAAAAAAAAA-1|AACTCAAAAAAAAAAA-1,paracrine,low,25.06,reviewed
TATGCAAAAAAAAAAA-1|ACTGCAAAAAAAAAAA-1,paracrine,low,2.5,unreviewed
TATGCAAAAAAAAAAA-1|AGCGCAAAAAAAAAAA-1,paracrine,low,11.02,unreviewed
TATGCAAAAAAAAAAA-1|GATGCAAAAAAAAAAA-1,paracrine,high,79.35,unreviewed
TATGCAAAAAAAAAAA-1|TATGCAAAAAAAAAAA-1,autocrine,high,80.15,unreviewed
TATGCAAAAAAAAAAA-1|TCCGCAAAAAAAAAAA-1,paracrine,mid,53.81,unreviewed
TATGCAAAAAAAAAAA-1|TTATCAAAAAAAAAAA-1,paracrine,low,25.49,unreviewed
TATTAAAAAAAAAAAA-1|ACTTAAAAAAAAAAAA-1,paracrine,mid,36.24,reviewed
TATTAAAAAAAAAAAA-1|GATTAAAAAAAAAAAA-1,paracrine,mid,63.37,unreviewed
TATTAAAAAAAAAAAA-1|GCCTAAAAAAAAAAAA-1,paracrine,high,81.43,reviewed
TATTAAAAAAAAAAAA-1|GTAACAAAAAAAAAAA-1,paracrine,mid,51.74,unreviewed
TATTAAAAAAAAAAAA-1|TATTAAAAAAAAAAAA-1,autocrine,high,87.76,reviewed
TATTAAAAAAAAAAAA-1|TCCTAAAAAAAAAAAA-1,paracrine,mid,64.65,unreviewed
TATTAAAAAAAAAAAA-1|TTAACAAAAAAAAAAA-1,paracrine,low,30.48,reviewed
TCAACAAAAAAAAAAA-1|ACGACAAAAAAAAAAA-1,paracrine,low,27.62,reviewed
TCAACAAAAAAAAAAA-1|AGAACAAAAAAAAAAA-1,paracrine,mid,38.95,unreviewed
TCAACAAAAAAAAAAA-1|ATGTAAAAAAAAAAAA-1,paracrine,mid,49.0,unreviewed
TCAACAAAAAAAAAAA-1|GCAACAAAAAAAAAAA-1,paracrine,low,0.73,unreviewed
TCAACAAAAAAAAAAA-1|TAGACAAAAAAAAAAA-1,paracrine,mid,37.0,unreviewed
TCAACAAAAAAAAAAA-1|TCAACAAAAAAAAAAA-1,autocrine,mid,55.51,unreviewed
TCAACAAAAAAAAAAA-1|TGGTAAAAAAAAAAAA-1,paracrine,low,16.38,reviewed
TCAAGAAAAAAAAAAA-1|AGAAGAAAAAAAAAAA-1,paracrine,high,67.17,unreviewed
TCAAGAAAAAAAAAAA-1|GCAAGAAAAAAAAAAA-1,paracrine,high,80.82,reviewed
TCAAGAAAAAAAAAAA-1|GGGTCAAAAAAAAAAA-1,paracrine,high,88.98,unreviewed
TCAAGAAAAAAAAAAA-1|TCAAGAAAAAAAAAAA-1,autocrine,high,70.16,reviewed
TCAAGAAAAAAAAAAA-1|TGGTCAAAAAAAAAAA-1,paracrine,low,19.06,unreviewed
TCACCAAAAAAAAAAA-1|ACGCCAAAAAAAAAAA-1,paracrine,low,24.0,reviewed
TCACCAAAAAAAAAAA-1|AGACCAAAAAAAAAAA-1,paracrine,mid,54.42,unreviewed
TCACCAAAAAAAAAAA-1|ATGACAAAAAAAAAAA-1,paracrine,mid,63.58,reviewed
TCACCAAAAAAAAAAA-1|GCACCAAAAAAAAAAA-1,paracrine,mid,65.07,reviewed
TCACCAAAAAAAAAAA-1|TAGCCAAAAAAAAAAA-1,paracrine,high,71.19,unreviewed
TCACCAAAAAAAAAAA-1|TCACCAAAAAAAAAAA-1,autocrine,mid,49.67,unreviewed
TCACCAAAAAAAAAAA-1|TGGACAAAAAAAAAAA-1,paracrine,low,17.11,reviewed
TCATCAAAAAAAAAAA-1|AGATCAAAAAAAAAAA-1,paracrine,low,11.75,reviewed
TCATCAAAAAAAAAAA-1|GGGGCAAAAAAAAAAA-1,paracrine,low,12.61,reviewed
TCATCAAAAAAAAAAA-1|TCATCAAAAAAAAAAA-1,autocrine,low,13.31,reviewed
TCATCAAAAAAAAAAA-1|TGGGCAAAAAAAAAAA-1,paracrine,low,21.41,reviewed
TCCCCAAAAAAAAAAA-1|AGCCCAAAAAAAAAAA-1,paracrine,high,69.15,unreviewed
TCCCCAAAAAAAAAAA-1|GATCCAAAAAAAAAAA-1,paracrine,high,81.73,unreviewed
TCCCCAAAAAAAAAAA-1|GCCCCAAAAAAAAAAA-1,paracrine,high,67.87,reviewed
TCCCCAAAAAAAAAAA-1|GGTACAAAAAAAAAAA-1,paracrine,high,71.56,unreviewed
TCCCCAAAAAAAAAAA-1|TATCCAAAAAAAAAAA-1,paracrine,high,79.29,unreviewed
TCCCCAAAAAAAAAAA-1|TCCCCAAAAAAAAAAA-1,autocrine,low,19.85,reviewed
TCCCCAAAAAAAAAAA-1|TGTACAAAAAAAAAAA-1,paracrine,low,29.08,reviewed
TCCGAAAAAAAAAAAA-1|ACTGAAAAAAAAAAAA-1,paracrine,mid,43.45,unreviewed
TCCGAAAAAAAAAAAA-1|AGCGAAAAAAAAAAAA-1,paracrine,mid,62.7,unreviewed
TCCGAAAAAAAAAAAA-1|ATTCAAAAAAAAAAAA-1,paracrine,mid,40.99,unreviewed
TCCGAAAAAAAAAAAA-1|GCCGAAAAAAAAAAAA-1,paracrine,low,0.55,unreviewed
TCCGAAAAAAAAAAAA-1|TATGAAAAAAAAAAAA-1,paracrine,mid,52.44,reviewed
TCCGAAAAAAAAAAAA-1|TCCGAAAAAAAAAAAA-1,autocrine,low,26.16,unreviewed
TCCGAAAAAAAAAAAA-1|TGTCAAAAAAAAAAAA-1,paracrine,mid,65.74,reviewed
TCCGCAAAAAAAAAAA-1|AGCGCAAAAAAAAAAA-1,paracrine,low,19.61,unreviewed
TCCGCAAAAAAAAAAA-1|GATGCAAAAAAAAAAA-1,paracrine,high,94.4,unreviewed
TCCGCAAAAAAAAAAA-1|GCCGCAAAAAAAAAAA-1,paracrine,high,85.32,unreviewed
TCCGCAAAAAAAAAAA-1|GGTCCAAAAAAAAAAA-1,paracrine,high,81.85,unreviewed
TCCGCAAAAAAAAAAA-1|TATGCAAAAAAAAAAA-1,paracrine,high,92.81,reviewed
TCCGCAAAAAAAAAAA-1|TCCGCAAAAAAAAAAA-1,autocrine,high,76.77,unreviewed
TCCGCAAAAAAAAAAA-1|TGTCCAAAAAAAAAAA-1,paracrine,mid,49.0,unreviewed
TCCTAAAAAAAAAAAA-1|ACTTAAAAAAAAAAAA-1,paracrine,mid,60.81,unreviewed
TCCTAAAAAAAAAAAA-1|AGCTAAAAAAAAAAAA-1,paracrine,mid,56.88,unreviewed
TCCTAAAAAAAAAAAA-1|ATTGAAAAAAAAAAAA-1,paracrine,high,93.42,unreviewed
TCCTAAAAAAAAAAAA-1|GCCTAAAAAAAAAAAA-1,paracrine,high,93.03,reviewed
TCCTAAAAAAAAAAAA-1|TATTAAAAAAAAAAAA-1,paracrine,high,96.89,unreviewed
TCCTAAAAAAAAAAAA-1|TCCTAAAAAAAAAAAA-1,autocrine,high,78.14,unreviewed
TCCTAAAAAAAAAAAA-1|TGTGAAAAAAAAAAAA-1,paracrine,high,69.82,reviewed
TCGACAAAAAAAAAAA-1|AGGACAAAAAAAAAAA-1,paracrine,high,78.81,unreviewed
TCGACAAAAAAAAAAA-1|GAACCAAAAAAAAAAA-1,paracrine,mid,55.39,reviewed
TCGACAAAAAAAAAAA-1|GCGACAAAAAAAAAAA-1,paracrine,mid,60.2,unreviewed
TCGACAAAAAAAAAAA-1|GGAACAAAAAAAAAAA-1,paracrine,mid,62.85,reviewed
TCGACAAAAAAAAAAA-1|TAACCAAAAAAAAAAA-1,paracrine,mid,57.43,unreviewed
TCGACAAAAAAAAAAA-1|TCGACAAAAAAAAAAA-1,autocrine,high,85.2,reviewed
TCGACAAAAAAAAAAA-1|TGAACAAAAAAAAAAA-1,paracrine,high,85.75,reviewed
TCGCCAAAAAAAAAAA-1|GAAGCAAAAAAAAAAA-1,paracrine,high,74.94,unreviewed
TCGCCAAAAAAAAAAA-1|GCGCCAAAAAAAAAAA-1,paracrine,high,92.2,reviewed
TCGCCAAAAAAAAAAA-1|GGACCAAAAAAAAAAA-1,paracrine,high,98.54,reviewed
TCGCCAAAAAAAAAAA-1|TAAGCAAAAAAAAAAA-1,paracrine,mid,61.33,unreviewed
TCGCCAAAAAAAAAAA-1|TCGCCAAAAAAAAAAA-1,autocrine,mid,49.3,reviewed
TCGCCAAAAAAAAAAA-1|TGACCAAAAAAAAAAA-1,paracrine,mid,46.65,unreviewed
TCGTAAAAAAAAAAAA-1|AGGTAAAAAAAAAAAA-1,paracrine,mid,50.18,unreviewed
TCGTAAAAAAAAAAAA-1|GAAACAAAAAAAAAAA-1,paracrine,low,30.91,unreviewed
TCGTAAAAAAAAAAAA-1|GCGTAAAAAAAAAAAA-1,paracrine,mid,34.56,unreviewed
TCGTAAAAAAAAAAAA-1|GGATAAAAAAAAAAAA-1,paracrine,mid,60.72,unreviewed
TCGTAAAAAAAAAAAA-1|TAAACAAAAAAAAAAA-1,paracrine,high,69.61,unreviewed
TCGTAAAAAAAAAAAA-1|TCGTAAAAAAAAAAAA-1,autocrine,high,77.83,reviewed
TCGTAAAAAAAAAAAA-1|TGATAAAAAAAAAAAA-1,paracrine,mid,56.21,reviewed
TCGTCAAAAAAAAAAA-1|ACAAGAAAAAAAAAAA-1,paracrine,low,21.86,unreviewed
TCGTCAAAAAAAAAAA-1|AGGTCAAAAAAAAAAA-1,paracrine,mid,58.68,unreviewed
TCGTCAAAAAAAAAAA-1|ATATCAAAAAAAAAAA-1,paracrine,mid,45.83,unreviewed
TCGTCAAAAAAAAAAA-1|GCGTCAAAAAAAAAAA-1,paracrine,low,0.61,reviewed
TCGTCAAAAAAAAAAA-1|TAAAGAAAAAAAAAAA-1,paracrine,mid,59.1,reviewed
TCGTCAAAAAAAAAAA-1|TCGTCAAAAAAAAAAA-1,autocrine,mid,53.23,unreviewed
TCGTCAAAAAAAAAAA-1|TGATCAAAAAAAAAAA-1,paracrine,high,80.72,unreviewed
TCTCCAAAAAAAAAAA-1|ACCGCAAAAAAAAAAA-1,paracrine,mid,44.28,unreviewed
TCTCCAAAAAAAAAAA-1|AGTCCAAAAAAAAAAA-1,paracrine,mid,61.94,reviewed
TCTCCAAAAAAAAAAA-1|ATCCCAAAAAAAAAAA-1,paracrine,high,86.91,unreviewed
TCTCCAAAAAAAAAAA-1|GCTCCAAAAAAAAAAA-1,paracrine,low,1.22,unreviewed
TCTCCAAAAAAAAAAA-1|TACGCAAAAAAAAAAA-1,paracrine,mid,56.52,unreviewed
TCTCCAAAAAAAAAAA-1|TCTCCAAAAAAAAAAA-1,autocrine,mid,39.4,reviewed
TCTCCAAAAAAAAAAA-1|TGCCCAAAAAAAAAAA-1,paracrine,mid,59.93,unreviewed
TCTGAAAAAAAAAAAA-1|AGTGAAAAAAAAAAAA-1,paracrine,high,95.55,unreviewed
TCTGAAAAAAAAAAAA-1|GACTAAAAAAAAAAAA-1,paracrine,high,96.95,unreviewed
TCTGAAAAAAAAAAAA-1|GCTGAAAAAAAAAAAA-1,paracrine,high,95.89,unreviewed
TCTGAAAAAAAAAAAA-1|GGCGAAAAAAAAAAAA-1,paracrine,mid,54.2,unreviewed
TCTGAAAAAAAAAAAA-1|TACTAAAAAAAAAAAA-1,paracrine,high,71.86,unreviewed
TCTGAAAAAAAAAAAA-1|TCTGAAAAAAAAAAAA-1,autocrine,high,90.56,unreviewed
TCTGAAAAAAAAAAAA-1|TGCGAAAAAAAAAAAA-1,paracrine,high,97.69,unreviewed
TCTGCAAAAAAAAAAA-1|ACCTCAAAAAAAAAAA-1,paracrine,high,98.48,reviewed
TCTGCAAAAAAAAAAA-1|AGTGCAAAAAAAAAAA-1,paracrine,mid,63.37,reviewed
TCTGCAAAAAAAAAAA-1|ATCGCAAAAAAAAAAA-1,paracrine,high,97.56,unreviewed
TCTGCAAAAAAAAAAA-1|GCTGCAAAAAAAAAAA-1,paracrine,high,98.9,reviewed
TCTGCAAAAAAAAAAA-1|TACTCAAAAAAAAAAA-1,paracrine,high,96.65,unreviewed
TCTGCAAAAAAAAAAA-1|TCTGCAAAAAAAAAAA-1,autocrine,high,97.99,unreviewed
TCTGCAAAAAAAAAAA-1|TGCGCAAAAAAAAAAA-1,paracrine,high,93.7,reviewed
TCTTAAAAAAAAAAAA-1|GACACAAAAAAAAAAA-1,paracrine,high,85.51,reviewed
TCTTAAAAAAAAAAAA-1|GCTTAAAAAAAAAAAA-1,paracrine,high,95.8,unreviewed
TCTTAAAAAAAAAAAA-1|GGCTAAAAAAAAAAAA-1,paracrine,high,71.32,unreviewed
TCTTAAAAAAAAAAAA-1|TACACAAAAAAAAAAA-1,paracrine,high,75.73,reviewed
TCTTAAAAAAAAAAAA-1|TCTTAAAAAAAAAAAA-1,autocrine,high,70.92,reviewed
TGAACAAAAAAAAAAA-1|AATTAAAAAAAAAAAA-1,paracrine,high,78.2,unreviewed
TGAACAAAAAAAAAAA-1|AGGACAAAAAAAAAAA-1,paracrine,high,81.3,unreviewed
TGAACAAAAAAAAAAA-1|ATAACAAAAAAAAAAA-1,paracrine,low,2.04,unreviewed
TGAACAAAAAAAAAAA-1|GGAACAAAAAAAAAAA-1,paracrine,high,72.59,reviewed
TGAACAAAAAAAAAAA-1|TCGACAAAAAAAAAAA-1,paracrine,high,88.49,reviewed
TGAACAAAAAAAAAAA-1|TGAACAAAAAAAAAAA-1,autocrine,high,90.07,reviewed
TGAACAAAAAAAAAAA-1|TTGTAAAAAAAAAAAA-1,paracrine,high,77.22,unreviewed
TGACCAAAAAAAAAAA-1|GGACCAAAAAAAAAAA-1,paracrine,high,99.33,reviewed
TGACCAAAAAAAAAAA-1|TCGCCAAAAAAAAAAA-1,paracrine,mid,56.82,unreviewed
TGACCAAAAAAAAAAA-1|TGACCAAAAAAAAAAA-1,autocrine,mid,53.41,reviewed
TGACCAAAAAAAAAAA-1|TTGACAAAAAAAAAAA-1,paracrine,high,76.61,unreviewed
TGATAAAAAAAAAAAA-1|AATGAAAAAAAAAAAA-1,paracrine,mid,54.84,unreviewed
TGATAAAAAAAAAAAA-1|AGGTAAAAAAAAAAAA-1,paracrine,mid,63.25,reviewed
TGATAAAAAAAAAAAA-1|ATATAAAAAAAAAAAA-1,paracrine,high,80.02,unreviewed
TGATAAAAAAAAAAAA-1|GGATAAAAAAAAAAAA-1,paracrine,mid,62.09,reviewed
TGATAAAAAAAAAAAA-1|TCGTAAAAAAAAAAAA-1,paracrine,high,79.11,unreviewed
TGATAAAAAAAAAAAA-1|TGATAAAAAAAAAAAA-1,autocrine,high,67.75,unreviewed
TGATAAAAAAAAAAAA-1|TTGGAAAAAAAAAAAA-1,paracrine,mid,44.34,unreviewed
TGATCAAAAAAAAAAA-1|ATATCAAAAAAAAAAA-1,paracrine,low,23.54,unreviewed
TGATCAAAAAAAAAAA-1|GCGTCAAAAAAAAAAA-1,paracrine,low,1.34,reviewed
TGATCAAAAAAAAAAA-1|GGATCAAAAAAAAAAA-1,paracrine,low,2.13,reviewed
TGATCAAAAAAAAAAA-1|GTGGCAAAAAAAAAAA-1,paracrine,low,0.37,unreviewed
TGATCAAAAAAAAAAA-1|TCGTCAAAAAAAAAAA-1,paracrine,mid,34.65,reviewed
TGATCAAAAAAAAAAA-1|TGATCAAAAAAAAAAA-1,autocrine,mid,52.44,unreviewed
TGATCAAAAAAAAAAA-1|TTGGCAAAAAAAAAAA-1,paracrine,mid,55.66,reviewed
TGCCCAAAAAAAAAAA-1|ATCCCAAAAAAAAAAA-1,paracrine,high,97.75,unreviewed
TGCCCAAAAAAAAAAA-1|GCTCCAAAAAAAAAAA-1,paracrine,low,2.28,reviewed
TGCCCAAAAAAAAAAA-1|GGCCCAAAAAAAAAAA-1,paracrine,low,1.04,unreviewed
TGCCCAAAAAAAAAAA-1|GTTACAAAAAAAAAAA-1,paracrine,low,1.64,reviewed
TGCCCAAAAAAAAAAA-1|TCTCCAAAAAAAAAAA-1,paracrine,high,70.16,reviewed
TGCCCAAAAAAAAAAA-1|TGCCCAAAAAAAAAAA-1,autocrine,high,85.02,unreviewed
TGCCCAAAAAAAAAAA-1|TTTACAAAAAAAAAAA-1,paracrine,high,78.87,unreviewed
TGCGAAAAAAAAAAAA-1|AAAGAAAAAAAAAAAA-1,paracrine,high,99.7,unreviewed
TGCGAAAAAAAAAAAA-1|AGTGAAAAAAAAAAAA-1,paracrine,high,98.11,reviewed
TGCGAAAAAAAAAAAA-1|ATCGAAAAAAAAAAAA-1,paracrine,low,3.59,unreviewed
TGCGAAAAAAAAAAAA-1|GGCGAAAAAAAAAAAA-1,paracrine,high,66.93,unreviewed
TGCGAAAAAAAAAAAA-1|TCTGAAAAAAAAAAAA-1,paracrine,high,95.68,unreviewed
TGCGAAAAAAAAAAAA-1|TGCGAAAAAAAAAAAA-1,autocrine,high,99.03,unreviewed
TGCGAAAAAAAAAAAA-1|TTTCAAAAAAAAAAAA-1,paracrine,high,88.19,unreviewed
TGCGCAAAAAAAAAAA-1|ATCGCAAAAAAAAAAA-1,paracrine,high,73.39,unreviewed
TGCGCAAAAAAAAAAA-1|GCTGCAAAAAAAAAAA-1,paracrine,high,74.67,unreviewed
TGCGCAAAAAAAAAAA-1|GGCGCAAAAAAAAAAA-1,paracrine,low,31.94,unreviewed
TGCGCAAAAAAAAAAA-1|GTTCCAAAAAAAAAAA-1,paracrine,low,30.02,unreviewed
TGCGCAAAAAAAAAAA-1|TCTGCAAAAAAAAAAA-1,paracrine,high,72.96,reviewed
TGCGCAAAAAAAAAAA-1|TGCGCAAAAAAAAAAA-1,autocrine,mid,55.09,reviewed
TGCGCAAAAAAAAAAA-1|TTTCCAAAAAAAAAAA-1,paracrine,low,26.83,unreviewed
TGGACAAAAAAAAAAA-1|ATGACAAAAAAAAAAA-1,paracrine,mid,54.75,reviewed
TGGACAAAAAAAAAAA-1|GCACCAAAAAAAAAAA-1,paracrine,mid,57.58,reviewed
TGGACAAAAAAAAAAA-1|GGGACAAAAAAAAAAA-1,paracrine,high,67.66,reviewed
TGGACAAAAAAAAAAA-1|GTAACAAAAAAAAAAA-1,paracrine,low,28.47,unreviewed
TGGACAAAAAAAAAAA-1|TCACCAAAAAAAAAAA-1,paracrine,mid,45.83,reviewed
TGGACAAAAAAAAAAA-1|TGGACAAAAAAAAAAA-1,autocrine,low,16.53,unreviewed
TGGACAAAAAAAAAAA-1|TTAACAAAAAAAAAAA-1,paracrine,low,32.8,unreviewed
TGGGCAAAAAAAAAAA-1|AACGCAAAAAAAAAAA-1,paracrine,low,7.06,unreviewed
TGGGCAAAAAAAAAAA-1|AGATCAAAAAAAAAAA-1,paracrine,low,7.8,unreviewed
TGGGCAAAAAAAAAAA-1|ATGGCAAAAAAAAAAA-1,paracrine,low,11.18,reviewed
TGGGCAAAAAAAAAAA-1|GGGGCAAAAAAAAAAA-1,paracrine,low,8.22,unreviewed
TGGGCAAAAAAAAAAA-1|TCATCAAAAAAAAAAA-1,paracrine,low,8.59,unreviewed
TGGGCAAAAAAAAAAA-1|TGGGCAAAAAAAAAAA-1,autocrine,low,13.67,reviewed
TGGGCAAAAAAAAAAA-1|TTAGCAAAAAAAAAAA-1,paracrine,low,7.19,unreviewed
TGGTAAAAAAAAAAAA-1|ATGTAAAAAAAAAAAA-1,paracrine,high,73.75,reviewed
TGGTAAAAAAAAAAAA-1|GCAACAAAAAAAAAAA-1,paracrine,low,0.85,reviewed
TGGTAAAAAAAAAAAA-1|GGGTAAAAAAAAAAAA-1,paracrine,low,1.1,reviewed
TGGTAAAAAAAAAAAA-1|GTATAAAAAAAAAAAA-1,paracrine,low,0.49,unreviewed
TGGTAAAAAAAAAAAA-1|TCAACAAAAAAAAAAA-1,paracrine,high,77.89,unreviewed
TGGTAAAAAAAAAAAA-1|TGGTAAAAAAAAAAAA-1,autocrine,low,23.14,reviewed
TGGTAAAAAAAAAAAA-1|TTATAAAAAAAAAAAA-1,paracrine,low,20.49,reviewed
TGGTCAAAAAAAAAAA-1|AACTCAAAAAAAAAAA-1,paracrine,low,29.78,reviewed
TGGTCAAAAAAAAAAA-1|AGAAGAAAAAAAAAAA-1,paracrine,low,27.8,reviewed
TGGTCAAAAAAAAAAA-1|ATGTCAAAAAAAAAAA-1,paracrine,low,2.38,unreviewed
TGGTCAAAAAAAAAAA-1|GGGTCAAAAAAAAAAA-1,paracrine,mid,59.38,unreviewed
TGGTCAAAAAAAAAAA-1|TCAAGAAAAAAAAAAA-1,paracrine,low,26.37,unreviewed
TGGTCAAAAAAAAAAA-1|TGGTCAAAAAAAAAAA-1,autocrine,low,8.68,reviewed
TGGTCAAAAAAAAAAA-1|TTATCAAAAAAAAAAA-1,paracrine,mid,42.54,reviewed
TGTACAAAAAAAAAAA-1|AAGACAAAAAAAAAAA-1,paracrine,low,21.13,unreviewed
TGTACAAAAAAAAAAA-1|AGCCCAAAAAAAAAAA-1,paracrine,mid,43.45,unreviewed
TGTACAAAAAAAAAAA-1|ATTACAAAAAAAAAAA-1,paracrine,low,22.17,unreviewed
TGTACAAAAAAAAAAA-1|GGTACAAAAAAAAAAA-1,paracrine,mid,41.23,unreviewed
TGTACAAAAAAAAAAA-1|TCCCCAAAAAAAAAAA-1,paracrine,low,11.88,unreviewed
TGTACAAAAAAAAAAA-1|TGTACAAAAAAAAAAA-1,autocrine,low,14.01,unreviewed
TGTACAAAAAAAAAAA-1|TTCACAAAAAAAAAAA-1,paracrine,mid,63.98,unreviewed
TGTCAAAAAAAAAAAA-1|ATTCAAAAAAAAAAAA-1,paracrine,high,72.72,unreviewed
TGTCAAAAAAAAAAAA-1|GCCGAAAAAAAAAAAA-1,paracrine,low,2.98,unreviewed
TGTCAAAAAAAAAAAA-1|GGTCAAAAAAAAAAAA-1,paracrine,low,1.77,reviewed
TGTCAAAAAAAAAAAA-1|TCCGAAAAAAAAAAAA-1,paracrine,mid,60.2,unreviewed
TGTCAAAAAAAAAAAA-1|TGTCAAAAAAAAAAAA-1,autocrine,high,90.16,reviewed
TGTCAAAAAAAAAAAA-1|TTCCAAAAAAAAAAAA-1,paracrine,mid,48.63,unreviewed
TGTCCAAAAAAAAAAA-1|AAGCCAAAAAAAAAAA-1,paracrine,mid,51.52,unreviewed
TGTCCAAAAAAAAAAA-1|AGCGCAAAAAAAAAAA-1,paracrine,low,15.68,unreviewed
TGTCCAAAAAAAAAAA-1|ATTCCAAAAAAAAAAA-1,paracrine,low,2.86,unreviewed
TGTCCAAAAAAAAAAA-1|GGTCCAAAAAAAAAAA-1,paracrine,high,67.39,unreviewed
TGTCCAAAAAAAAAAA-1|TCCGCAAAAAAAAAAA-1,paracrine,mid,64.34,reviewed
TGTCCAAAAAAAAAAA-1|TGTCCAAAAAAAAAAA-1,autocrine,mid,46.04,unreviewed
TGTCCAAAAAAAAAAA-1|TTCCCAAAAAAAAAAA-1,paracrine,high,86.18,reviewed
TGTGAAAAAAAAAAAA-1|ATTGAAAAAAAAAAAA-1,paracrine,high,76.37,unreviewed
TGTGAAAAAAAAAAAA-1|GCCTAAAAAAAAAAAA-1,paracrine,mid,65.35,unreviewed
TGTGAAAAAAAAAAAA-1|GGTGAAAAAAAAAAAA-1,paracrine,mid,55.85,reviewed
TGTGAAAAAAAAAAAA-1|GTCGAAAAAAAAAAAA-1,paracrine,mid,57.25,reviewed
TGTGAAAAAAAAAAAA-1|TCCTAAAAAAAAAAAA-1,paracrine,mid,41.81,reviewed
TGTGAAAAAAAAAAAA-1|TGTGAAAAAAAAAAAA-1,autocrine,mid,34.1,unreviewed
TGTGAAAAAAAAAAAA-1|TTCGAAAAAAAAAAAA-1,paracrine,high,86.36,reviewed
TTAACAAAAAAAAAAA-1|AACACAAAAAAAAAAA-1,paracrine,high,84.65,reviewed
TTAACAAAAAAAAAAA-1|ACTTAAAAAAAAAAAA-1,paracrine,mid,51.61,unreviewed
TTAACAAAAAAAAAAA-1|ATGACAAAAAAAAAAA-1,paracrine,high,81.36,reviewed
TTAACAAAAAAAAAAA-1|GTAACAAAAAAAAAAA-1,paracrine,mid,61.94,unreviewed
TTAACAAAAAAAAAAA-1|TATTAAAAAAAAAAAA-1,paracrine,high,96.32,reviewed
TTAACAAAAAAAAAAA-1|TGGACAAAAAAAAAAA-1,paracrine,mid,33.8,reviewed
TTAACAAAAAAAAAAA-1|TTAACAAAAAAAAAAA-1,autocrine,mid,46.83,unreviewed
TTAGCAAAAAAAAAAA-1|AACGCAAAAAAAAAAA-1,paracrine,high,93.48,unreviewed
TTAGCAAAAAAAAAAA-1|GATCCAAAAAAAAAAA-1,paracrine,high,99.39,reviewed
TTAGCAAAAAAAAAAA-1|GGGGCAAAAAAAAAAA-1,paracrine,high,94.64,unreviewed
TTAGCAAAAAAAAAAA-1|GTAGCAAAAAAAAAAA-1,paracrine,high,99.88,unreviewed
TTAGCAAAAAAAAAAA-1|TATCCAAAAAAAAAAA-1,paracrine,high,99.82,unreviewed
TTAGCAAAAAAAAAAA-1|TGGGCAAAAAAAAAAA-1,paracrine,high,98.23,unreviewed
TTAGCAAAAAAAAAAA-1|TTAGCAAAAAAAAAAA-1,autocrine,high,91.93,reviewed
TTATAAAAAAAAAAAA-1|AACTAAAAAAAAAAAA-1,paracrine,mid,55.09,unreviewed
TTATAAAAAAAAAAAA-1|ACTGAAAAAAAAAAAA-1,paracrine,high,71.56,unreviewed
TTATAAAAAAAAAAAA-1|ATGTAAAAAAAAAAAA-1,paracrine,high,90.5,unreviewed
TTATAAAAAAAAAAAA-1|GTATAAAAAAAAAAAA-1,paracrine,low,1.4,unreviewed
TTATAAAAAAAAAAAA-1|TATGAAAAAAAAAAAA-1,paracrine,high,79.69,unreviewed
TTATAAAAAAAAAAAA-1|TGGTAAAAAAAAAAAA-1,paracrine,mid,47.35,reviewed
TTATAAAAAAAAAAAA-1|TTATAAAAAAAAAAAA-1,autocrine,mid,44.43,unreviewed
TTATCAAAAAAAAAAA-1|AACTCAAAAAAAAAAA-1,paracrine,low,22.53,reviewed
TTATCAAAAAAAAAAA-1|GATGCAAAAAAAAAAA-1,paracrine,high,77.22,unreviewed
TTATCAAAAAAAAAAA-1|GGGTCAAAAAAAAAAA-1,paracrine,mid,43.88,unreviewed
TTATCAAAAAAAAAAA-1|GTATCAAAAAAAAAAA-1,paracrine,mid,55.66,unreviewed
TTATCAAAAAAAAAAA-1|TATGCAAAAAAAAAAA-1,paracrine,high,81.85,unreviewed
TTATCAAAAAAAAAAA-1|TGGTCAAAAAAAAAAA-1,paracrine,low,7.61,unreviewed
TTATCAAAAAAAAAAA-1|TTATCAAAAAAAAAAA-1,autocrine,low,30.21,reviewed
TTCACAAAAAAAAAAA-1|AAGACAAAAAAAAAAA-1,paracrine,mid,64.16,unreviewed
TTCACAAAAAAAAAAA-1|GAAACAAAAAAAAAAA-1,paracrine,mid,54.93,reviewed
TTCACAAAAAAAAAAA-1|GGTACAAAAAAAAAAA-1,paracrine,high,87.82,unreviewed
TTCACAAAAAAAAAAA-1|GTCACAAAAAAAAAAA-1,paracrine,mid,48.42,unreviewed
TTCACAAAAAAAAAAA-1|TAAACAAAAAAAAAAA-1,paracrine,high,73.87,unreviewed
TTCACAAAAAAAAAAA-1|TGTACAAAAAAAAAAA-1,paracrine,mid,50.37,unreviewed
TTCACAAAAAAAAAAA-1|TTCACAAAAAAAAAAA-1,autocrine,high,94.7,reviewed
TTCCAAAAAAAAAAAA-1|AAGCAAAAAAAAAAAA-1,paracrine,low,21.74,unreviewed
TTCCAAAAAAAAAAAA-1|ATTCAAAAAAAAAAAA-1,paracrine,low,24.12,unreviewed
TTCCAAAAAAAAAAAA-1|TGTCAAAAAAAAAAAA-1,paracrine,mid,40.44,unreviewed
TTCCAAAAAAAAAAAA-1|TTCCAAAAAAAAAAAA-1,autocrine,low,9.56,reviewed
TTCCCAAAAAAAAAAA-1|AAGCCAAAAAAAAAAA-1,paracrine,mid,65.56,reviewed
TTCCCAAAAAAAAAAA-1|GAACCAAAAAAAAAAA-1,paracrine,mid,47.87,reviewed
TTCCCAAAAAAAAAAA-1|GGTCCAAAAAAAAAAA-1,paracrine,high,85.38,reviewed
TTCCCAAAAAAAAAAA-1|GTCCCAAAAAAAAAAA-1,paracrine,high,77.95,unreviewed
TTCCCAAAAAAAAAAA-1|TAACCAAAAAAAAAAA-1,paracrine,mid,51.04,unreviewed
TTCCCAAAAAAAAAAA-1|TGTCCAAAAAAAAAAA-1,paracrine,mid,50.76,reviewed
TTCCCAAAAAAAAAAA-1|TTCCCAAAAAAAAAAA-1,autocrine,high,95.89,unreviewed
TTCGAAAAAAAAAAAA-1|AAGGAAAAAAAAAAAA-1,paracrine,low,30.48,unreviewed
TTCGAAAAAAAAAAAA-1|ATTGAAAAAAAAAAAA-1,paracrine,high,78.38,unreviewed
TTCGAAAAAAAAAAAA-1|GTCGAAAAAAAAAAAA-1,paracrine,mid,58.86,reviewed
TTCGAAAAAAAAAAAA-1|TAAGAAAAAAAAAAAA-1,paracrine,low,17.05,reviewed
TTCGAAAAAAAAAAAA-1|TGTGAAAAAAAAAAAA-1,paracrine,mid,36.81,unreviewed
TTCGAAAAAAAAAAAA-1|TTCGAAAAAAAAAAAA-1,autocrine,high,86.57,unreviewed
TTGACAAAAAAAAAAA-1|GACACAAAAAAAAAAA-1,paracrine,low,23.36,unreviewed
TTGACAAAAAAAAAAA-1|GGACCAAAAAAAAAAA-1,paracrine,mid,59.81,unreviewed
TTGACAAAAAAAAAAA-1|GTGACAAAAAAAAAAA-1,paracrine,low,14.56,unreviewed
TTGACAAAAAAAAAAA-1|TACACAAAAAAAAAAA-1,paracrine,low,15.04,reviewed
TTGACAAAAAAAAAAA-1|TGACCAAAAAAAAAAA-1,paracrine,low,10.57,unreviewed
TTGACAAAAAAAAAAA-1|TTGACAAAAAAAAAAA-1,autocrine,low,14.19,reviewed
TTGGAAAAAAAAAAAA-1|AATGAAAAAAAAAAAA-1,paracrine,mid,53.14,reviewed
TTGGAAAAAAAAAAAA-1|GGATAAAAAAAAAAAA-1,paracrine,mid,59.5,reviewed
TTGGAAAAAAAAAAAA-1|GTGGAAAAAAAAAAAA-1,paracrine,mid,57.7,reviewed
TTGGAAAAAAAAAAAA-1|TACGAAAAAAAAAAAA-1,paracrine,low,26.67,unreviewed
TTGGAAAAAAAAAAAA-1|TGATAAAAAAAAAAAA-1,paracrine,high,67.39,reviewed
TTGGAAAAAAAAAAAA-1|TTGGAAAAAAAAAAAA-1,autocrine,mid,42.39,unreviewed
TTGGCAAAAAAAAAAA-1|AATGCAAAAAAAAAAA-1,paracrine,high,83.43,unreviewed
TTGGCAAAAAAAAAAA-1|ACCGCAAAAAAAAAAA-1,paracrine,mid,55.66,reviewed
TTGGCAAAAAAAAAAA-1|ATATCAAAAAAAAAAA-1,paracrine,mid,40.13,unreviewed
TTGGCAAAAAAAAAAA-1|GTGGCAAAAAAAAAAA-1,paracrine,low,0.24,reviewed
TTGGCAAAAAAAAAAA-1|TACGCAAAAAAAAAAA-1,paracrine,high,69.15,reviewed
TTGGCAAAAAAAAAAA-1|TGATCAAAAAAAAAAA-1,paracrine,high,77.44,reviewed
TTGGCAAAAAAAAAAA-1|TTGGCAAAAAAAAAAA-1,autocrine,high,79.02,unreviewed
TTGTAAAAAAAAAAAA-1|AATTAAAAAAAAAAAA-1,paracrine,high,76.16,unreviewed
TTGTAAAAAAAAAAAA-1|GACTAAAAAAAAAAAA-1,paracrine,high,92.36,reviewed
TTGTAAAAAAAAAAAA-1|GGAACAAAAAAAAAAA-1,paracrine,mid,61.45,reviewed
TTGTAAAAAAAAAAAA-1|GTGTAAAAAAAAAAAA-1,paracrine,mid,58.01,reviewed
TTGTAAAAAAAAAAAA-1|TACTAAAAAAAAAAAA-1,paracrine,mid,58.13,reviewed
TTGTAAAAAAAAAAAA-1|TGAACAAAAAAAAAAA-1,paracrine,high,86.27,unreviewed
TTGTAAAAAAAAAAAA-1|TTGTAAAAAAAAAAAA-1,autocrine,high,72.66,unreviewed
TTGTCAAAAAAAAAAA-1|ACCTCAAAAAAAAAAA-1,paracrine,high,85.69,unreviewed
TTGTCAAAAAAAAAAA-1|GTGTCAAAAAAAAAAA-1,paracrine,high,70.68,unreviewed
TTGTCAAAAAAAAAAA-1|TACTCAAAAAAAAAAA-1,paracrine,high,75.21,reviewed
TTGTCAAAAAAAAAAA-1|TTGTCAAAAAAAAAAA-1,autocrine,mid,63.79,unreviewed
TTTACAAAAAAAAAAA-1|AAACCAAAAAAAAAAA-1,paracrine,mid,51.28,unreviewed
TTTACAAAAAAAAAAA-1|ACGACAAAAAAAAAAA-1,paracrine,low,31.18,unreviewed
TTTACAAAAAAAAAAA-1|ATCCCAAAAAAAAAAA-1,paracrine,high,76.55,reviewed
TTTACAAAAAAAAAAA-1|GTTACAAAAAAAAAAA-1,paracrine,low,0.18,unreviewed
TTTACAAAAAAAAAAA-1|TAGACAAAAAAAAAAA-1,paracrine,mid,35.75,reviewed
TTTACAAAAAAAAAAA-1|TGCCCAAAAAAAAAAA-1,paracrine,mid,45.49,reviewed
TTTACAAAAAAAAAAA-1|TTTACAAAAAAAAAAA-1,autocrine,mid,36.66,unreviewed
TTTCAAAAAAAAAAAA-1|AAAGAAAAAAAAAAAA-1,paracrine,high,95.49,unreviewed
TTTCAAAAAAAAAAAA-1|GAGCAAAAAAAAAAAA-1,paracrine,mid,58.95,unreviewed
TTTCAAAAAAAAAAAA-1|GGCGAAAAAAAAAAAA-1,paracrine,mid,33.56,reviewed
TTTCAAAAAAAAAAAA-1|GTTCAAAAAAAAAAAA-1,paracrine,mid,53.29,reviewed
TTTCAAAAAAAAAAAA-1|TAGCAAAAAAAAAAAA-1,paracrine,mid,46.65,unreviewed
TTTCAAAAAAAAAAAA-1|TGCGAAAAAAAAAAAA-1,paracrine,high,92.54,reviewed
TTTCAAAAAAAAAAAA-1|TTTCAAAAAAAAAAAA-1,autocrine,mid,64.34,reviewed
TTTCCAAAAAAAAAAA-1|AAAGCAAAAAAAAAAA-1,paracrine,high,68.15,unreviewed
TTTCCAAAAAAAAAAA-1|ACGCCAAAAAAAAAAA-1,paracrine,mid,43.64,unreviewed
TTTCCAAAAAAAAAAA-1|ATCGCAAAAAAAAAAA-1,paracrine,high,87.36,unreviewed
TTTCCAAAAAAAAAAA-1|GTTCCAAAAAAAAAAA-1,paracrine,mid,62.18,reviewed
TTTCCAAAAAAAAAAA-1|TAGCCAAAAAAAAAAA-1,paracrine,high,83.5,unreviewed
TTTCCAAAAAAAAAAA-1|TGCGCAAAAAAAAAAA-1,paracrine,high,77.74,reviewed
TTTCCAAAAAAAAAAA-1|TTTCCAAAAAAAAAAA-1,autocrine,mid,49.48,unreviewed
